frame,ball_x,5_x,9_x,11_x,14_x,27_x,66_x,20703_x,20704_x,ball_y,5_y,9_y,11_y,14_y,27_y,66_y,20703_y,20704_y,11_vx,11_vy,14_vx,14_vy,20703_vx,20703_vy,20704_vx,20704_vy,27_vx,27_vy,5_vx,5_vy,66_vx,66_vy,9_vx,9_vy,Time [s]
0,-35.08650842304128,-28.61596232823763,-27.49998338691686,-30.14764362587881,-35.08650842304128,-23.968754604735366,-17.8108843537415,-10.600000000000001,-5.55238095238094,29.516158835272563,0.03307170888912736,-14.72402601341236,18.40845477145373,29.516158835272563,-9.447581937823239,20.999999999999986,-15.999999999999996,6.857142857142862,,,,,,,,,,,,,,,,,0.0
1,-35.109860063449695,-28.871219221291735,-27.81424772916463,-30.766797787029414,-35.109860063449695,-24.298713936431646,-17.805090723405886,-10.853278103873865,-5.805659056254813,29.355207505142687,0.052885516662859684,-14.547801163926879,18.385174822088075,29.355207505142687,-9.367656062897687,21.000933025977197,-15.848520037554982,6.847675359490044,,,,,,,,,,,,,,,,,0.05
2,-35.128241764700554,-29.121039527622887,-28.118680248963454,-31.35121043115413,-35.128241764700554,-24.617749765961705,-17.800966040080503,-11.10141711198489,-6.053798064365823,29.210069745679363,0.07310568710889384,-14.378923394891958,18.35257096184469,29.210069745679363,-9.290379950064487,21.00159727903917,-15.70011365320948,6.83839996046845,,,,,,,,,,,,,,,,,0.1
3,-35.14180126584999,-29.36543539744745,-28.413485713669346,-31.901869579229597,-35.14180126584999,-24.926072250022315,-17.79836725116451,-11.344466597604118,-6.296847549985051,29.07958887941824,0.09370321040474863,-14.21723464461811,18.3112632068028,29.07958887941824,-9.21570680959504,21.002015796864345,-15.55475119830014,6.829314807036617,,,,,,,,,,,,,,,,,0.15000000000000002
4,-35.15068630595421,-29.604418980981837,-28.698868890638334,-32.41976325223247,-35.15068630595421,-25.223891545310362,-17.79715130405705,-11.582476134002562,-6.534857086383478,28.96260822889505,0.11464907672800564,-14.062576851415828,18.261871573041688,28.96260822889505,-9.143589851760773,21.002211617131177,-15.412403024163668,6.820418046153075,,,-0.1836103643303285,-2.385880109035564,-4.762173658809812,2.848149429263168,-4.7621736588097505,-0.17800933932898638,-5.964792173634124,1.4442107458284372,-4.780157679342126,0.41775693356713395,0.030041046184743028,0.004837912474450994,-5.715854233620396,3.0994783316249492,0.2
5,-35.15504462406932,-29.83800242844237,-28.97503454722642,-32.9058794711394,-35.15504462406932,-25.51141780852265,-17.797175146157194,-11.815495294451235,-6.767876246832176,28.857971116645487,0.13591427625621263,-13.914791953595667,18.2050160766406,28.857971116645487,-9.073982286833093,21.002207777518088,-15.273039482136683,6.8117078247764,-9.761845217204623,-1.112309284851796,-0.09307592454845802,-2.1390093435628286,-4.662366139814661,2.7884567870732107,-4.662366139814554,-0.1742785491920554,-5.758931532119189,1.3940228876962326,-4.6721549578652795,0.4241435976659821,0.005245262032269287,0.0008447148765355901,-5.531503826002557,2.9620204239830317,0.25
6,-35.1550239592515,-30.066197890045405,-29.242187450789643,-33.361206256927055,-35.1550239592515,-25.788861196356034,-17.798295724864076,-12.043573652221191,-6.995954604602109,28.764520865205284,0.1574697991668884,-13.773721889468083,18.14131673367876,28.764520865205284,-9.006837325083474,21.00202731570355,-15.136630923555876,6.803182289865087,-9.146056554818703,-1.2491862160663405,-0.005496265889714115,-1.9152721273761333,-4.563550086240003,2.729357118149938,-4.563550086239957,-0.17058481988439206,-5.557274024540806,1.3447708241356486,-4.5643952407159105,0.4299500653158548,-0.01668947010266209,-0.002687729152443451,-5.351248765505048,2.8277237501309465,0.30000000000000004
7,-35.150772050556895,-30.289017516007373,-29.500532368684,-33.78673163057203,-35.150772050556895,-26.05643186550731,-17.80036998757684,-12.266760780583436,-7.219141732964353,28.681100797110116,0.17928663563762426,-13.639208597343627,18.071393560235464,28.681100797110116,-8.942108176783286,21.001693269366044,-15.003147699757887,6.794839588377717,-8.550028311965798,-1.3736628256957724,0.07912861164590321,-1.7146684604752442,-4.465725498085804,2.6708504224934413,-4.465725498085715,-0.16692815140584166,-5.359819650899097,1.2964545551465787,-4.456878527893846,0.4351763365167658,-0.03576315021996988,-0.005759419612455677,-5.17508905212788,2.696588310068526,0.35000000000000003
8,-35.142436637041655,-30.506473456544583,-29.750274068265526,-34.18344361305103,-35.142436637041655,-26.314339972673363,-17.803254881694592,-12.485106252808997,-7.437487205189907,28.606554234895697,0.2013357758459534,-13.511094015532818,17.995866572389946,28.606554234895697,-8.879748052204006,21.001228676183985,-14.872560162079358,6.786677867272824,-7.973760488645818,-1.4857391137401925,0.16079870805847507,-1.5371983428602827,-4.368892375352087,2.61293670010375,-4.368892375352069,-0.16330854375647263,-5.166568411194023,1.2490740807289162,-4.349604819399094,0.4398224112686737,-0.05197577831958304,-0.008370356503379282,-5.003024685871031,2.5686141037957504,0.4
9,-35.130165457761954,-30.718577861873456,-29.99161731689022,-34.552330225340675,-35.130165457761954,-26.562795674550987,-17.806807354616435,-12.698659642168892,-7.651040594549809,28.539724501097716,0.22358820996944304,-13.389220082346126,17.915355786221472,28.539724501097716,-8.81971016161701,21.000656573835816,-14.744838661857,6.778695273508912,-7.417253084858845,-1.5854150801994793,0.23951402334794064,-1.3828617745312497,-4.273050718038838,2.5556159509808847,-4.27305071803884,-0.15972599693631545,-4.977520305425631,1.2026294008826506,-4.242574115231748,0.4438882895716062,-0.06532735440171472,-0.010520539825305618,-4.835055666734564,2.443801131312928,0.45
10,-35.114106251773926,-30.925342882210295,-30.224766881914103,-34.89437948841763,-35.114106251773926,-26.802009127837,-17.8108843537415,-12.90747052193415,-7.859851474315051,28.479454918251903,0.24601492818561665,-13.273428736094125,17.83048121780928,28.479454918251903,-8.761947715293738,20.999999999999986,-14.619953550427436,6.770889954044573,-6.880506100604738,-1.6726907250737255,0.31527455751432043,-1.2516587554882566,-4.178200526146146,2.498888175124796,-4.1782005261461235,-0.15618051094528393,-4.792675333593845,1.1571205156080617,-4.13578641539185,0.44737397142561863,-0.07581787846627361,-0.012209969578265145,-4.67118199471843,2.322149392619681,0.5
11,-35.09440675813374,-31.12678066777152,-30.449927530693195,-35.21057942325851,-35.09440675813374,-27.03219048922827,-17.815342826468903,-13.111588465375792,-8.063969417756702,28.42458880889395,0.2685869206720415,-13.163561915087316,17.74186288323262,28.42458880889395,-8.706413923505652,20.999281992354994,-14.497875179127355,6.76326005583831,-6.363519535883718,-1.7475660483629083,0.3880803105575937,-1.1435892857311203,-4.084341799673885,2.4427533725354973,-4.084341799673905,-0.1526720857834286,-4.6120334956987605,1.1125474249048088,-4.029241719879225,0.4502794568306414,-0.08344735051313786,-0.013438645762288304,-4.511403669822604,2.2036588877162138,0.55
12,-35.07121471589754,-31.32290336877348,-30.66730403058352,-35.50191805084,-35.07121471589754,-27.253549915421623,-17.820039720197794,-13.31106304576483,-8.263443998145771,28.37396949555955,0.29127517760627486,-13.059461557636142,17.650120798570782,28.37396949555955,-8.653061996524166,20.99852558857923,-14.378573899293373,6.75580372584869,-5.866293390695583,-1.81004105006703,0.45793128247772025,-1.0586533652599124,-3.9914745386220374,2.3872115432129655,-3.9914745386220982,-0.14920072145083096,-4.435594791740292,1.068910128773182,-3.9229400286940166,0.45260474578667537,-0.08821577054240899,-0.014206568377273599,-4.355720692047211,2.088329616602483,0.6000000000000001
13,-35.04467786412149,-31.513723135432553,-30.877101148941094,-35.769383392138714,-35.04467786412149,-27.46629756311388,-17.82483198232727,-13.505943836372342,-8.458324788753252,28.326440300784395,0.31405068916585493,-12.960969602051195,17.555874979902956,28.326440300784395,-8.601845144620652,20.997753826351158,-14.262020062262197,6.748519111034238,-5.388827665040431,-1.860115730186038,0.5248274732748215,-0.9968509940746016,-3.8995987429907735,2.3322626871572028,-3.8995987429907735,-0.14576641794733086,-4.263359221718465,1.0262086272129671,-3.816881341836132,0.454349838293706,-0.09012313855411741,-0.014513737423281926,-4.204133061392109,1.976161579278473,0.65
14,-35.01494394186174,-31.699252117965102,-31.07952365312191,-36.01396346813133,-35.01494394186174,-27.670643589001877,-17.829576560256438,-13.696280410469296,-8.64866136285022,28.280844547104223,0.3368844455283488,-12.867927986642952,17.459745443308446,28.280844547104223,-8.552716578066603,20.996989743349243,-14.148184019370463,6.741404358353517,-4.931122358918266,-1.897790088719984,0.5887688829488166,-0.9581821721753513,-3.808714412779952,2.277906804368236,-3.8087144127800414,-0.1423691752730122,-4.0953267856333735,0.9844429202242108,-3.7110656593056426,0.45551473435184386,-0.0891694545482835,-0.014360152900232081,-4.056640777857367,1.8671547757442646,0.7000000000000001
15,-34.98216068817445,-31.87950246658749,-31.27477631048205,-36.23664629979449,-34.98216068817445,-27.866798149782465,-17.834130401384435,-13.88212234132671,-8.834503293707641,28.236025557054727,0.3597474368712898,-12.780178649721949,17.362352204866486,28.236025557054727,-8.505629507133392,20.99625637725194,-14.03703612195482,6.7344576147650335,-4.493177472329047,-1.9230641256689194,0.6497555114997056,-0.9426468995619177,-3.7188215479896365,2.224143894846056,-3.718821547989642,-0.13900899342787754,-3.931497483484918,0.9436130078070195,-3.6054929811025507,0.45609943396099273,-0.08535471852482603,-0.013745814808296637,-3.9132438414430175,1.7613092059998694,0.75
16,-34.94647584211577,-32.0544863315161,-31.46306388837746,-36.43841990810483,-34.94647584211577,-28.05497140215245,-17.838350453110376,-14.063519202215662,-9.01590015459658,28.190826653171605,0.38261065337224015,-12.69756352959866,17.26431528065636,28.190826653171605,-8.460537142092472,20.995576765737667,-13.92854672135198,6.7276770272273465,-4.074993005272794,-1.9359378410327412,0.7077873589274677,-0.9502451762343713,-3.6299201486198385,2.1709739585906767,-3.6299201486197927,-0.13568587241193442,-3.7718713152730237,0.9037188899613824,-3.500163307226854,0.4561039371211247,-0.07867893048380585,-0.012670723147323317,-3.773942252148988,1.658624870045128,0.8
17,-34.90803714274184,-32.22421586296727,-31.644591154164182,-36.62027231403902,-34.90803714274184,-28.23537350280868,-17.8420936628334,-14.240520566407133,-9.192901518788066,28.14409115799053,0.40544508520876205,-12.619924564583632,17.166254686757284,28.14409115799053,-8.417392693215264,20.994973946484905,-13.822686168898553,6.721060742699018,-3.6765689577495664,-1.9364112348114404,0.7628644252322049,-0.9809770021927531,-3.542010214670453,2.118396995602154,-3.542010214670453,-0.13239981222517525,-3.6164482809978638,0.8647605666870867,-3.395076637678461,0.45552824383230883,-0.06914209042511132,-0.011134877917332427,-3.6387360099753,1.5591017678801016,0.8500000000000001
18,-34.86699232910885,-32.38870321115741,-31.81956287519825,-36.783191538573675,-34.86699232910885,-28.40821460844799,-17.845216977952592,-14.413176007172165,-9.365556959553077,28.09466239404728,0.4282217225583889,-12.547103692987362,17.0687904392485,28.09466239404728,-8.376149370773195,20.99447095717209,-13.719424815931236,6.714606908138553,-3.297905329759264,-1.9244843070051079,0.8149867104137748,-1.0348423774371034,-3.455091746141541,2.0664130058803365,-3.4550917461415356,-0.12915081286755686,-3.4652283806593482,0.8267380379842898,-3.2902329724574844,0.4543723540945036,-0.05674419834891508,-0.009138279118344275,-3.507625114921982,1.4627398995047765,0.9
19,-34.823489140272926,-32.54796052630288,-31.988183818835665,-36.928165602685475,-34.823489140272926,-28.57370487576718,-17.847577345867126,-14.581535097781773,-9.533916050162698,28.04138368387752,0.45091155559866847,-12.478942853120348,16.972542554209323,28.04138368387752,-8.336760385037682,20.994090835477667,-13.618733013786636,6.708313670504513,-2.939002121301906,-1.9001570576136924,0.8641542144723194,-1.1118413019674325,-3.3691647430332075,2.0150219894252475,-3.369164743033147,-0.12593887433907924,-3.318211614257435,0.7896513038530423,-3.185632311563851,0.4526362679077642,-0.041485254255054616,-0.0066809267504096045,-3.380609566988934,1.3695392649193034,0.9500000000000001
20,-34.77767531529022,-32.701999958620014,-32.15065875243245,-37.05618252735106,-34.77767531529022,-28.732054461463132,-17.84903171397606,-14.745647411507,-9.69802836388791,27.98309835001693,0.473485574507163,-12.41528398329316,16.878131047718952,27.98309835001693,-8.299178946280172,20.99385661908009,-13.520581113801443,6.702179176755426,-2.5998593323775556,-1.8634294866372356,0.9103669374077581,-1.211973775783649,-3.284229205345242,1.9642239462370723,-3.2842292053452216,-0.1227639966398262,-3.1753979817921962,0.7535003642932531,-3.0812746549975945,0.450319985272077,-0.02336525814370256,-0.0037628208134167715,-3.25768936617636,1.2794998641234754,1.0
21,-34.729698593216916,-32.85083365832522,-32.307192443344604,-37.16823033354707,-34.729698593216916,-28.88347352223265,-17.84943702967856,-14.905562521618835,-9.857943473999757,27.918649715001237,0.49591476946142504,-12.35596902181628,16.786175935856658,27.918649715001237,-8.263358264772101,20.993791345657822,-13.424939467312345,6.696201573849872,-2.28047696298613,-1.814301594075727,0.9536248792200498,-1.3352397988857025,-3.200285133077826,1.9140188763156623,-3.200285133077755,-0.1196261797697089,-3.0367874832636024,0.7182852193049019,-2.9771600027587337,0.44742350618738713,-0.002384210014655887,-0.00038396130746727423,-3.1388645124840955,1.1926216971174037,1.05
22,-34.67970671310914,-32.99447377563484,-32.45798965892818,-37.265297042250154,-34.67970671310914,-29.028172214772567,-17.848650240373704,-15.061330001388333,-10.013710953769243,27.846881101366126,0.5181701306390073,-12.300839907000192,16.697297234701693,27.846881101366126,-8.229251550784827,20.993918052889295,-13.331778425655983,6.690379008746356,-1.98085501312769,-1.7527733799290244,0.9939280399092761,-1.4816393712738474,-3.1173325262308533,1.864406779661069,-3.117332526230808,-0.11652542372881872,-2.902380118671632,0.6840058688881001,-2.873288354847208,0.4439468306536665,0.02145789013187234,0.0034556517674389,-3.0241350059121426,1.1089047639011187,1.1
23,-34.62784741402305,-33.13293246076526,-32.603255166539185,-37.34837067443697,-34.62784741402305,-29.16636069577972,-17.846528293460672,-15.212999424086497,-10.165380376467407,27.766635831647328,0.5402226482174671,-12.249738577155444,16.612114960333326,27.766635831647328,-8.196812014589833,20.99425977845297,-13.241068340169004,6.684709628403407,-1.7009934828022366,-1.678844844197351,1.0312764194754365,-1.6511724929478686,-3.0353713848043844,1.815387656273155,-3.0353713848043387,-0.11346172851705409,-2.772175888016416,0.6506623130427464,-2.7696597112630177,0.4398899586710806,0.048161042296135714,0.007756018411382929,-2.913500846460571,1.0283490644745086,1.1500000000000001
24,-34.57426843501482,-33.26622186393283,-32.743193733533616,-37.418439251084166,-34.57426843501482,-29.298249121950942,-17.84292813633853,-15.360620362984372,-10.31300131536528,27.676757228380534,0.5620433123743476,-12.202506970592541,16.53124912883078,27.676757228380534,-8.165992866458549,20.99483956002729,-13.152779562188071,6.67919157977962,-1.4408923720096665,-1.592515986880574,1.0656700179184293,-1.8438391639077973,-2.954401708798382,1.7669615061520814,-2.9544017087983567,-0.11043509413446828,-2.646174791297792,0.6182545517689721,-2.666274072006322,0.4352528902395054,0.07772524647791101,0.012517138624324225,-2.806962034129338,0.9509545988376744,1.2000000000000002
25,-34.5191175151406,-33.394354135353936,-32.8780101272675,-37.47649079316837,-34.5191175151406,-29.424047649983063,-17.837706716406437,-15.504242391352964,-10.45662334373386,27.576088614101433,0.5836031132871722,-12.15898702562197,16.45531975627334,27.576088614101433,-8.13674731666236,20.995680435290694,-13.066882443049861,6.673823009833466,-1.200551680750164,-1.4937868079787462,1.0971088352384175,-2.059639384153675,-2.874423498212854,1.7191283292977944,-2.8744234982128436,-0.10744552058108676,-2.5243768285158033,0.586782585066687,-2.563131437076881,0.4300356253588996,0.11015050267730987,0.01773901240618158,-2.704518568918509,0.876721366990658,1.25
26,-34.46254239345652,-33.517341425244936,-33.007909115096865,-37.52351332166626,-34.46254239345652,-29.543966436572926,-17.83072098106348,-15.643915082463307,-10.596296034844217,27.463473311345766,0.6048730411335467,-12.11902068055427,16.38494685874025,27.463473311345766,-8.10902857547272,20.99680544192165,-12.983347334091032,6.668602065523544,-0.9796680518188539,-1.3831034848657706,1.1256931477934575,-2.2976023595942396,-2.795436753047759,1.6718881257103486,-2.79543675304781,-0.10449300785693741,-2.406826915136456,0.5562526870454778,-2.460231806474877,0.4242381640293601,0.14521298709693392,0.02338559440992021,-2.60617045082798,0.8056493689332758,1.3
27,-34.40469080901877,-33.63519588382223,-33.13309546437772,-37.560494857554446,-34.40469080901877,-29.65821563841736,-17.82182787770879,-15.779688009586435,-10.732068961967336,27.3377546426492,0.6258240860909899,-12.082449873699973,16.32075045231075,27.3377546426492,-8.082789853161032,20.998237617598605,-12.902144586648214,6.6635268938083625,-0.7767246991920932,-1.2626969044118197,1.1519243373747254,-2.5528741197736555,-2.7174414733032397,1.6252408953896647,-2.717441473303301,-0.10157755596181471,-2.293749628489833,0.5266962282541601,-2.3575751802001887,0.417860506250831,0.18179358075048171,0.029276657899148177,-2.5119176798577527,0.7377386046656503,1.35
28,-34.34571050088347,-33.74792966130213,-33.25377394246608,-37.58842342180963,-34.34571050088347,-29.76700541221318,-17.8108843537415,-15.911610745993334,-10.863991698374253,27.19777593054745,0.64642723833704,-12.04911654336955,16.263350553064097,27.19777593054745,-8.05798435999876,20.999999999999986,-12.823244552058117,6.6585956416464915,-0.5899014796414653,-1.1352441308606644,1.176404062131574,-2.8196299001447764,-2.6404376589791827,1.5791866383356639,-2.6404376589792284,-0.09869916489601802,-2.1854144613718782,0.4981508533508693,-2.2551615582528948,0.410902652023285,0.21854934085407005,0.035195930790540134,-2.4217602560079254,0.6729890741877248,1.4000000000000001
29,-33.35657357958122,-33.855554907901045,-33.37014931671797,-37.60818086038675,-34.28571411138143,-29.870561635070327,-17.797825694889777,-16.03973286495505,-10.992113817335976,26.827016120416488,0.6666534880492834,-12.018862627873546,16.213211014998674,27.04272027550814,-8.03456311031891,21.002103010932768,-12.746617581657361,6.653806455996428,-0.41737824993865436,-1.00342222845636,1.199733980213275,-3.0920449361603826,-2.564425310075587,1.5337253545485647,-2.564425310075668,-0.09585783465928846,-2.0820909065786295,0.4706542069938355,-2.1529909406329946,0.40336460134688773,0.2541373246239382,0.040927141000831765,-2.3356981792784577,0.6114007774996413,1.4500000000000002
30,-32.39696313354173,-33.95808377383533,-33.4824263544894,-37.620224319154204,-34.2246738959419,-29.96917306575116,-17.782900540198003,-16.16410393974263,-11.116484892123562,26.46732376730435,0.6864738254052579,-11.991530065522467,16.17017104378919,26.87312988972655,-8.012468334700877,21.004506608717673,-12.672234026782622,6.649157483816772,-0.25733486685514395,-0.8699082614428932,1.2225157497690624,-3.364294463273488,-2.4894044265924866,1.4888570440283335,-2.4894044265924555,-0.09305356525177085,-1.984048456906027,0.4442439338414923,-2.051063327340431,0.39524635422143223,0.28721458927626425,0.046254016446464354,-2.253731449669353,0.5529737146012385,1.5
31,-31.466879162765,-34.05552840932134,-33.59080982313639,-37.62490476895868,-34.16252701326877,-30.0631441834311,-17.766435867039604,-16.284773543627086,-11.23715449600801,26.118698871211066,0.7058592405824973,-11.966960794626837,16.133913683029547,26.689886763329863,-7.991640067785744,21.00715813580398,-12.600064238770589,6.644646872066014,-0.1079511871626592,-0.7373792940642685,1.245351028948371,-3.630553716936901,-2.4153750085298133,1.444581706774675,-2.4153750085298387,-0.09028635667342447,-1.891556605150199,0.4189576785518969,-1.9493787183752227,0.386547910647029,0.316438192027389,0.050960285044041584,-2.1758600671805484,0.497707885492541,1.55
32,-30.56632166725102,-34.147900964575484,-33.69550449001496,-37.622573180646896,-34.099210622065954,-30.152779467285583,-17.74875865278806,-16.40179124987942,-11.354172202260344,25.781141432136604,0.7247807237585829,-11.944996753497096,16.104121976313614,26.4938728864453,-7.972018344214518,21.010004934640985,-12.530078568957864,6.640272767702715,0.03259293236741972,-0.6085123905643083,1.2688414759004734,-3.8849979326035227,-2.342337055887717,1.4008993427879246,-2.342337055887742,-0.08755620892426465,-1.8048848441071137,0.39483308578353066,-1.8479371137374307,0.3772692706237058,0.3404651900935413,0.05482967471017732,-2.102084031812086,0.4456032901735645,1.6
33,-29.695290646999794,-34.23521358981409,-33.79671512248114,-37.61358052506556,-34.03466188103735,-30.238383396490036,-17.730195874816786,-16.515206631770678,-11.467587584151577,25.454651450080977,0.743209265111048,-11.925479880443836,16.080478967235237,26.285970249200044,-7.953543198628198,21.012994347677914,-12.462247368681115,6.636033317685424,0.16581427775855262,-0.4855384378131945,1.293488472416483,-4.122773139817348,-2.270290568666077,1.3578099520679188,-2.2702905686661072,-0.08486312200419735,-1.7242577511068398,0.37190152608493177,-1.7467385134269522,0.3674104341513652,0.3581764644881451,0.05768195870864192,-2.0324033435640243,0.3966599286444912,1.6500000000000001
34,-28.85378610201132,-34.317478435253555,-33.89464648789091,-37.598277773061376,-33.96881794888684,-30.32026045021993,-17.711074510499206,-16.62506926257187,-11.57745021495278,25.139228925044204,0.7611158548174501,-11.908252113777584,16.062667699388257,26.067060841721286,-7.936154665667868,21.01607371736402,-12.396540989277078,6.631926668972664,0.2920162062155336,-0.36890361318472925,1.3193922948545374,-4.3429085444874,-2.1992355468649034,1.3153135346148148,-2.199235546864944,-0.08220709591342053,-1.6497202416152839,0.3501692735656952,-1.6457829174439091,0.3569714012300356,0.36934819141398467,0.05948109169236,-1.966818002436322,0.35087780090507725,1.7000000000000002
35,-28.041808032285594,-34.39470765111023,-33.98950335360031,-37.57701589548103,-33.901615984318305,-30.39871510765067,-17.69172153720876,-16.731428715554035,-11.683809667934963,24.834873857026235,0.778471483055337,-11.893155391808802,16.05037121636659,25.83802665413622,-7.919792779974525,21.019190386148548,-12.332929782082344,6.627950968522999,0.4111987177383622,-0.25860791667905597,1.3465529432147194,-4.545404146613378,-2.1291719904841746,1.273410090428477,-2.129171990484154,-0.07958813065174397,-1.5812723156324482,0.3296363282259407,-1.5450703257882428,0.34595217185981314,0.37398037087096914,0.060227073661270725,-1.9053280084289619,0.30825690695542507,1.75
36,-27.259356437822625,-34.46691338760048,-34.08149048696538,-37.55014586317126,-33.83299314603566,-30.47405184795772,-17.672463932318927,-16.834334563988175,-11.786715516369114,24.541586246027123,0.7952471400022612,-11.880031652847974,16.043272561764056,25.59974967657207,-7.904397576189184,21.022291696480792,-12.27138409843359,6.6241043632949586,0.5233618123270792,-0.15465134829617402,1.3749704174970079,-4.730259946195472,-2.0600998995239594,1.232099619508854,-2.0600998995239697,-0.07700622621929955,-1.5189139731584431,0.31030269006561484,-1.4446007384598905,0.3343527460405328,0.3720730028593013,0.059919904615221786,-1.8479333615419025,0.26879724679536154,1.8
37,-26.506431318622408,-34.534107794940695,-34.17081265534211,-37.51801864697877,-33.76288659274281,-30.54657515031651,-17.65362867320311,-16.933836381145348,-11.886217333526293,24.259366092046832,0.8114138158357704,-11.86872283520569,16.041054779174534,25.35311189915596,-7.889909088952884,21.02532499081,-12.211874289667437,6.620385000247075,0.6285054899816855,-0.05703390803600221,1.404644717701404,-4.897475943233658,-1.9920192739842393,1.1913821218560072,-1.9920192739843203,-0.07446138261597317,-1.462645214193219,0.2921683590846465,-1.3443741554589554,0.32217312377233204,0.36362608737880886,0.05855958455435535,-1.7946340617752052,0.23249882042514058,1.85
38,-25.783032674684954,-34.596303023347225,-34.257674626086526,-37.48098521775025,-33.69123348314362,-30.616589493902456,-17.635542737234765,-17.029983740296547,-11.982364692677464,23.98821339508537,0.8269425007334319,-11.859070877192439,16.043400912191878,25.09899531201518,-7.876267352906665,21.028237611585425,-12.154370707120622,6.6167910263379035,0.7266297507021585,0.034244404101448994,1.4355758438279251,-5.047052137727963,-1.9249301138649597,1.1512575974699804,-1.924930113865071,-0.07195359984185347,-1.4124660387367118,0.2752333352831293,-1.244390576785333,0.3094133050550865,0.3486396244295113,0.056146113478711915,-1.745430109128887,0.19936162784469097,1.9000000000000001
39,-25.089160506010238,-34.653511223036446,-34.34228116655463,-37.43939654633242,-33.617970975942,-30.68439935789104,-17.618533101787303,-17.122826214712806,-12.075207167093733,23.72812815514276,0.8418041848727694,-11.850917717118719,16.049994004409953,24.838281905276883,-7.863412402691552,21.030976901256313,-12.098843702129765,6.61332058852596,0.8177345944884806,0.11918358811609922,1.4677637958764929,-5.1789885296782785,-1.8588324191661947,1.1117260463508059,-1.8588324191662502,-0.06948287789689238,-1.368376446788965,0.2594976186611549,-1.1446500024391268,0.29607328988894877,0.32711361401138905,0.05267949138820019,-1.7003215036029313,0.16938566905398736,1.9500000000000002
40,-24.42481481259829,-34.70574454422472,-34.42483704410246,-37.39360360357197,-33.54303622984186,-30.750309221457663,-17.602926744234203,-17.21241337766516,-12.164794330046089,23.47911037221897,0.8559698584313642,-11.844105293295037,16.060517099422636,24.571853669068265,-7.851284272948572,21.03349020227194,-12.045263626031513,6.609971833769833,0.9018200213406304,0.19778364400801884,1.501208573847229,-5.2932851190847146,-1.7937261898879346,1.072787468498347,-1.7937261898879449,-0.06704921678116095,-1.3303764383499992,0.244961209218495,-1.045152432420297,0.2821530782738356,0.29904805612455376,0.048159718282850664,-1.659308245197277,0.14257094405289802,2.0
41,-23.78999559444909,-34.75301513712842,-34.50554702608602,-37.34395736031562,-33.46636640354706,-30.81462356377778,-17.589050641948877,-17.298794802424606,-12.251175754805555,23.241160046314018,0.8694105115867304,-11.838475544031942,16.074653240823764,24.300592593516498,-7.839822998318772,21.03572485708157,-11.993600830162585,6.606742909028015,0.9788860312586878,0.2700445717772278,1.5359101777400492,-5.389941905947087,-1.7296114260301056,1.034441863912627,-1.729611426030065,-0.06465261649456265,-1.2984660134197914,0.23162410695523297,-0.9458978667287605,0.26765267020970557,0.2644429507689137,0.04258679416266325,-1.6223903339119816,0.11891745284160542,2.0500000000000003
42,-23.184702851562637,-34.795335151963926,-34.58461587986134,-37.290808787410064,-33.38789865576153,-30.877646864026808,-17.577231772304774,-17.382020062262203,-12.33440101464315,23.014277177427925,0.8820971345164691,-11.833870407639907,16.092085472207224,24.02538066874882,-7.828968613443121,21.037628208134418,-11.943825665859562,6.603631961259087,1.0489326242426351,0.33596637142365604,1.5718686075549781,-5.468958890265686,-1.666488127592792,0.9966892325937495,-1.6664881275928733,-0.06229307703714328,-1.2726451719983856,0.21948631187149614,-0.8468863053647017,0.25257206569660007,0.2232982979445504,0.035960719027597426,-1.5895677697470494,0.09842519542009956,2.1
43,-22.60893658393895,-34.83271673894758,-34.662248372784425,-37.23450885570204,-33.30757014518913,-30.93968360138022,-17.567797112675333,-17.462138730448952,-12.414519682829894,22.798461765560635,0.8940007173981036,-11.83013182242946,16.112496837166862,23.74709988489242,-7.818661152962711,21.03914759787979,-11.895908484459168,6.600637137421552,1.1119598002923676,0.395549042947343,1.6090838632919708,-5.530336072040324,-1.6043562945759298,0.9595295745416721,-1.6043562945759706,-0.05997059840886972,-1.2529139140856769,0.20854782396717242,-0.7481177483279161,0.23691126473460114,0.17561409765128094,0.028281492877703904,-1.5608405527024969,0.08109417178833972,2.15
44,-22.062696791578013,-34.86517204829576,-34.738649272211305,-37.175408536038226,-33.22531803053379,-31.001038255013437,-17.56107364043399,-17.539200380255885,-12.491581332636816,22.593713810712202,0.9050922504091674,-11.827101726711128,16.135570379296563,23.466632232074478,-7.808840651518552,21.04023036876693,-11.849819637298017,6.597756584473978,1.1679675594080303,0.44879258634832037,1.6475559449511117,-5.574073451271053,-1.543215926979582,0.9229628897563451,-1.5432159269796024,-0.05768518060976999,-1.239272239681759,0.1988086432423027,-0.6495921956185868,0.22067026732360026,0.12139034988928786,0.0195491157129928,-1.5362086827782657,0.06692438194629545,2.2
45,-21.54598347447982,-34.89271323022487,-34.81402334549799,-37.11385879926533,-33.14107947049938,-31.06201530410189,-17.557388332954172,-17.613254584954024,-12.56563553733497,22.40003331288258,0.9153427237272419,-11.824622058795404,16.160989142190157,23.18485970042219,-7.7994471437516415,21.040823863245084,-11.80552947571281,6.594988449374903,1.2169559015895202,0.49569700162650593,1.6872848525323387,-5.600171027957765,-1.483067024803718,0.8869891782378604,-1.483067024803627,-0.055436823639871985,-1.2317201487866007,0.19026876969688694,-0.5513096472365934,0.2038490734636235,0.060627054658541485,0.009763587533383022,-1.5156721599743757,0.05591582589401767,2.25
46,-21.058796632644384,-34.91535243495122,-34.8885753600005,-37.05021061623009,-33.05479162378981,-31.122919227821026,-17.557068167609355,-17.68435091781438,-12.636731870195323,22.21742027207182,0.9247231275298798,-11.8225347569928,16.188436169441523,22.90266428006277,-7.790420664303042,21.04087542376351,-11.76300835104018,6.592330879082856,1.2589248268368582,0.5362622887819513,1.7282705860356724,-5.608628802100626,-1.4239095880482968,0.851608439986151,-1.4239095880482715,-0.05322552749918075,-1.2302576414002733,0.1829282033307753,-0.45327010318193356,0.18644768315464302,-0.006675788041040492,-0.0010750916609733223,-1.4992309842908667,0.04806850363144527,2.3000000000000003
47,-20.60113626607171,-34.93310181269123,-34.962510083074854,-36.98481495777916,-32.96639164910897,-31.18405450534628,-17.560440121772952,-17.752538952108015,-12.70491990448895,22.045874688279877,0.9332044519946243,-11.820681759613834,16.21759450464455,22.620927961123396,-7.781701247813766,21.040332392771486,-11.722226614616792,6.589782020556414,1.2938743351501052,0.570488447814666,1.770513145461072,-5.599446773699603,-1.3657436167133792,0.8168206750012527,-1.3657436167133794,-0.051051292187536415,-1.2348847175226139,0.17678694414417595,-0.3554735634546899,0.1684660963966602,-0.08051817820938648,-0.012966921870238571,-1.486885155727699,0.04338241515857835,2.35
48,-20.173002374761776,-34.94597351366123,-35.03603228207705,-36.91802279475929,-32.875816705160744,-31.24572561585309,-17.567831172818387,-17.817868261105907,-12.770249213486824,21.88539656150678,0.9407576872989987,-11.818905004969036,16.24814719139304,22.34053273373128,-7.773228928924862,21.039142112718253,-11.683154617779334,6.58734002075406,1.3218044265291995,0.5983754787246398,1.8140125308086592,-5.572624942754597,-1.3085691107989355,0.7826258832830998,-1.3085691107989559,-0.048914117705180095,-1.2456013771537853,0.1718449921370839,-0.25792002805484265,0.14990431318981223,-0.16090011584651603,-0.025911903094331404,-1.4786346742848924,0.04185756047560471,2.4000000000000004
49,-19.774394958714616,-34.9539796880776,-35.10934672436314,-36.850185098017164,-32.78300395064905,-31.308237038516904,-17.57956829811914,-17.880388418079107,-12.832769370460046,21.735985891752502,0.9473538236205942,-11.817046431368901,16.279777273280907,22.0623605880136,-7.7649437422773495,21.037251926053077,-11.645762711864409,6.585003026634373,1.342715100974142,0.6199233815118532,1.8587687420782517,-5.528163309265667,-1.2523860703049643,0.7490240648317933,-1.252386070304949,-0.0468140040519671,-1.2624076202936454,0.168102347309296,-0.16060949698228882,0.1307623335339751,-0.24782160095247124,-0.039910035333241896,-1.4744795399624062,0.04349393958221981,2.45
50,-19.405314017930184,-34.95713248615672,-35.18265817728912,-36.7816528383995,-32.68789054427776,-31.371893252513136,-17.595978475048618,-17.940148996298635,-12.892529948679577,21.597642679017078,0.9529638511369347,-11.814947977123957,16.312167793901995,21.78729351409756,-7.756785722512249,21.034609175225206,-11.61002124820873,6.5827691851559145,1.3566063584850134,0.635132156176356,1.9047817792700314,-5.4660618732328645,-1.1971944952315077,0.7160152196472324,-1.1971944952315279,-0.044750951227917765,-1.285303446942356,0.16555900966101786,-0.06354197023717206,0.11104015742909393,-0.3412826335271084,-0.0549613185869698,-1.4744197527602403,0.04829155247861138,2.5
51,-19.065759552408515,-34.955444058114956,-35.25617140821102,-36.712776986753006,-32.59041364475076,-31.436998737017262,-17.61738868098027,-17.997199569035512,-12.94958052141645,21.470366923300475,0.9575587600256017,-11.812451580544666,16.345001796850188,21.516213502110368,-7.748694904270573,21.031161202683915,-11.575900578148932,6.580636643277165,1.363478199061672,0.6440018027180574,1.9520516423839185,-5.386320634656108,-1.1429943855784832,0.6835993477294111,-1.1429943855785591,-0.04272495923308281,-1.3142888570997864,0.1642149791921251,0.03328255218063106,0.09073778487525024,-0.4412832135705612,-0.0710657528556372,-1.4784553126784765,0.05625039916471357,2.5500000000000003
52,-18.755731562149606,-34.94892655416867,-35.330091184484836,-36.64390851392438,-32.49051041077199,-31.503857971204667,-17.644125893287537,-18.051589709560762,-13.003970661941702,21.354158624602707,0.9611095404641332,-11.809399179941627,16.377962325719306,21.250002542179207,-7.740611322193388,21.02685535087845,-11.543371053021682,6.578603547956715,1.3633306227042208,0.6465323211370695,2.0005783314198533,-5.288939593535404,-1.0897857413459948,0.6517764490784986,-1.0897857413460355,-0.040736028067386174,-1.3493638507659673,0.16407025590270424,0.12986407027101787,0.0698552158725557,-0.5478233410829304,-0.08822333813904096,-1.486586219717137,0.06737047964068876,2.6
53,-18.475230047153435,-34.93759212453423,-35.404622273466586,-36.575398390760334,-32.3881180010453,-31.57277543425085,-17.676517089343843,-18.10336899114541,-13.055749943526358,21.24901778292378,0.9635871826300627,-11.805632713625286,16.410732424103248,20.989542624431266,-7.732475010921686,21.02163896225807,-11.512403024163648,6.576668046153085,1.356163629412634,0.6427237114332889,2.0503618463779505,-5.173918749870804,-1.0375685625339461,0.6205465236942027,-1.037568562533926,-0.03878415773085816,-1.3905284279409251,0.16512483979269119,0.2262025840340493,0.04839245042076193,-0.6609030160638895,-0.10643407443740413,-1.4988124738759718,0.0816517939061865,2.6500000000000004
54,-18.22425500742005,-34.921452919428006,-35.47996944251232,-36.50759758810757,-32.2831735742746,-31.644055605331204,-17.71488924652265,-18.152586987060484,-13.104967939441446,21.15494439826368,0.9649626767009619,-11.800994119906184,16.44299513559587,20.735715738993758,-7.724226005096522,21.015459379272013,-11.482966842911498,6.574828284824835,1.3421441391768743,0.6327095392653954,2.1012388493136713,-5.041914393526991,-0.9863428491423925,0.5899095715768302,-0.9863428491424331,-0.036869348223595354,-1.4376534815322572,0.16741135238567442,0.3221806708232579,0.026354408268984445,-0.7799794838591063,-0.12566965145095668,-1.514984812587008,0.09894789031312612,2.7
55,-18.00280644294939,-34.90052108906637,-35.55633745897805,-36.44085707681281,-32.175614289163796,-31.718002963621178,-17.759569342197413,-18.199293270577005,-13.151674222957936,21.07193847062242,0.9652070128543931,-11.795325337094795,16.474433503791015,20.48940387599389,-7.7158043393589155,21.008263944369588,-11.45503286060186,6.573082410930475,1.3221067519470502,0.6171576329263013,2.1523926505048094,-4.8962079738279725,-0.9361086011713227,0.5598655927261678,-0.9361086011713682,-0.034991599545392146,-1.490093476077772,0.1710929012987121,0.4172112174064625,0.0037656881614012722,-0.9023389711950859,-0.14578851768251044,-1.5343569230089666,0.118526510618143,2.75
56,-17.8108843537415,-34.874808783665685,-35.63393109021973,-36.37552782772274,-32.065377304416764,-31.794921988296228,-17.8108843537415,-18.24353741496599,-13.19591836734692,20.999999999999986,0.9642911812678608,-11.788468303501736,16.504730572282558,20.25148902555882,-7.707150048349908,20.999999999999986,-11.428571428571438,6.571428571428573,1.2970529876630665,0.5968693863677184,2.2028432222848586,-4.740737229962203,-0.8868658186207561,0.5304145871423872,-0.886865818620827,-0.03315091169639572,-1.5470737690231466,0.17636521567293525,0.5105896879049558,-0.019344191408707825,-1.0247249501441045,-0.16662081133489437,-1.5560332297323292,0.13950894493044175,2.8000000000000003
57,-17.868971294399305,-34.84436925136858,-35.71290286169457,-36.311902389687596,-31.95245694701797,-31.875071971049426,-17.868971294399305,-18.285368993498473,-13.237749945879429,20.99062479721737,0.9621878940310793,-11.780316215514363,16.533616132644884,20.022623476363112,-7.698191749177263,20.99062479721737,-11.403552898156839,6.569864913277656,1.2679843662649315,0.5726461935411571,2.2516105369870405,-4.5794399011183975,-0.8386145014906541,0.5015565548252715,-0.8386145014906692,-0.03134728467657059,-1.6078197178136948,0.18342402464894209,0.6016115464400487,-0.042945711948022755,-1.1438808927781818,-0.1879966706112922,-1.5791181573478208,0.16101648335822172,2.85
58,-17.93320732089855,-34.809420132022694,-35.793196331264156,-36.25003962357154,-31.837076217074078,-31.958531453644483,-17.93320732089855,-18.324837579445475,-13.27721853182643,20.980135221495036,0.9588767508820921,-11.770967301828316,16.561006968374393,19.802540711270577,-7.688812388816023,20.980135221495036,-11.379947620694773,6.568389583436278,1.2359024076926668,0.5452894483982766,2.2977145669447694,-4.416253726485186,-0.791354649781013,0.4732914957750772,-0.7913546497809671,-0.029580718485995302,-1.671556679895047,0.19246505736768013,0.6895722571331521,-0.06700935496340094,-1.2565502711693044,-0.20974623371459286,-1.6027161304458555,0.1821704160103923,2.9000000000000004
59,-18.002779625837974,-34.77022016340194,-35.87470281489115,-36.18993996824231,-31.71951528297229,-32.04533379036277,-18.002779625837974,-18.361992746078027,-13.314373698458992,20.968538066911236,0.9543390734710855,-11.760571049215972,16.586866610948007,19.590744511692435,-7.6788834967078605,20.968538066911236,-11.357725947521846,6.567000728862976,1.2018086318863443,0.5156005448906189,2.3401752844914565,-4.255116445251292,-0.7450862634918866,0.4456194099916134,-0.7450862634919526,-0.027851213124472037,-1.737510012712653,0.2036840429698624,0.77376728410558,-0.09150560196163167,-1.3594765573895677,-0.23169963884790995,-1.6259315736169806,0.20209203299537695,2.95
60,-18.076875401816206,-34.72702808328021,-35.95731362853832,-36.13160386256761,-31.600054313099836,-32.13551233548564,-18.076875401816206,-18.396884066667138,-13.349265019048092,20.955840127544118,0.9485561834482548,-11.749276944449909,16.611158591842653,19.38673865903983,-7.668276602294556,20.955840127544118,-11.336858229974803,6.565696496516285,1.1667045587858076,0.48438087696986537,2.378012661960358,-4.099965796605126,-0.6998093426232035,0.4185402974749306,-0.6998093426233305,-0.026158768592206318,-1.8049050737119434,0.21727671059638345,0.8534920914786421,-0.11640493444929699,-1.4494032235113146,-0.25368702421424405,-1.6478689114519587,0.21990262442212571,3.0
61,-18.154681841431906,-34.6801026294314,-36.04092008816837,-36.07503174541514,-31.47897347584393,-32.22910044329447,-18.154681841431906,-18.42956111448384,-13.381942066864784,20.942048197471905,0.9415094024637716,-11.737234474302547,16.633846442535265,19.190026934723942,-7.656863235017834,20.942048197471905,-11.317314819390221,6.564475033354737,1.1314247883412265,0.4522982729289078,2.410410009629332,-3.954083229870691,-0.6555238871750441,0.39205415822503337,-0.6555238871750695,-0.02450338488905094,-1.873096327430953,0.23340616786446178,0.9281595660201193,-0.14168275368229002,-1.5236164962608914,-0.2755668383161743,-1.6677818311094326,0.2348699320474472,3.0500000000000003
62,-18.23538613728376,-34.62970253962942,-36.12541350974399,-36.02022405565259,-31.356552939591786,-32.326131468070606,-18.23538613728376,-18.460073462799166,-13.41245441518012,20.92716907077282,0.9331800521678221,-11.724593125546413,16.654893694502732,19.000113120155937,-7.644514924319464,20.92716907077282,-11.299066067104794,6.56333448633691,1.0961362405424588,0.4194862984263641,2.4372039895539466,-3.8181250349126863,-0.6122298971473995,0.36616099224197324,-0.6122298971473995,-0.0228850620150897,-1.9419546667772045,0.25210503629781733,0.9976522850835231,-0.16733413991156243,-1.5815736209840345,-0.2973107708542044,-1.6855210700210996,0.2468475042231284,3.1
63,-18.31817548197046,-34.57608655164816,-36.21068520922792,-35.96718123214771,-31.233072872730638,-32.42663876409541,-18.31817548197046,-18.48847068488411,-13.440851637265085,20.911209541525,0.9235494542106069,-11.711502384953992,16.67426387922201,18.816500996747024,-7.631103199641173,20.911209541525,-11.282082324455212,6.562273002421301,1.0608389153895406,0.385944953462395,2.4583946017341614,-3.692091211731179,-0.5699273725401354,0.34086079952556086,-0.5699273725401304,-0.02130379997039355,-2.011480091750671,0.2733733158961218,1.061970248668911,-0.1933590931371556,-1.6232745976804146,-0.3189188218282622,-1.701086628187137,0.25583534094897575,3.1500000000000004
64,-18.402237068090617,-34.51951340326154,-36.296626502582875,-35.91590371376817,-31.108813443647705,-32.53065568565026,-18.402237068090617,-18.51480235400974,-13.467183306390703,20.89417640380671,0.9125989302422778,-11.698111739297756,16.69192052817,18.63869434590837,-7.616499590424701,20.89417640380671,-11.266333942778077,6.561288728566488,1.0255328128825978,0.3516742380367887,2.473981846170037,-3.5759817603260893,-0.528616313353406,0.3161535800761174,-0.5286163133534365,-0.019759598754759557,-2.081672602351411,0.2972110066596047,1.121113456776348,-0.21975761335911093,-1.6487194263501588,-0.34039099123841,-1.714478505607368,0.26183344222505606,3.2
65,-18.48675808824296,-34.46024183224346,-36.38312870577154,-35.86639193938168,-30.984054820730197,-32.638215587016504,-18.48675808824296,-18.539118043447065,-13.49149899582802,20.876076451696065,0.9003098019130453,-11.684570675350221,16.70782717282362,18.466196949051138,-7.600575626111787,20.876076451696065,-11.251791273410083,6.560379811730996,0.9902179330215078,0.3166741521495961,2.48396572286153,-3.469796680697559,-0.48829671958720106,0.29203933389336856,-0.48829671958713505,-0.018252458368301912,-2.15253219857934,0.32361810858809026,1.175081909405731,-0.24652970057735896,-1.6579081069933155,-0.361727279084586,-1.7256967022819116,0.2648418080513487,3.25
66,-18.57092573502612,-34.39853057636782,-36.47008313475665,-35.81864634785597,-30.859077172365332,-32.749351822475504,-18.57092573502612,-18.561467326467074,-13.513848278848037,20.856916479271344,0.886663390873081,-11.67102867988383,16.721947344659846,18.298512587586522,-7.583202836144218,20.856916479271344,-11.2384246676879,6.559544398873339,0.9548942758062291,0.28094469580094833,2.488346231808609,-3.3735359728453913,-0.4489685912413878,0.26851806097742564,-0.4489685912413675,-0.016782378811073882,-2.2240588804345607,0.3525946216818149,1.2238756065570804,-0.27367535479192806,-1.6508406396098652,-0.3829276853669329,-1.734741218210749,0.2648604384277674,3.3000000000000003
67,-18.653927201038762,-34.33463837340849,-36.5573811055009,-35.7726673780587,-30.734160666940323,-32.86409774630864,-18.653927201038762,-18.58189977634083,-13.534280728721795,20.836703280610674,0.871641018772566,-11.657635239671139,16.73424457515553,18.135145042925696,-7.5642527499636945,20.836703280610674,-11.226204476948162,6.558780636952119,0.9195618412369057,0.2444858689906939,2.487123373011309,-3.287199636769745,-0.4106319283161298,0.24558976132829433,-0.41063192831611456,-0.015349360083022203,-2.2962526479170333,0.38414054594056823,1.2674945482303772,-0.30119457600288746,-1.627517024199708,-0.40399221008524766,-1.7416120533938608,0.2618893333545359,3.35
68,-18.734949678879566,-34.2688239611394,-36.64491393396704,-35.72845546885761,-30.609585472842394,-32.98248671279724,-18.734949678879566,-18.60046496633936,-13.552845918720282,20.8154436497923,0.8552240072616959,-11.644539841484574,16.744682395787624,17.975598096479796,-7.543596897012002,20.8154436497923,-11.215101052527542,6.558086672925831,0.8842206293134526,0.2072976717188928,2.4802971464697006,-3.210787672470577,-0.3732867308112933,0.223254434945872,-0.37328673081130853,-0.013953402184113829,-2.3691135010266904,0.41825588136438935,1.3059387344256983,-0.32908736421012535,-1.5879372607630107,-0.42492085323971174,-1.7463092078312004,0.2559284928314196,3.4000000000000004
69,-18.813180361147214,-34.20134607733444,-36.732572936117755,-35.68601105912041,-30.485631758458773,-33.1045520762227,-18.813180361147214,-18.61721246973365,-13.569593422114599,20.793144380894393,0.8373936779906472,-11.631891972096694,16.753224338033064,17.81937552966005,-7.521106806730828,20.793144380894393,-11.205084745762695,6.557460653753034,0.8488706400358529,0.1693801039856167,2.4678675521836615,-3.144300079947857,-0.3369329987269102,0.20151208183031685,-0.3369329987269812,-0.012594505114414789,-2.4426414397636615,0.45494062795333834,1.339208165142967,-0.35735371941367045,-1.5321013492996571,-0.44571361483013394,-1.7488326815228756,0.24697791685859713,3.45
70,-18.887806440440357,-34.13246345976753,-36.82024942791577,-35.64533458771479,-30.36257969217668,-33.23032719086637,-18.887806440440357,-18.632191859794755,-13.584572812175725,20.769812267995164,0.8181313526095964,-11.619841118279904,16.759833933368753,17.665981123877614,-7.496654008561975,20.769812267995164,-11.196125907990309,6.556900726392243,0.813511873404187,0.13073316579068317,2.4498345901532907,-3.087736859201614,-0.30157073206316304,0.18036270198158835,-0.3015707320631528,-0.011272668873813427,-2.5168364641278824,0.4941947857074422,1.3673028403823237,-0.3859936416135501,-1.4600092898096455,-0.4663704948567469,-1.7491824744688236,0.2350376054358197,3.5
71,-18.95801510935767,-34.06243484621255,-36.907834725323795,-35.60642649350846,-30.24070944238331,-33.3598454110096,-18.95801510935767,-18.64545270979369,-13.597833662174661,20.74545410517281,0.7974183527687339,-11.60853676680676,16.764474713271614,17.514918660543668,-7.470110031947165,20.74545410517281,-11.188194890547022,6.556405037802048,0.778144329418353,0.09135685713426402,2.426198260378506,-3.041098010231856,-0.26719993081976706,0.1598062953995287,-0.26719993081974674,-0.009987893462418839,-2.591698574119293,0.5360183546266051,1.3902227601435457,-0.41500713080979207,-1.3716610822930464,-0.4868914933193174,-1.7473585866690446,0.22010755856339656,3.5500000000000003
72,-19.02299356049784,-33.99151897444342,-36.99522014430455,-35.56928721536913,-30.120301177465915,-33.493140090933785,-19.02299356049784,-18.657044593001483,-13.609425545382463,20.720076686505518,0.7752360001182607,-11.598128404449712,16.767110209218586,17.365691921069388,-7.441346406328119,20.720076686505518,-11.181262044769472,6.555971734940951,0.7427680080783521,0.05125117801627869,2.3969585628593317,-3.0043835330385376,-0.23382059499685498,0.13984286208427033,-0.23382059499698696,-0.008740178880309719,-2.6672277697379982,0.5804113347109339,1.407967924426756,-0.44439418700231403,-1.2670567267498012,-0.5072766102180388,-1.7433610181235402,0.2021877762411557,3.6
73,-19.081928986459495,-33.919974582234005,-37.08229700082074,-35.5339171921645,-30.00163506581168,-33.63024458492026,-19.081928986459495,-18.66701708268918,-13.619398035070141,20.693686806071483,0.7515656163083384,-11.588765517981294,16.767703952686585,17.217804686865957,-7.410234661146613,20.693686806071483,-11.175297721994344,6.555598964767504,0.7073829093842828,0.010416128436706466,2.362115497595829,-2.9775934276216676,-0.20143272459448675,0.1204724020358735,-0.20143272459453745,-0.007529525127252561,-2.7434240509838648,0.6273737259602894,1.4205383332319492,-0.4741548101912111,-1.1461962231799356,-0.5275258455528077,-1.7371897688323246,0.18127825846915713,3.6500000000000004
74,-19.13400857984133,-33.84806040735825,-37.16895661083507,-35.500316862762276,-29.884991275807845,-33.77119224725039,-19.13400857984133,-18.67541975212775,-13.627800704508706,20.666291257948913,0.7263885229891387,-11.58059759417395,16.76621947515252,17.070760739344546,-7.376646325844383,20.666291257948913,-11.170272273558327,6.5552848742402725,0.6719890333361074,-0.031148291604401877,2.3216690645879563,-2.9607276939812968,-0.1700363196126325,0.10169491525426257,-0.1700363196126274,-0.006355932203338755,-2.8202874178570876,0.6769055283747883,1.4279339865591312,-0.504289000376402,-1.0090795715834229,-0.5476391993236058,-1.728844838795343,0.15737900524732026,3.7
75,-19.178419533241996,-33.77603518759003,-37.25509029031028,-35.46848666603019,-29.77064997584163,-33.91601643220554,-19.178419533241996,-18.68230217458826,-13.634683126969227,20.637896836215987,0.6996860418108861,-11.57377411980017,16.76262030809332,16.92406385991631,-7.340452929863176,20.637896836215987,-11.166156050798048,6.5550276103177225,0.6365863799337643,-0.0734420821069342,2.2756192638356607,-2.953786332117351,-0.1396313800511503,0.08351040173938176,-0.13963138005117062,-0.005219400108715483,-2.8978178703575193,0.7290067419544267,1.4301548844082794,-0.534796757557885,-0.8557067719602838,-0.5676166715305033,-1.7183262280126952,0.13049001657571635,3.75
76,-19.214349039260192,-33.70415766070326,-37.34058935520907,-35.43842704083591,-29.658891334300233,-34.064750494067056,-19.214349039260192,-18.68771392334172,-13.640094875722687,20.60851033495091,0.6714394944237233,-11.56844458163249,16.75686998298591,16.777217829992466,-7.301526002644727,20.60851033495091,-11.16291940505014,6.554825319958495,0.6011749491773544,-0.11646524307118561,2.223966095339022,-2.956769342029922,-0.1102179059102224,0.06591886149130179,-0.11021790591015135,-0.0041199288432482335,-2.9760154084851203,0.7836773666990684,1.4272010267794546,-0.5656780817358001,-0.6860778243105053,-0.5874582621734803,-1.7056339364842794,0.10061129245434476,3.8000000000000003
77,-19.240984290494556,-33.63268656447183,-37.42534512149414,-35.410138426047155,-29.549995519570896,-34.21742778711635,-19.240984290494556,-18.691704571659177,-13.644085524040145,20.5781385482319,0.6416302024778556,-11.564758466443342,16.748932031307213,16.62972643098416,-7.259737073630799,20.5781385482319,-11.160532687651317,6.554676150121074,0.5657547410667776,-0.1602177744969121,2.1667095590980034,-2.9696767237189525,-0.08179589718973758,0.04892029451003823,-0.0817958971897122,-0.0030575184068659693,-3.0548800322399954,0.8409174026088179,1.4190724136725168,-0.5969329729100089,-0.5001927286341312,-0.6071639712525169,-1.6907679642101585,0.06774283288318579,3.85
78,-19.25751247954377,-33.56188063666965,-37.50924890512824,-35.38362126053164,-29.444242700040828,-34.37408166563473,-19.25751247954377,-18.694323692811594,-13.646704645192571,20.546788270137135,0.610239487623474,-11.562865261005259,16.738769984534187,16.481093444302594,-7.2149576722631155,20.546788270137135,-11.158966249938238,6.554578247763998,0.5302973412254633,-0.20465795188065256,2.1039826248836966,-2.992218479326966,-0.0543653538897664,0.0325147007955603,-0.054365353889746094,-0.0020321687997488466,-3.1344117416221584,0.9007268496837522,1.4058440112616224,-0.6285543520588712,-0.2988338749713239,-0.6266689445360951,-1.6738316788892673,0.032064907401618756,3.9000000000000004
79,-19.26312079900652,-33.491998615070614,-37.592192022074045,-35.358875983157056,-29.341913044097257,-34.53474548390358,-19.26312079900652,-18.69562086007006,-13.648001812451016,20.5144662947448,0.5772486715107306,-11.562914452090691,16.72634737414367,16.330822651358915,-7.167059327983445,20.5144662947448,-11.158190443247516,6.554529759845814,0.4946606777703462,-0.24957715270465336,2.0364501415516068,-3.022944619566407,-0.027926276010248347,0.016702080347918986,-0.027926276010253416,-0.0010438800217014797,-3.2146105366315423,0.9631057079237804,1.3878906504165738,-0.6605068240741769,-0.08591321352344289,-0.6456489108665704,-1.6553419190162368,-0.005521136293441571,3.95
80,-19.25699644148144,-33.423299237448624,-37.67406578829429,-35.33590303279113,-29.24328672012738,-34.69945259620426,-19.25699644148144,-18.69564564670559,-13.64802659908654,20.481179416133102,0.5426390757898355,-11.565055526472179,16.711627731612666,16.178417833564325,-7.115913570233527,20.481179416133102,-11.15817561891583,6.554528833325101,0.45867426444157133,-0.2947250299474492,1.96490992772833,-3.060115157292528,-0.0024786635512137646,0.001482433167002575,-0.0024786635512645157,-9.265207292180047e-05,-3.29547641726825,1.0280539773288304,1.3656621281813632,-0.6927479148258893,0.13387491546820524,-0.663714744854847,-1.6359188907847302,-0.04393368096540724,4.0
81,-20.3668457354124,-33.35601500341668,-37.75479769844631,-35.31471279333336,-29.148597357098552,-34.868236356818144,-19.238600436081292,-18.694447625989167,-13.646828578370117,19.41777826137373,0.506394499768534,-11.569374876583383,16.694589191994293,16.02348427158011,-7.06139192845507,20.44695712736128,-11.15889212827988,6.55457361516036,0.4221676149795223,-0.3398512365878859,1.8901598020404307,-3.1019901053602483,0.02197748348736795,-0.013144240747189036,0.021977483487383178,0.0008215150466790136,-3.3770093835320623,1.0955716578990755,1.3396082415998676,-0.7252351501840749,0.3558361717620887,-0.6804773211117721,-1.6161828003883925,-0.08209110937807551,4.05
82,-21.451012566343316,-33.29027345994423,-37.83445996196596,-35.295355428810566,-29.057892426298565,-35.04113012002658,-19.2084891579752,-18.692076371191845,-13.644457323572816,18.378984736641822,0.4685086533849238,-11.575706517502875,16.675268304646693,15.866033243068065,-7.003365932089852,20.411919717412687,-11.160310322676276,6.554662252310127,0.3849702431244245,-0.3847054256046894,1.812997583114549,-3.146829476624646,0.04544216510539509,-0.027177941394467935,0.045442165105374785,0.0016986213371390198,-3.459209435423169,1.1656587496344033,1.310178787715993,-0.7579260560189424,0.5752762151167146,-0.6955475142482272,-1.5967538540207586,-0.1189118042950506,4.1000000000000005
83,-22.50949693427418,-33.22617591583978,-37.913160966983725,-35.27789104828136,-28.971172859595317,-35.218167240110944,-19.16749281884632,-18.688581455584647,-13.64096240796563,17.364798841937407,0.42897772423466196,-11.583821369970382,16.653716222504304,15.706177524940081,-6.941707110579636,20.376210174251714,-11.162400553441689,6.554792891732973,0.34691166261654083,-0.4290372499763002,1.734221089577244,-3.192893283940785,0.0679153813029896,-0.04061866877501183,0.06791538130297438,0.0025386667984709115,-3.5420765729415638,1.2383152525348315,1.2778235635736794,-0.7907781582003665,0.7875007052907039,-0.7085361988749289,-1.5782522578755185,-0.1533141484799371,4.15
84,-23.542298839204975,-33.16382367991188,-37.99100910163008,-35.26237976080432,-28.888439588856745,-35.39938107135257,-19.116441630377825,-18.684012452438598,-13.636393404819561,16.375220577260517,0.38779789991342933,-11.593490354725668,16.629984098501453,15.544029894108073,-6.876286993366122,20.33997148584278,-11.165133171912833,6.554963680387412,0.30782138719613594,-0.472596362681676,1.6546281400550784,-3.2384415401637208,0.08939713208016119,-0.05346642288879001,0.08939713208005967,0.003341651430537639,-3.625610796087177,1.3135411666004237,1.2429923662167885,-0.8237489825985387,0.9878153020425711,-0.7190542496029184,-1.5612982181462622,-0.184216524696293,4.2
85,-24.54941828113572,-33.10331806096905,-38.0681127540355,-35.24888167543809,-28.809693545950736,-35.58480496803284,-19.05616580425292,-18.678418935024705,-13.63079988740569,15.41024994261108,0.34496536801684446,-11.604484392508526,16.604123085572546,15.37970312748397,-6.806977109891075,20.303346640150256,-11.168478529426302,6.555172765231997,0.2675573449801248,-0.5151741412028032,1.5748835834035466,-3.282024256005996,0.10988741743671772,-0.06572120373573695,0.10988741743665681,0.004107575233466113,-3.7098121048600516,1.3913364918309798,1.2060600265152723,-0.8568031341050898,1.1723080551710081,-0.7267773952744644,-1.5464085733276711,-0.21071758524720025,4.25
86,-25.530855260066424,-33.044760367819826,-38.144580312330476,-35.237456901241266,-28.734935662745222,-35.77447228443312,-18.987495552154773,-18.671850476614015,-13.624231428994975,14.469886937989157,0.3004763161406026,-11.61657440405867,16.576184336651966,15.213310001979641,-6.733648989596254,20.266478625138575,-11.17240697731877,6.555418293225279,0.22609112159185818,-0.556728861036271,1.4951203893937777,-3.323351433610176,0.12938623737287214,-0.07738301131596416,0.1293862373728163,0.004836438207238561,-3.794680499260124,1.4717012282267596,1.167101510643169,-0.8899335336984766,1.3401965746358975,-0.73164078165802,-1.5336866911187044,-0.23263706059327882,4.3
87,-26.486609775997056,-32.98825190927275,-38.220520164645485,-35.22816554727248,-28.6641668711081,-35.968416374834774,-18.91126108576654,-18.664356650477533,-13.61673760285852,13.554131563394716,0.2543269318803465,-11.629531310115881,16.54621900467408,15.04496329450702,-6.656174161923378,20.22951042877208,-11.176888866926907,6.555698411325789,0.18342271703141544,-0.5972605221820976,1.4153385580257718,-3.3624230729761333,0.14789359188851253,-0.0884518456293649,0.14789359188859372,0.005528240351791531,-3.8802159792874376,1.554635375787636,1.126116818600432,-0.9231401813785852,1.4914808604371859,-0.733644408753683,-1.5231325715193136,-0.24997495073446702,4.3500000000000005
88,-27.416681828927636,-32.933893994136334,-38.296040699110996,-35.22106772259032,-28.59738810290731,-36.166670593519164,-18.82829261677144,-18.655987029886315,-13.608367982267287,12.662983818827744,0.20651340283175215,-11.643126031419904,16.51427824257331,14.874775781978009,-6.574424156314226,20.192585039015217,-11.181894549587389,6.5560112664920736,0.13955213129865537,-0.6367691246401928,1.3355380892995439,-3.3992391741039474,0.1654094809836999,-0.09892770667585296,0.1654094809836542,0.006182981667239224,-3.966418544942022,1.6401389345135562,1.0831059503870435,-0.9564230771455552,1.6261609125748238,-0.7327882765613537,-1.5147462145295432,-0.262731255670882,4.4
89,-28.321071418858175,-32.88178793121912,-38.37125030385751,-35.216223536253416,-28.534600290010744,-36.36926829476762,-18.739420356852637,-18.64679118811134,-13.59917214049233,11.796443704288288,0.1570319165904573,-11.657129488710522,16.480413203283998,14.702860241304505,-6.4882705022104865,20.15584544383238,-11.187394376636863,6.5563550056826605,0.09447936439367965,-0.6752546684105849,1.2557189832149904,-3.4337997369936595,0.1819339046583728,-0.10881059445568178,0.18193390465839818,0.006800662153505487,-4.053288196223866,1.7282119044045832,1.0380689060030015,-0.9897822209992051,1.7442367310489177,-0.729072385081081,-1.5085276201493287,-0.2709059754023708,4.45
90,-29.19977854578863,-32.83203502932963,-38.446257367015484,-35.213693097320366,-28.475804364286297,-36.576242832861546,-18.645474517693305,-18.636818698423667,-13.589199650804622,10.954511219776313,0.10587866075215742,-11.671312602727445,16.44467503974057,14.529329449398436,-6.397584729053964,20.119434631187925,-11.193358699411966,6.5567277758561,0.04820441631646772,-0.7127171534933286,1.1758812397722886,-3.4661047616451865,0.1974668629126136,-0.11810050896874037,0.1974668629125425,0.007381281810511696,-4.140824933132931,1.8188542854607117,0.9910056854484123,-1.0232176129397186,1.845708315859417,-0.7224967343129902,-1.5044767883787382,-0.27449910992911764,4.5
91,-30.052803209719052,-32.784736597276414,-38.52117027671542,-35.21353651484979,-28.421001257601905,-36.78762756208228,-18.547285310976637,-18.626119134094303,-13.578500086475282,10.137186365291834,0.053049822912485355,-11.685446294210477,16.407114904877385,14.354296183171693,-6.302238366286378,20.083495589046308,-11.199757869249382,6.557127723970946,0.000727287067040467,-0.7491565798882917,1.0960248589712775,-3.496154248058594,0.2120083557462698,-0.12679745021496772,0.21200835574634083,0.007924840638430406,-4.229028755669255,1.9120660776819463,0.9419162887231342,-1.056729252966917,1.930575667006209,-0.7130613242567571,-1.5025937192177723,-0.2735106592508989,4.55
92,-30.8801454106494,-32.739993943868,-38.59609742108777,-35.215813897900304,-28.37019190182549,-37.0034558367112,-18.445682948385798,-18.614742068394275,-13.56712302077525,9.344469140834832,-0.0014584093328778636,-11.699301483899356,16.36778395162884,14.177873219536187,-6.20210294334947,20.048171305371877,-11.206562237485791,6.557552996985724,-0.04795202335470456,-0.784572947595674,1.0161498408120915,-3.523948196233824,0.2255583831595538,-0.1349014181944192,0.22555838315959947,0.008431338637124553,-4.31789966383278,2.007847281068342,0.890800715827263,-1.0903171410809747,1.9988387844894278,-0.7007661549126311,-1.5028784126664227,-0.2679406233679316,4.6000000000000005
93,-31.681805148579716,-32.69790837791288,-38.671147188263035,-35.2205853555305,-28.32337722882492,-37.22376101102965,-18.341497641603976,-18.6027370745946,-13.555118026975585,8.576359546405332,-0.05764984838829946,-11.71264909253386,16.3267333329293,14.000173335403824,-6.097049989685004,20.013604768129028,-11.21374215545783,6.558001741858958,-0.09783351494858354,-0.8189662566152616,0.9362561852946213,-3.549486606170891,0.23811694515230292,-0.1424124129069931,0.23811694515239937,0.008900775806680408,-4.407437657623603,2.1061978956197804,0.8376589667607185,-1.123981277281656,2.0504976683090717,-0.6856112262806329,-1.5053308687246492,-0.2577890022799927,4.65
94,-32.45778242350997,-32.65858120821965,-38.746427966371705,-35.22791099679902,-28.280558170468154,-37.44857643931901,-18.235559602314368,-18.59015372596634,-13.5425346783473,7.832857582003311,-0.11552830665807419,-11.725260040853696,16.284014201713177,13.821309307686514,-5.986951034734697,19.979938965282216,-11.221267974502146,6.55847210554924,-0.14891718771478046,-0.852336506947191,0.8563438924188801,-3.572769477869799,0.24968404172463018,-0.14933043435294913,0.2496840417246302,0.009333152147052343,-4.49764273704165,2.207117921336388,0.782491041523545,-1.1577216615692438,2.0855523184650506,-0.6675965383606033,-1.5099510873925,-0.24305579598727597,4.7
95,-33.20807723544015,-32.62211374359679,-38.822048143544244,-35.237850930764466,-28.241735658623078,-37.677935475860636,-18.12869904220014,-18.57704159578047,-13.529422548161428,7.113963247628799,-0.17509759654658866,-11.73690524959868,16.239677710914826,13.641393913296172,-5.871677607940307,19.947316884795796,-11.229110045955435,6.558962235015067,-0.2012030416531932,-0.8846836985915005,0.7764129621849172,-3.593796811330613,0.2602596728763928,-0.15565548253204325,0.2602596728764334,0.009728467658255557,-4.588514902086966,2.3106073582180358,0.7252969401157813,-1.19153829394361,2.104002734957531,-0.6467220911527137,-1.5167390686699103,-0.22374100448973527,4.75
96,-33.93268958437028,-32.58860729285287,-38.898116107911136,-35.25046526648542,-28.206910625157626,-37.911871474935886,-18.02174617294446,-18.563450257308034,-13.51583120968899,6.419676543281756,-0.23636153045812308,-11.74735563950852,16.193775013468656,13.46053992914469,-5.751101238743562,19.915881514634158,-11.237238721154311,6.559470277214999,-0.25469107676380154,-0.9160078315480401,0.6964633945927449,-3.6125686065532934,0.2698438386077131,-0.161387557444291,0.26984383860775885,0.010086722340226634,-4.679774170470223,2.4165337626300114,0.666171820216753,-1.2253229179656697,2.10621923252524,-0.6231264230537705,-1.525694812556965,-0.19984462778733575,4.800000000000001
97,-34.631619470300365,-32.55816316479639,-38.97474024760286,-35.26581411302054,-28.17608400193969,-38.150417790826125,-17.915531206230536,-18.549429283820047,-13.501810236201,5.749997468962216,-0.29932392079707854,-11.756382131322992,16.146357262309053,13.278860132144004,-5.625093456586227,19.885775842761714,-11.245624351435499,6.559994379107568,-0.3093812930467879,-0.9463089058169071,0.6164951896422167,-3.629084863537786,0.2784365389184885,-0.16652665908980846,0.27843653891859005,0.010407916193135552,-4.770020630745206,2.524234916398608,0.6055914702229517,-1.2585342514403224,2.0940533848624114,-0.5975022260482942,-1.5368183190536566,-0.17136666587999988,4.8500000000000005
98,-35.304866893230404,-32.53088266823589,-39.052028950749886,-35.28395757942841,-28.149256720837183,-38.39360777781272,-17.8108843537415,-18.535028248587565,-13.48740920096853,5.10492602467016,-0.3639885799677788,-11.763755645781885,16.09747561037036,13.096467299205976,-5.4935257909100645,19.857142857142858,-11.254237288135597,6.560532687651335,-0.36527369050188724,-0.9755869213981108,0.5365083473335368,-3.643345582284089,0.2860377738089624,-0.17107278746851426,0.28603777380898265,0.01069204921680974,-4.857574389176258,2.6329161577150457,0.5441268362106648,-1.2905227557336465,2.0697270804023984,-0.57068073051804,-1.5501095881598836,-0.13830711876792115,4.9
99,-35.95243185316036,-32.50683380679214,-39.13009060548271,-35.304955774767635,-28.12642971371803,-38.64137679637577,-17.708506217001965,-18.520296724881575,-13.472677677262535,4.484462210405583,-0.4303214306208619,-11.769247103624924,16.047181210587027,12.913474207242535,-5.3563161264289665,19.830077057303058,-11.263047882591293,6.561083349804803,-0.42236826912922404,-1.0038418782915552,0.4565028676665649,-3.6553507627923194,0.2926475432788013,-0.17502594258042464,0.29264754327880643,0.010939121411284787,-4.94075555202785,2.741782824770843,0.4823488642556931,-1.3206388922113,2.035462207578217,-0.5434931668445122,-1.565568619875715,-0.10066598645089671,4.95
100,-36.57431435009029,-32.48595136333485,-39.209033599931814,-35.32886880809688,-28.107603912450145,-38.89326823179047,-17.608578956902132,-18.50528428597313,-13.457665238354078,3.88860602616851,-0.4981368363924119,-11.77262742559186,15.995525215893384,12.7299936331656,-5.2135677689454925,19.804478989012125,-11.272026486139263,6.561644512526556,-0.48066502892889906,-1.0310737764973823,0.37647875064137293,-3.6651004050623555,0.2982658473282184,-0.17838612442558008,0.29826584732820316,0.01114913277658099,-5.017884225564489,2.85004025575736,0.4208285004341614,-1.348233122239375,1.993480654823098,-0.5167707654091107,-1.5831954142011908,-0.058443268929114764,5.0
101,-37.170514384020144,-32.46813681554592,-39.288966322227665,-35.35575678847468,-28.092780248901416,-39.148727475530706,-17.511155124173527,-18.4900405051332,-13.442421457514156,3.31735747195893,-0.5672112711648513,-11.773667532422468,15.942558779223837,12.54613835388708,-5.06543037953443,19.7802007096009,-11.281143450116126,6.562214322775123,-0.5401639699007283,-1.0572826160155009,0.2964359962579268,-3.672594509094294,0.3028926859570803,-0.18115333300389855,0.3028926859570752,0.011322083312733823,-5.087280516050516,2.956893788866046,0.36013669082194644,-1.372655907183573,1.9460043105701499,-0.4913447565933947,-1.6029899711362425,-0.01163896620252353,5.050000000000001
102,-37.741031954949946,-32.4532916411073,-39.369997160500745,-35.385679824959695,-28.08195965493978,-39.407199919070386,-17.416287269547762,-18.47461495563289,-13.426995908013845,2.770716547776834,-0.6373212088205443,-11.772138344856494,15.888333053512781,12.362021146318858,-4.912053619270511,19.757094276400217,-11.290369125858584,6.562790927509017,-0.6008650920448343,-1.0824683968458677,0.21637460451619817,-3.6778330748879924,0.3065280591655602,-0.18332756831546673,0.3065280591655856,0.011457973019682413,-5.147264529750407,3.0615487622883673,0.3008443814951941,-1.3932577084097821,1.8952550632524854,-0.4680463707789382,-1.6249522906809148,0.0397469217290541,5.1000000000000005
103,-38.285867062879696,-32.441317317700914,-39.45223450288155,-35.418698026610535,-28.075143062433146,-39.668130953883455,-17.324027943756377,-18.459057210743158,-13.411438163124119,2.2486832536222217,-0.708243123241904,-11.76781078363371,15.832899191694572,12.177754787372868,-4.753587149228487,19.73501174674097,-11.299673864703264,6.563372473686802,-0.6627683953612149,-1.1066311189886826,0.1362945754162581,-3.680816102443574,0.3091719669535356,-0.18490883036023345,0.30917196695350513,0.011556801897500316,-5.196436355217876,3.163342957850454,0.24342736085048117,-1.4094972437230688,1.8430844865644678,-0.44756829995027386,-1.649082372835203,0.09571439486551084,5.15
104,-38.80501970780939,-32.43211532300871,-39.535786737500544,-35.454871502485794,-28.072331403249414,-39.930965971443804,-17.234429697530985,-18.44341684373507,-13.395797796116025,1.751257589495103,-0.7797534883113286,-11.760455769493875,15.776308346703628,11.993452053961002,-4.590180630483112,19.713805177954026,-11.309028017986863,6.563957108267025,-0.7258738798497322,-1.1297707824436474,0.0561959089580858,-3.6815435917609554,0.31082440932102834,-0.18589711913818946,0.3108244093209624,0.011618569946164756,-5.234516010163568,3.262143931917529,0.1879807865671925,-1.4212662566843532,1.7898628952450601,-0.43004908250452367,-1.6753802175990349,0.15626345320668572,5.2
105,-39.298489889739024,-32.42558713471257,-39.620762252488205,-35.4942603616441,-28.073525609256514,-40.19515036322536,-17.14754508160313,-18.42774342787962,-13.380124380260575,1.2784395553954684,-0.851628777911202,-11.749844223176716,15.718611671474306,11.80922572299518,-4.421983724109137,19.69332662737023,-11.31840193704601,6.564542978208224,-0.7901815455105884,-1.15188738721101,-0.023921394858337983,-3.680015542840314,0.31148538626793687,-0.18629243464940076,0.3114853862679014,0.011643277165576763,-5.261503494587645,3.357951684489623,0.13450465864524758,-1.4285647472934961,1.73559028929406,-0.4154887184414747,-1.703845824972532,0.22139409675273525,5.25
106,-39.76627760866861,-32.42163423049447,-39.70726943597503,-35.53692471314406,-28.07872661232234,-40.46012952070203,-17.0634266467044,-18.412086536447838,-13.364467488828808,0.8302291513233467,-0.9236454659239368,-11.735747065421995,15.659860318940988,11.625188571387282,-4.249146091181306,19.67342815232046,-11.327765973217375,6.565128230468928,-0.855691392343659,-1.1729809332906742,-0.10405733603305539,-3.6762319556814647,0.31115489779445255,-0.18609477689374965,0.31115489779445255,0.011630923555865697,-5.277398808490002,3.4507662155666625,0.08299897708474607,-1.4313927155506305,1.6802666687116705,-0.40388720776115494,-1.734479194955625,0.2911063255037002,5.300000000000001
107,-40.208382864598136,-32.42015808803633,-39.79541667609148,-35.582924666044285,-28.087935344314815,-40.725348835347724,-16.98212694356636,-18.39649574271077,-13.348876695091741,0.4066263772786993,-0.9955800262319363,-11.71793521696952,15.600105442038107,11.441453376049264,-4.0718173927743555,19.65396181013554,-11.337090477837629,6.565711012007713,-0.9224034203489455,-1.1930514206825458,-0.18421191456598443,-3.6701928302844355,0.3098329439004848,-0.18530414587140412,0.30983294390046956,0.011581509117008752,-5.282201951870629,3.5405875251487506,0.033463741885628014,-1.4297501614557437,1.623892033497684,-0.3952445504636467,-1.7672803275483182,0.365400139459479,5.3500000000000005
108,-40.6248056575276,-32.42106018502008,-39.88531236096805,-35.632320329403385,-28.101152737101835,-40.99025369863638,-16.903698522920607,-18.381020619939424,-13.33340157232039,0.0076312332615358965,-1.0672089327175744,-11.696179598559011,15.539398193699984,11.258132913892972,-3.8901472899630627,19.634779658146385,-11.346345802243416,6.566289469783075,-0.9903176295265056,-1.2120988493868856,-0.26438513045713397,-3.6618981666493,0.3075195245860429,-0.1839205415822419,0.30751952458602766,0.011495033848944994,-5.275912924729555,3.627415613235799,-0.014101046952065613,-1.423637085008834,1.5664663836522383,-0.38956074654891876,-1.8022492227505662,0.4442755386201003,5.4
109,-41.01554598745702,-32.42424199912764,-39.97706487873521,-35.685171812279975,-28.11837972255135,-41.254289502041885,-16.82819393549868,-18.365710741404833,-13.318091693785787,-0.3667562807281291,-1.1383086592632645,-11.670251130930199,15.477789726861046,11.075339961830347,-3.70428544382218,19.615733753683813,-11.355502297771396,6.56686175075357,-1.0594340198763048,-1.230123219403462,-0.3445769837065777,-3.6513479647760345,0.3042146398510575,-0.1819439640262537,0.30421463985107267,0.011371497751671946,-5.258531727066765,3.7112504798278363,-0.05969538942839647,-1.4130534862098394,1.5079897191753515,-0.38683579601702367,-1.8393858805624796,0.5277325229856286,5.45
110,-41.380603854386386,-32.429605008040944,-40.07078261752346,-35.741539223732666,-28.13961723253124,-41.516901637038174,-16.75566573203219,-18.350615680377988,-13.302996632758955,-0.7165361646902957,-1.2086556797514139,-11.639920734822892,15.415331194455682,10.893187296773316,-3.5143815154264253,19.596676154078693,-11.364530315758255,6.567426001877755,-1.129752591398322,-1.247124530732284,-0.4247874743142638,-3.638542224664549,0.29991828969564016,-0.17937441320348024,0.29991828969567563,0.011210900825286033,-5.230058358882259,3.792092124924919,-0.10331928554334369,-1.3979993650588545,1.4484620400669321,-0.38706969886786,-1.8786903009839575,0.61577109255588,5.5
111,-41.71997925831569,-32.43705068944193,-40.16657396546324,-35.80148267282007,-28.16486619890941,-41.77753549509915,-16.6861664632527,-18.335785010129953,-13.288165962510915,-1.0417084186250123,-1.2780264680644213,-11.60495933097684,15.352073749418217,10.711787695633745,-3.3205851658505803,19.577458916661904,-11.373400207540648,6.567980370114156,-1.2012733440925731,-1.2631027833735446,-0.505016602280151,-3.623480946314987,0.2946304741197487,-0.1762118891139763,0.29463047411977406,0.011013243069634943,-5.190492820176072,3.869940548526907,-0.14497273529684676,-1.378474721555805,1.3878833463270228,-0.390262455101436,-1.920162484015092,0.7083912473311222,5.550000000000001
112,-42.03367219924493,-32.44648052101251,-40.264547310685074,-35.86506226860081,-28.194127553553816,-42.03563646769873,-16.619748679891757,-18.32126830393175,-13.2736492563127,-1.3422730425322014,-1.3461974980846465,-11.565137840131746,15.288068544683094,10.531253935323566,-3.1230460561693922,19.55793409876427,-11.3820823244552,6.568523002421309,-1.2739962779590808,-1.278057977326982,-0.5852643676043515,-3.6061641297272,0.2883511931233332,-0.17245639175764094,0.2883511931233941,0.010778524484843044,-5.139835110948156,3.9447957506339164,-0.18465573868894608,-1.3544795557007363,1.3262536379556176,-0.3964140647178539,-1.9638024296557655,0.8055929873111884,5.6000000000000005
113,-42.32168267717413,-32.45779598043464,-40.36481104131941,-35.93233812013347,-28.22740222833233,-42.29064994631082,-16.556464932680974,-18.307115135054364,-13.259496087435322,-1.6182300364118969,-1.4129452436945353,-11.520227183027437,15.223366733184688,10.351698792754691,-2.921913847457585,19.53795375771671,-11.390547017838593,6.569052045757778,-1.3479213929978406,-1.2919901125928013,-0.665530770286741,-3.586591774901276,0.2810804467065351,-0.168107921134626,0.28108044670653,0.010506745070950918,-5.078085231198539,4.0166577312459815,-0.22236829571968142,-1.3260138674936288,1.263572914952714,-0.4055245277170519,-2.0096101379060944,0.9073763124960299,5.65
114,-42.58401069210327,-32.47089854539023,-40.46747354549676,-36.003370336476685,-28.264691155112867,-42.54202132240935,-16.496367772351903,-18.293375076768857,-13.24575602914982,-1.8695794002641228,-1.4780461787764676,-11.469998280403628,15.158019467857367,10.17323504483902,-2.717338200789939,19.51736995085004,-11.39876463902752,6.569565647082086,-1.4230486892088408,-1.3048991891709483,-0.7458158103274053,-3.564763881837273,0.27281823486914253,-0.16316647724464797,0.27281823486921863,0.010197904827786056,-5.005243180927226,4.085526490362994,-0.25811040638901384,-1.293077656934437,1.1998411773183375,-0.41759384409897127,-2.0575856087659483,1.013741222885729,5.7
115,-42.82065624403236,-32.48568969356121,-40.57264321134757,-36.07821902668906,-28.305995265763357,-42.78919598746823,-16.43950974963614,-18.280097702346257,-13.232478654727203,-2.0963211340888357,-1.5412767772128317,-11.414222053000096,15.092077901635541,9.995975468488453,-2.509468777241193,19.496034735495137,-11.40670553935859,6.57006195335277,-1.4993781665920598,-1.3167852070613923,-0.8261194877263842,-3.5406804505350347,0.2635645576113282,-0.1576320600879709,0.2635645576114144,0.00985200375547788,-4.921308960134216,4.151402027985013,-0.2918820706969023,-1.2556709240232415,1.1350584250524482,-0.43262201386372356,-2.1077288422355087,1.12468771848035,5.75
116,-43.03161933296138,-32.50207090262953,-40.68042842700235,-36.15694429982922,-28.35131549215171,-43.03161933296138,-16.385943415265228,-18.267332585057545,-13.219713537438501,-2.2984552378860843,-1.6024135128860353,-11.352669421556588,15.025593187453564,9.820032840614898,-2.2984552378860843,19.473800168982844,-11.414340070168516,6.570539111528403,-1.5769098251475318,-1.3276481662641069,-0.9064418024834513,-3.514341480994735,0.25331941493306004,-0.15150466966447204,0.2533194149330448,0.009469041854041557,-4.826282568819486,4.214284344112031,-0.32368328864348817,-1.2137936687600492,1.0692246581550597,-0.45060903701118493,-2.160039838314603,1.2402157992797123,5.800000000000001
117,-43.842163787627804,-32.5199436502771,-40.790937580591546,-36.23960626495576,-28.400652766145832,-43.268736750362706,-16.33572131997077,-18.255129298173788,-13.207510250554728,-2.2974891367606527,-1.6612328596784676,-11.285111306812887,14.95861647824585,9.645519938130269,-2.084447243799375,19.450518308644053,-11.421638582793882,6.57099526856748,-1.6556436648752402,-1.3374880667791762,-0.9867827545988218,-3.4857469732162003,0.24208280683420694,-0.14478430597421788,0.24208280683424244,0.009049019123365459,-4.7201640069830875,4.2741734387440165,-0.3535140602286094,-1.1674458911447423,1.0023398766261955,-0.4715549135414986,-2.214518597003318,1.3603254652840406,5.8500000000000005
118,-44.621788290345094,-32.53920941418585,-40.90427906024567,-36.32626503112729,-28.454008019613646,-43.499993631146125,-16.288896014484344,-18.24353741496599,-13.19591836734692,-2.2965598896291133,-1.7175112914725554,-11.211318629508717,14.89119892694673,9.472549537946485,-1.867594456055827,19.4260412118096,-11.428571428571438,6.571428571428573,-1.73557968577522,-1.3463049086064751,-1.0671423440725019,-3.4548969271995746,0.22985473331497142,-0.13747096901710654,0.2298547333149562,0.008591935563578991,-4.602953274624949,4.3310693118810395,-0.38137438545232566,-1.1166275911774253,0.9344040804658237,-0.49545964345456145,-2.271165118301647,1.4850167164931627,5.9
119,-45.370492841113276,-32.55976967203773,-41.020561254095185,-36.416980707402445,-28.511382184423024,-43.72483536678555,-16.245520049537486,-18.232606508705178,-13.184987461086134,-2.295667496491471,-1.7710252821506633,-11.131062310383847,14.823391686490657,9.30123441697541,-1.648046535730183,19.400220935810356,-11.435108958837764,6.571837167070224,-1.8167178878474006,-1.354098691746193,-1.147520570904397,-3.421791342944782,0.2166351943752529,-0.12956465879334675,0.21663519437524784,0.008097791174583221,-4.474650371745092,4.384971963523071,-0.40726426431467994,-1.0613387688581186,0.8654172696739779,-0.5223232267504476,-2.3299794022095828,1.6142895529071493,5.95
120,-46.088277439932305,-32.58152590151465,-41.139892550270574,-36.511813402839806,-28.572776192441918,-43.9427073487549,-16.205645975861806,-18.22238615266239,-13.174767105043337,-2.294811957347702,-1.8215513055951948,-11.044113270178023,14.755245909811977,9.131687352129022,-1.4259531438971809,19.372909537977186,-11.441221524929569,6.572219202450956,-1.8990582710918211,-1.3608694161982031,-1.2279174350944757,-3.3864302204518975,0.20242419001499073,-0.12106537530265438,0.2024241900150009,0.00756658595638069,-4.33525529834356,4.435881393670024,-0.43118369681559077,-1.0015794241867542,0.7953794442505983,-0.5521456634290043,-2.390961448727083,1.748143974525922,6.0
121,-46.77514208680221,-32.60437958029854,-41.26238133690234,-36.61082322649801,-28.638190975538244,-44.15305496852808,-16.169326344188864,-18.212925920108617,-13.165306872489586,-2.293993272197816,-1.868865835688567,-10.95024242963102,14.6868127498451,8.964021120319167,-1.2014639416315729,19.343959075640942,-11.446879478183508,6.572572824529338,-1.9826008355084739,-1.3666170819624934,-1.3083329366428855,-3.3488135597207385,0.1872217202342952,-0.11197311854526211,0.18722172023421396,0.0069983199090728546,-4.184768054420285,4.4837976023219746,-0.45313268295513753,-0.9373495571633655,0.7242906041957812,-0.5849269534904425,-2.4541112578542394,1.886579981349673,6.050000000000001
122,-47.431086781723,-32.62823218607135,-41.38813600212092,-36.71407028743565,-28.707627465579897,-44.35532361757902,-16.136613705250248,-18.20427538431492,-13.156656336695866,-2.293211441041817,-1.9127453463131738,-10.849220709482593,14.618143359524373,8.798348498457777,-0.9747285900081161,19.31322160613248,-11.452053169936262,6.572896180263874,-2.0673455810974035,-1.3713416890389865,-1.3887670755494763,-3.308941360751542,0.17102778503307559,-0.10228788852098761,0.17102778503296395,0.006392993032601377,-4.023188639975323,4.528720589479005,-0.4731112227333212,-0.8686491677878605,0.6521507495094377,-0.6206670969346417,-2.519428829590975,2.029597573378213,6.1000000000000005
123,-48.05611152469465,-32.65298519651498,-41.517264934056826,-36.82161469471136,-28.781086594434775,-44.54895868738162,-16.10756060977752,-18.1964841185523,-13.148865070933251,-2.2924664638797156,-1.9529663113513989,-10.740819030472515,14.549288891784194,8.634782263456735,-0.7458967501015775,19.280549186782693,-11.456712951524445,6.573187416613136,-2.1532925078585627,-1.3750432374278563,-1.4692198518143864,-3.2668136235440564,0.15384238441136214,-0.09200968523001343,0.15384238441137738,0.005750605326877427,-3.850517055008683,4.570650355141003,-0.4911193161500185,-0.7954782560603892,0.5789598801915873,-0.6593660937615389,-2.5869141639373243,2.177196750611651,6.15
124,-48.65021631571719,-32.6785400893114,-41.64987652084053,-36.933516557383726,-28.85856929397084,-44.733405569409804,-16.082219608502246,-18.189601696091785,-13.141982648472753,-2.2917583407115014,-1.9893052046856452,-10.624808313340502,14.480300499558977,8.473435192228012,-0.5151180829866852,19.2457938749224,-11.460829174284724,6.573444680535656,-2.240441615791944,-1.3777217271291042,-1.5496912654375223,-3.2224303480985936,0.13566551836924667,-0.08113850867227902,0.13566551836922638,0.005071156792030444,-3.6667532995203027,4.60958689930801,-0.5071569632053338,-0.7178368219808855,0.5047179962422217,-0.7010239439712902,-2.656567260893281,2.329377513049869,6.2
125,-49.21340115479059,-32.70479834214251,-41.78607915060251,-37.04983598451138,-28.940076496055962,-44.90810965513749,-16.06064325215604,-18.183677690204412,-13.136058642585382,-2.2910870715371323,-2.0215385001983064,-10.500959478826344,14.411229335783085,8.314420061683446,-0.2825422497381769,19.208807727882476,-11.464372189553783,6.573666118989983,-2.3287929048975866,-1.3793771581426042,-1.6301813164189038,-3.1757915344148815,0.11649718690652647,-0.06967435884768297,0.11649718690660765,0.004354647427971621,-3.471897373510245,4.645530221979994,-0.5212241638993074,-0.6357248655493083,0.42942509766142273,-0.7456406475638242,-2.728388120458803,2.4861398606929055,6.25
126,-49.74566604191485,-32.73166143269024,-41.92598121147325,-37.17063308515294,-29.02560913255806,-45.07251633603859,-16.04288409147043,-18.1787616741612,-13.131142626542152,-2.2904526563566936,-2.0494426717718,-10.369043447669767,14.342126553390907,8.157849648734988,-0.048318911430829135,19.169442802993817,-11.467312348668269,6.573849878934631,-2.4183463751754606,-1.3800095304684301,-1.710690004758504,-3.1268971824930656,0.09633739002345426,-0.05761723575623486,0.09633739002339335,0.0036010772347973515,-3.265949276978488,4.6784803231569345,-0.5333209182318761,-0.5491423867656948,0.3530811844491263,-0.7932162045390567,-2.8023767426339394,2.6474837935408626,6.300000000000001
127,-50.24701097709,-32.75903083863652,-42.06969109158322,-37.29596796836699,-29.11516813534505,-45.22607100358701,-16.028994677177028,-18.174903221233155,-13.127284173614107,-2.2898550951701178,-2.0727941932885052,-10.228831140610568,14.27304330531679,8.003836730294513,0.18740227086062503,19.127551157587234,-11.469620002964867,6.573994107328167,-2.509102026625591,-1.3796188441065496,-1.7912173304564374,-3.0757472923330225,0.07518612771983767,-0.044967139398117695,0.07518612771984783,0.0028104462124010714,-3.0489090099249814,4.708437202838926,-0.5434472262030005,-0.45808938563004803,0.27568625660534407,-0.8437506148971821,-2.8785331274186965,2.813409311593629,6.3500000000000005
128,-50.71743596031602,-32.7868080376633,-42.21731717906292,-37.42590074321217,-29.20875443628486,-45.368219049256666,-16.019027560007366,-18.172151904691333,-13.124532857072273,-2.28929438797744,-2.0913695386308246,-10.080093478388504,14.204030744495189,7.852494083273959,0.4244716360614237,19.082984848993604,-11.471265503780197,6.574096951129128,-2.60105985924795,-1.3782050990570358,-1.8717632935124857,-3.022341863934887,0.053043399995768147,-0.03172406977319955,0.05304339999576815,0.001982754360813235,-2.8207765723498226,4.7354008610259,-0.5516030878127399,-0.362565862142423,0.19724031413002552,-0.8972438786379944,-2.956857274813066,2.9839164148512864,6.4
129,-51.156940991592904,-32.81489450745251,-42.3689678620428,-37.560491518747064,-29.306368967245373,-45.49840586452149,-16.013035290693054,-18.17055729780671,-13.122938250187678,-2.28877053477864,-2.104945181681167,-9.922601381743291,14.135140023860423,7.703934484585205,0.6627395230968096,19.03559593454381,-11.472219202450944,6.574156557296053,-2.694219873042572,-1.3757682953197687,-1.9523278939268425,-2.966680897298618,0.029909206851204972,-0.017888026881465124,0.029909206851245578,0.0011180016800389138,-2.5815519642529194,4.7593712977178395,-0.557788503061077,-0.2625718163026943,0.11774335702330227,-0.9536959957616008,-3.037349184817023,3.1590051033137714,6.45
130,-51.56552607092067,-32.84319172568603,-42.52475152865337,-37.69980040403031,-29.408012660094528,-45.616076840855364,-16.011070419965648,-18.170168973850355,-13.122549926231304,-2.288283535573722,-2.1132975963219156,-9.756125771414746,14.066422296346902,7.558270711140178,0.9020562708920452,18.98523647156868,-11.472451450313786,6.574171072787476,-2.788582068009356,-1.3723084328948953,-2.0329111316994455,-2.9087643924242177,0.00578354828616875,-0.0034590107229907283,0.005783548286178903,0.0002161881701948508,-2.331235185634336,4.780348512914829,-0.5620034719480321,-0.1581072481109345,0.03719538528499274,-1.0131069662680512,-3.1200088574305673,3.338675376981123,6.5
131,-51.9431911982993,-32.87160117004586,-42.684776567025104,-37.84388750812051,-29.513686446700213,-45.72067736973224,-16.013185498556737,-18.171036506093266,-13.123417458474234,-2.2878333903626973,-2.1162032564354933,-9.58043756814255,13.997928714889014,7.4156155398507995,1.1422722183723826,18.9317585173991,-11.471932598705344,6.57413864456194,-2.8841464441485116,-1.3678255117821754,-2.1135130068302965,-2.8485923493116188,-0.019333575699371483,0.011562978702396483,-0.01933357569938163,-0.0007226861688864575,-2.069826236493995,4.798332506616745,-0.564247994473582,-0.049172157567164594,-0.04440360108477295,-1.07547679015721,-3.2048362926537455,3.5229272358532606,6.550000000000001
132,-52.28993637372881,-32.90002431821389,-42.84915136528847,-37.992812940076284,-29.623391258930358,-45.81165284262601,-16.019433077197885,-18.17320946780649,-13.125590420187446,-2.28742009914555,-2.1134386359042496,-9.395307692666522,13.929710432421166,7.276081747628928,1.3832377044630697,18.875014129365915,-11.470632998962296,6.574057419577997,-2.9809130014597818,-1.3623195319818862,-2.19413351931939,-2.7861647679608756,-0.045442165105354565,0.027177941394493352,-0.04544216510540024,-0.001698621337151711,-1.7973251168320061,4.8133232788236695,-0.5645220706377283,0.06423345532870517,-0.12705360208605482,-1.1408054674291497,-3.2918314904865227,3.711760679930335,6.6000000000000005
133,-52.60576159720918,-32.92836264787205,-43.01798431157395,-38.14663680895622,-29.737128028652865,-45.888448651010606,-16.029865706620683,-18.176737432261042,-13.12911838464199,-2.2870436619222905,-2.104780208610627,-9.200507065726375,13.861818601877694,7.139782111386513,1.624803068089359,18.8148553648,-11.468523002421316,6.573925544794199,-3.0788817399433603,-1.3557904934938418,-2.274772669166739,-2.7214816483719733,-0.07254221993190191,0.04338587735333517,-0.0725422199318613,-0.0027116173345958197,-1.5137318266482869,4.825320829535646,-0.5628257004404491,0.18210959057656811,-0.2107546177188111,-1.2090929980838874,-3.380994450928912,3.905175709212201,6.65
134,-52.89066686874043,-32.95651763670227,-43.19138379401203,-38.305419223818966,-29.854897687735654,-45.95051018635991,-16.0445359375567,-18.181669972727935,-13.134050925108891,-2.286704078692923,-2.090004448437013,-8.995806608061928,13.794304376193029,7.006829408035447,1.8668186481764841,18.75113428103221,-11.465572960419028,6.573741167169056,-3.1780526595991634,-1.348238396318115,-2.3554304563722757,-2.6545429905449103,-0.10063374017883159,0.060186786579049315,-0.10063374017888235,-0.0037616741611528337,-1.219046365942901,4.834325158752575,-0.5591588838818689,0.30445624817645117,-0.295506647983105,-1.2803393821214097,-3.4723251739808907,4.103172323699014,6.7
135,-53.144652188322546,-32.984390762386504,-43.3694582007332,-38.46922029372309,-29.976701168046645,-45.99728284014787,-16.063496320737485,-18.188056662478207,-13.140437614859163,-2.286401349457439,-2.068887829265778,-8.780977240412888,13.727218908301529,6.877336414487654,2.1091347836497065,18.683702935393402,-11.461753224292124,6.573502433661125,-3.2784257604272105,-1.3396632404546707,-2.4361068809361512,-2.585348794479838,-0.1297167258463666,0.0775806690714985,-0.12971672584633107,-0.004848791816952161,-0.9132687347157303,4.840336266474525,-0.553521620961785,0.4312734281284112,-0.381309692878834,-1.3545446195416855,-3.565823659642456,4.305750523390564,6.75
136,-53.367717555955544,-33.011883502606665,-43.55231591986792,-38.63810012772724,-30.102539401453733,-46.02821200384839,-16.086799406894638,-18.195947074782875,-13.14832802716383,-2.2861354742158326,-2.041206824979368,-8.555789883519019,13.660613351137577,6.751415907655013,2.3516018134342884,18.61241338521445,-11.457034145377277,6.573207491228945,-3.380001042427506,-1.330065025903628,-2.516801942858233,-2.5138990601764175,-0.15979117693429362,0.095567524830769,-0.15979117693429362,-0.005972970301877066,-0.5963989329669269,4.843354152701458,-0.5459139116803366,0.5625611304323628,-0.46816375240607905,-1.4317087103447703,-3.6614899079136145,4.51291030828703,6.800000000000001
137,-53.55986297163941,-33.03889733504469,-43.74006533954668,-38.81211883489002,-30.232413319824825,-46.04274306893538,-16.114497746759735,-18.205390782912946,-13.157771735293913,-2.285906452968119,-2.0067379094601576,-8.32001545812009,13.59453885763556,6.629180664449458,2.5940700764554494,18.537117687826186,-11.451386075011118,6.572854486831073,-3.482778505600038,-1.3194437526648235,-2.5975156421385774,-2.440193787634904,-0.19085709344270413,0.11414735385679482,-0.19085709344265844,-0.007134209616074735,-0.268436960696354,4.843378817433386,-0.5363357560375047,0.6983193550883902,-0.5560688265647996,-1.5118316545306056,-3.759323918794434,4.7246516783882795,6.8500000000000005
138,-53.72108843537415,-33.06533373738248,-43.93281484789996,-38.99133652427003,-30.366323855027865,-46.04032142688275,-16.14664389106433,-18.216437360139494,-13.16881831252045,-2.2857142857142922,-1.9652575565905495,-8.073424884955854,13.52904658072988,6.510743461782857,2.8363899116384648,18.45766790055951,-11.44477936453032,6.572441567426007,-3.029114463135039,-1.1265459649943521,-2.2610309019020356,-2.0603289209175717,-0.1767641206801534,0.10571866242168593,-0.17676412068008235,-0.006607416401381381,-0.0911182882697797,4.151905731470171,-0.4558929308082938,0.6561028974494927,-0.5141538810333257,-1.3297714151940667,-3.2638968261141867,4.139793227918427,6.9
139,-53.72108843537415,-33.091094187302005,-44.130672833058235,-39.17581330492591,-30.50427193893074,-46.020392469164435,-16.183290390540012,-18.229136379733493,-13.18151733211445,-2.2857142857142922,-1.9165422402529229,-7.815789084766063,13.464187673354896,6.396217076567183,3.0784116579085787,18.373916080745246,-11.437184365271527,6.57196687997234,-2.56111140626611,-0.9348731995900649,-1.9130209581563462,-1.690348939352447,-0.15851643567937618,0.09480513063053317,-0.15851643567930512,-0.005925320664434968,0.04251786541011039,3.45957391583239,-0.3762554288533489,0.5957696998173929,-0.45998135765964976,-1.1371104276546113,-2.7551128069108546,3.5259950346354536,6.95
140,-53.72108843537415,-33.116080162485176,-44.333747683152,-39.36560928591623,-30.646258503401366,-45.98240158725433,-16.224489795918362,-18.24353741496599,-13.19591836734692,-2.2857142857142922,-1.8603684343296907,-7.546878978290479,13.400013288445006,6.285714285714297,3.319985654191043,18.28571428571429,-11.428571428571438,6.571428571428573,-2.0785975948256836,-0.7445716076930635,-1.5534831484218161,-1.3305760626877647,-0.13597240052318119,0.08132204801668284,-0.1359724005231152,-0.005082628001062027,0.13088690455445265,2.7668109735907374,-0.2977047425100322,0.5166811161419363,-0.3934011114963569,-0.9334259985718907,-2.232662180811652,2.8826025863672653,7.0
141,-53.72108843537415,-33.116080162485176,-44.333747683152,-39.36560928591623,-30.646258503401366,-45.98240158725433,-16.224489795918362,-18.24353741496599,-13.19591836734692,-2.2857142857142922,-1.8603684343296907,-7.546878978290479,13.400013288445006,6.285714285714297,3.319985654191043,18.28571428571429,-11.428571428571438,6.571428571428573,-1.5814012886463105,-0.5557873405444441,-1.1824148102186924,-0.9813325106718915,-0.10899037729440647,0.0651847041133739,-0.10899037729430497,-0.004074044007142332,0.17240423337442892,2.074044507815989,-0.22052236411568138,0.4181985003727642,-0.31426299759607956,-0.7182954346054236,-1.696235267443766,2.2089613709417506,7.050000000000001
142,-53.72108843537415,-33.116080162485176,-44.333747683152,-39.36560928591623,-30.646258503401366,-45.98240158725433,-16.224489795918362,-18.24353741496599,-13.19591836734692,-2.2857142857142922,-1.8603684343296907,-7.546878978290479,13.400013288445006,6.285714285714297,3.319985654191043,18.28571428571429,-11.428571428571438,6.571428571428573,-1.0693507475605646,-0.3686665493853538,-0.7998132810671499,-0.6429405030530305,-0.07742872807569842,0.046308388453947566,-0.07742872807562737,-0.0028942742783831426,0.16548525608119602,1.3817021215788,-0.14498978600769924,0.29968320645959756,-0.22241687101152482,-0.491296042414922,-1.1455223864343913,1.5044168761867893,7.1000000000000005
143,-53.72108843537415,-33.116080162485176,-44.333747683152,-39.36560928591623,-30.646258503401366,-45.98240158725433,-16.224489795918362,-18.24353741496599,-13.19591836734692,-2.2857142857142922,-1.8603684343296907,-7.546878978290479,13.400013288445006,6.285714285714297,3.319985654191043,18.28571428571429,-11.428571428571438,6.571428571428573,-0.5422742314009118,-0.1833553854568296,-0.4056758984875093,-0.31572225957967465,-0.04114581494998721,0.024608390571683902,-0.041145814949916155,-0.0015380244107632334,0.10854537688601378,0.6902114179499005,-0.0713885005233451,0.1604965883520925,-0.1177125867952867,-0.2520051286598813,-0.5802138574107545,0.7683145899302424,7.15
144,-53.72108843537415,-33.116080162485176,-44.333747683152,-39.36560928591623,-30.646258503401366,-45.98240158725433,-16.224489795918362,-18.24353741496599,-13.19591836734692,-2.2857142857142922,-1.8603684343296907,-7.546878978290479,13.400013288445006,6.285714285714297,3.319985654191043,18.28571428571429,-11.428571428571438,6.571428571428573,0.0,0.0,0.0,0.0,0.0,0.0,0.0,0.0,0.0,0.0,0.0,0.0,0.0,0.0,0.0,0.0,7.2
145,-53.72108843537415,-33.116080162485176,-44.333747683152,-39.36560928591623,-30.646258503401366,-45.98240158725433,-16.224489795918362,-18.24353741496599,-13.19591836734692,-2.2857142857142922,-1.8603684343296907,-7.546878978290479,13.400013288445006,6.285714285714297,3.319985654191043,18.28571428571429,-11.428571428571438,6.571428571428573,0.0,0.0,0.0,0.0,0.0,0.0,0.0,0.0,0.0,0.0,0.0,0.0,0.0,0.0,0.0,0.0,7.25
146,-53.72108843537415,-33.116080162485176,-44.333747683152,-39.36560928591623,-30.646258503401366,-45.98240158725433,-16.224489795918362,-18.24353741496599,-13.19591836734692,-2.2857142857142922,-1.8603684343296907,-7.546878978290479,13.400013288445006,6.285714285714297,3.319985654191043,18.28571428571429,-11.428571428571438,6.571428571428573,0.0,0.0,0.0,0.0,0.0,0.0,0.0,0.0,0.0,0.0,0.0,0.0,0.0,0.0,0.0,0.0,7.300000000000001
147,-53.72108843537415,-33.116080162485176,-44.333747683152,-39.36560928591623,-30.646258503401366,-45.98240158725433,-16.224489795918362,-18.24353741496599,-13.19591836734692,-2.2857142857142922,-1.8603684343296907,-7.546878978290479,13.400013288445006,6.285714285714297,3.319985654191043,18.28571428571429,-11.428571428571438,6.571428571428573,0.0,0.0,0.0,0.0,0.0,0.0,0.0,0.0,0.0,0.0,0.0,0.0,0.0,0.0,0.0,0.0,7.3500000000000005
148,-53.72108843537415,-33.116080162485176,-44.333747683152,-39.36560928591623,-30.646258503401366,-45.98240158725433,-16.224489795918362,-18.24353741496599,-13.19591836734692,-2.2857142857142922,-1.8603684343296907,-7.546878978290479,13.400013288445006,6.285714285714297,3.319985654191043,18.28571428571429,-11.428571428571438,6.571428571428573,0.0,0.0,0.0,0.0,0.0,0.0,0.0,0.0,0.0,0.0,0.0,0.0,0.0,0.0,0.0,0.0,7.4
