frame,ball_x,8_x,9_x,11_x,15_x,26_x,19924_x,20000_x,ball_y,8_y,9_y,11_y,15_y,26_y,19924_y,20000_y,11_vx,11_vy,15_vx,15_vy,19924_vx,19924_vy,20000_vx,20000_vy,26_vx,26_vy,8_vx,8_vy,9_vx,9_vy,Time [s]
0,-17.67540799942294,-6.8594672257771565,-13.628571428571425,-18.58132314700554,-20.262585034013604,-14.277551020408163,1.9469387755101906,1.2258503401360694,19.45446391073517,16.00952014699223,23.42857142857143,16.059633280224418,-4.571428571428574,-24.757142857142863,26.2857142857143,4.142857142857155,,,,,,,,,,,,,,,0.0
1,-16.46893916211161,-6.911566711776087,-13.56477716255409,-18.33590422904954,-20.223592725948585,-14.209809401694587,1.8996482439365652,1.2258503401360694,18.813229707580582,15.980273186891672,23.52468007341584,16.358492014430297,-4.543337391559135,-24.718098944076342,26.094915926136803,4.142857142857155,,,,,,,,,,,,,,,0.05
2,-15.335589648273658,-6.961268047506234,-13.510560931467614,-18.12100640016049,-20.18681936474281,-14.124061908936977,1.852726240925141,1.2258503401360694,18.210858183405037,15.930378006237566,23.604777395406984,16.620109509672158,-4.5227697686784,-24.683195490445602,25.910414139816098,4.142857142857155,,,,,,,,,,,,,,,0.1
3,-14.275359457909156,-7.008758250434244,-13.465728342994579,-17.93551510482581,-20.152254370783822,-14.02167052218316,1.8061653745192219,1.2258503401360694,17.647349338208578,15.860638490245478,23.669320817937315,16.845831702337886,-4.50915610510958,-24.65199640159601,25.732082629899956,4.142857142857155,,,,,,,,,,,,,,,0.15000000000000002
4,-13.288248591018046,-7.054224338026603,-13.430085004817624,-17.77831578753298,-20.11988716445918,-13.903997221480946,1.7599582527619457,1.2258503401360694,17.12270317199118,15.771858524130906,23.71876776439929,17.037004528815398,-4.501926803175866,-24.62406558287287,25.559795099536085,4.142857142857155,3.188568566357393,3.877293985066714,0.6477673109909533,0.16736994574634068,-0.9244381134163351,-3.450802481367765,0.0,0.0,2.2989868121303605,0.5760601606491633,-0.9168024505118233,-1.743443913670052,0.7206424562364738,1.0072358649377426,0.2
5,-12.374257047600345,-7.097853327750022,-13.403436524619245,-17.648293892769484,-20.089707166156423,-13.772403986878217,1.7140974836966156,1.2258503401360694,16.636919684752847,15.664841993109402,23.753575658185362,17.194973925492587,-4.500512265200434,-24.598966939621544,25.39342525187225,4.142857142857155,2.6450201157705875,3.2132253890607787,0.6040231505530816,0.05107466658018009,-0.9175110595783144,-3.3324488273672763,0.0,0.0,2.577385490141008,0.51941665121309,-0.8800604931321284,-2.1081752118088963,0.5407452966642572,0.7144548114196931,0.25
6,-11.533384827656086,-7.139832237071065,-13.385588510082071,-17.544334865022815,-20.061703796263103,-13.628252798422805,1.6685756753663696,1.2258503401360694,16.189998876493586,15.5403927823965,23.774201922688,17.32108582875742,-4.504342893506542,-24.57626437718736,25.232846790056136,4.142857142857155,2.1237627754343125,2.5760755208129837,0.5604905823642727,-0.05382865905003699,-0.9107318448758597,-3.2166211104118294,0.0,0.0,2.828544567194799,0.4714950348701815,-0.8470588850843872,-2.4568288056371097,0.36473598344036257,0.43082222575085266,0.30000000000000004
7,-10.765631931185235,-7.180348083456295,-13.376346568888659,-17.465324148780454,-20.03586647516677,-13.472905636162537,1.6233854358144733,1.2258503401360694,15.781940747213383,15.399314777207712,23.78110398129964,17.416686174997768,-4.512849090417355,-24.555521800915656,25.07793341723558,4.142857142857155,1.6247965453485083,1.9658443803235923,0.5171696064244153,-0.1473400311442649,-0.9041004693091206,-3.103319330501516,0.0,0.0,3.052464043291937,0.43229531162064105,-0.81779762636844,-2.789404695154738,0.19261451656496265,0.15633810793106911,0.35000000000000003
8,-10.070998358187776,-7.219587884372332,-13.3755163087216,-17.410147188529834,-20.012184623255006,-13.307724480145234,1.5785193730841551,1.2258503401360694,15.412745296912258,15.242411862758559,23.774739257412733,17.48312090060157,-4.525461258256072,-24.53630311615176,24.928558836558256,4.142857142857155,1.1481214255131025,1.382531967592452,0.47406022273360027,-0.22945944970252133,-0.8976169328778199,-2.9925434876364267,0.0,0.0,3.249143918432214,0.40181748146429586,-0.7922767169846877,-3.105902880361795,0.024380896038032104,-0.10899754203957657,0.4
9,-9.449484108663746,-7.25773865728577,-13.382903337263487,-17.37768942875848,-19.990647660915315,-13.134071310418797,1.5339700952185902,1.2258503401360694,15.082412525590179,15.070487924264578,23.755565174419782,17.521735941956702,-4.541609799345913,-24.51817222824104,24.784596751171957,4.142857142857155,0.6937374159281565,0.826138282619634,0.43116243129171633,-0.30018691472489767,-0.8912812355822988,-2.8842935818164497,0.0,0.0,3.418584192615716,0.38006154440129836,-0.770496156932666,-3.406323361258251,-0.13996487814053576,-0.3651847241610741,0.45
10,-8.901089182613138,-7.294987419663198,-13.398313262196842,-17.366836313953833,-19.971245008535277,-12.953308107030981,1.4897302102610297,1.2258503401360694,14.790942433247167,14.88434684694132,23.72403915571319,17.533877235451143,-4.560725116010072,-24.500693042528784,24.645920864224426,4.142857142857155,0.2616445165937113,0.29666332540504736,0.38847623209882437,-0.35952242621130276,-0.8850933774222801,-2.778569613041394,0.0,0.0,3.560784865842496,0.36702750043149635,-0.7524559462125171,-3.69066613784422,-0.30042280597067006,-0.6122234384334746,0.5
11,-8.425813580035936,-7.3315211889712435,-13.421551691204312,-17.376473288603393,-19.95396608650242,-12.766796850029671,1.4457923262547088,1.2258503401360694,14.538335019883252,14.684792516004277,23.680618624685437,17.520890717472756,-4.582237610571749,-24.483429464360366,24.512404878863336,4.142857142857155,-0.1481572724902437,-0.20589290405124752,0.3460016251549445,-0.407465984161711,-0.879053358397891,-2.6753715813116226,0.0,0.0,3.6757459381125908,0.3627153495549301,-0.7381560848244004,-3.958931210119612,-0.4569928874524415,-0.8501136848567875,0.55
12,-8.02365730093215,-7.367526982676456,-13.452424231968433,-17.40548579719463,-19.938800315204322,-12.575899519462716,1.402149051242811,1.2258503401360694,14.324590285498383,14.472628816669014,23.625761004728986,17.48412232440946,-4.605577685354148,-24.46594539908109,24.383922498236494,4.142857142857155,-0.5356679513237698,-0.6815304057492713,0.303738610460087,-0.4440175885761529,-0.8731611785091336,-2.5746994866268733,0.0,0.0,3.7634674094258562,0.3671250917716508,-0.727596572768149,-4.211118578084389,-0.6096751225856982,-1.0788554634309122,0.6000000000000001
13,-7.694620345301778,-7.403191818245446,-13.490736492171806,-17.452759284215016,-19.925737115028515,-12.381978095377931,1.3587929932685716,1.2258503401360694,14.149708230092573,14.248659634151023,23.559923719236284,17.424917992649185,-4.630175742680498,-24.447804752036337,24.26034742549165,4.142857142857155,-0.9008875199068049,-1.130249179688911,0.2616871880141705,-0.4691772394546538,-0.8674168377558332,-2.4765533289872868,0.0,0.0,3.8239492797823864,0.3802567270817088,-0.7207774100438715,-4.447228241738575,-0.7584695113705512,-1.2984487741559594,0.65
14,-7.438702713144835,-7.438702713144835,-13.536294079497013,-17.51717919415204,-19.91476590636254,-12.18639455782313,1.3157167603752113,1.2258503401360694,14.013688853665847,14.013688853665847,23.483564191599765,17.34462365857983,-4.6554621848739535,-24.42857142857143,24.141553363776513,4.142857142857155,-1.2438159782394411,-1.5520492258703804,0.21984735781724593,-0.4829449367972644,-0.8618203361382499,-2.380933108392854,0.0,0.0,3.857191549182076,0.40211025548497237,-0.717698596651525,-4.667260201082265,-0.9033760538070772,-1.508893617031879,0.7000000000000001
15,-7.511537597359131,-7.474246684841184,-13.588902601626595,-17.597630971493153,-19.905876109593976,-11.990510886846184,1.2729129606059584,1.2258503401360694,13.679807515384534,13.768520360429022,23.397139845211914,17.244585258589325,-4.680867414257725,-24.407809334031683,24.02741401623885,4.142857142857155,-1.5644533263215772,-1.9469305442935998,0.178219119869293,-0.4853206806038278,-0.8563716736563396,-2.2878388248434334,0.0,0.0,3.8631942176250686,0.4326856769815533,-0.7183601325910185,-4.871214456115328,-1.044394749895109,-1.7101899920586816,0.75
16,-7.58350020751097,-7.510010750801125,-13.64836766624318,-17.69300006072586,-19.899057145110355,-11.795689062494962,1.2303742020040485,1.2258503401360694,13.34992475600478,13.513958039656076,23.301108103465197,17.126148729065584,-4.705821833155042,-24.38508237376244,23.917803086026407,4.142857142857155,-1.862799564153223,-2.3148931349583837,0.13680247417040298,-0.47630447087450584,-0.851070850309954,-2.197270478339125,0.0,0.0,3.841957285111367,0.47198299157120766,-0.7227620178625114,-5.059091006837894,-1.1815255996347773,-1.902337899236396,0.8
17,-7.654590543600399,-7.546181928491232,-13.714494881029319,-17.802171906337637,-19.89429843329924,-11.603291064817254,1.188093092612642,1.2258503401360694,13.024040575526607,13.250805776562526,23.19592638975203,16.99066000639651,-4.729755843889115,-24.359954453109044,23.812594276286926,4.142857142857155,-2.138854691734399,-2.6559369978649987,0.09559742072044383,-0.4558963076091668,-0.8459178660991754,-2.10922806887998,0.0,0.0,3.793480751640895,0.5200021992543519,-0.7309042524658642,-5.2308898532498045,-1.3147686030259567,-2.0853373385649734,0.8500000000000001
18,-7.7248086056273495,-7.5829472353781,-13.7870898536676,-17.924031952815945,-19.891589394548166,-11.414678873860897,1.1460622404749898,1.2258503401360694,12.702154973949996,12.979867456363912,23.082052127464898,16.839465026969997,-4.7520998487830886,-24.331989477416823,23.711661290168134,4.142857142857155,-2.392618709065094,-2.9700621330132804,0.05460395951943605,-0.4240961908078817,-0.8409127210239641,-2.0237115964659482,0.0,0.0,3.717764617213446,0.5767433000307419,-0.7427868364011456,-5.386610995351196,-1.444123760068722,-2.2591883100443613,0.9
19,-7.794154393591874,-7.620493688928335,-13.865958191840605,-18.057465644648257,-19.89091944924468,-11.231214469673738,1.104274253634327,1.2258503401360694,12.384267951274976,12.70194696427575,22.959942739996247,16.673909727174024,-4.772284250160225,-24.300751352031167,23.6148778308178,4.142857142857155,-2.6240916161454506,-3.2572685404032486,0.013822090567450526,-0.3809041204707063,-0.8360554150844032,-1.9407210610970078,0.0,0.0,3.614808881829429,0.6422062939003376,-0.7584097696684693,-5.526254433141984,-1.5695910707631298,-2.423890813674682,0.9500000000000001
20,-7.862627907493926,-7.659008306608499,-13.95090550323089,-18.201358426322056,-19.89227801777636,-11.054259832303618,1.0627217401338602,1.2258503401360694,12.070379507501519,12.417848185513591,22.830055650738544,16.495340043396435,-4.789739450343706,-24.265803982297314,23.522117601383655,4.142857142857155,-2.833273412975216,-3.5175562200350177,-0.02674818613553292,-0.3263200965975572,-0.8313459482805169,-1.8602564627732519,0.0,0.0,3.4846135454886387,0.7163911808631998,-0.7777730522675896,-5.6498201666222805,-1.6911705351090076,-2.5794448494558857,1.0
21,-7.930229147333552,-7.698678105885236,-14.041737395521066,-18.354595742324822,-19.895654520530737,-10.885176941798424,1.021397308016824,1.2258503401360694,11.760489642629631,12.128375005292929,22.69284828308424,16.305101912025183,-4.803895851656712,-24.22671127356067,23.43325430501343,4.142857142857155,-3.0201640995545316,-3.7509251719084538,-0.06710687058953463,-0.2603441191884239,-0.8267843206121965,-1.7823178014945076,0.0,0.0,3.3271786081911148,0.7992979609193587,-0.8008766841986844,-5.757308195791925,-1.8088621531066242,-2.725850417387941,1.05
22,-7.996958113110722,-7.739690104225148,-14.13825947639369,-18.51606303714406,-19.901038377895368,-10.725327778205884,0.9802935653264172,1.2258503401360694,11.454598356659325,11.834331308829327,22.548778060425775,16.104541269448188,-4.814183856422472,-24.183037131166564,23.348161644854898,4.142857142857155,-3.184763675883429,-3.957375396023524,-0.10725396279449388,-0.18297618824338244,-0.8223705320793782,-1.706905077260927,0.0,0.0,3.142504069936781,0.8909266340687341,-0.8277206654616469,-5.848718520651022,-1.9226659247557014,-2.8631075174709,1.1
23,-8.062814804825457,-7.782231319094781,-14.240277353531333,-18.684645755267187,-19.90841901025779,-10.576074321573937,0.9394031201058675,1.2258503401360694,11.152705649590581,11.536520981338278,22.398302406155636,15.895004052053327,-4.820033866964187,-24.13434546046032,23.266713324055768,4.142857142857155,-3.3270721419618456,-4.136906892380442,-0.14718946275055245,-0.09421630376236982,-0.8181045826822102,-1.6340182900724083,0.0,0.0,2.930589930725611,0.9912772003114563,-0.8583049960565172,-5.924051141199509,-2.032581850056369,-2.9912161497046896,1.1500000000000001
24,-8.12779922247773,-7.826488767960772,-14.347596634616638,-18.859229341181724,-19.917785838005578,-10.438778551950364,0.8987185803983732,1.2258503401360694,10.854811521423398,11.235747908035352,22.241878743666252,15.67783619622855,-4.820876285605063,-24.080200166787268,23.18878304576385,4.142857142857155,-3.447089497789811,-4.289519660979006,-0.18691337045755824,0.00593553425468539,-0.8139864724205663,-1.5636574399290832,0.0,0.0,2.6914361905577513,1.1003496596473332,-0.8926296759834427,-5.983306057437564,-2.1386099290086635,-3.110176314089422,1.2000000000000002
25,-8.191911366067547,-7.872649468289676,-14.460022927332096,-19.038699239375145,-19.92912828152624,-10.314802449383023,0.8582325542472075,1.2258503401360694,10.560915972157817,10.932815974136055,22.079964496350083,15.454383638361763,-4.8161415146682724,-24.020165155492766,23.11424451312681,4.142857142857155,-3.5448157433673586,-4.415213701819315,-0.22642568591559245,0.11747932580759261,-0.8100162012946595,-1.4958225268307497,0.0,0.0,2.425042849433184,1.2181440120765377,-0.9306947052421929,-6.026483269364903,-2.2407501616124996,-3.2199880106249568,1.25
26,-8.255151235594951,-7.920900437548116,-14.577361839360334,-19.221940894334903,-19.942435761207374,-10.205507993919774,0.8179376496955535,1.2258503401360694,10.271019001793807,10.628529064855922,21.913017087599606,15.22599231484087,-4.805259956477054,-23.953804331922157,23.042971429292457,4.142857142857155,-3.6202508786942733,-4.513989014901363,-0.2657264091246043,0.24041507089648137,-0.806193769304298,-1.4305135507775695,0.0,0.0,2.131409907351827,1.3446602575990387,-0.9725000838327876,-6.053582776981782,-2.3390025478678913,-3.320651239311464,1.3
27,-8.3175188310599,-7.971428693202704,-14.699418978383923,-19.40783975054849,-19.957697697436505,-10.112257165608405,0.7778264747866619,1.2258503401360694,9.985120610331347,10.323691065410443,21.741493940807246,14.994008162053783,-4.787662013354566,-23.880681601420747,22.974837497408476,4.142857142857155,-3.673394903770903,-4.585845600225081,-0.30481554008468553,0.3747427695213345,-0.8025191764495453,-1.3677305117694925,0.0,0.0,1.8105373643136504,1.479898396214696,-1.0180458117553752,-6.064604580287977,-2.433367087774963,-3.4121660001488365,1.35
28,-8.379014152462375,-8.024421252720003,-14.825999952085441,-19.595281252503398,-19.974903510601195,-10.036411944496809,0.737891637563693,1.2258503401360694,9.70322079777047,10.019105861015213,21.565852479365503,14.759777116388422,-4.762778087624055,-23.800360869333883,22.90971642062267,4.142857142857155,-3.704247818597,-4.630783457790545,-0.3436930787957137,0.5204624216822168,-0.7989924227303159,-1.3074734098065992,0.0,0.0,1.4624252203187644,1.6238584279236488,-1.0673318890098522,-6.059548679283696,-2.5238437813334773,-3.494532293137058,1.4000000000000001
29,-8.439637199802426,-8.080065133566624,-14.956910368147453,-19.783150844687057,-19.99404262108898,-9.979334310632744,0.6981257460699128,1.2258503401360694,9.425319564111183,9.715577336885703,21.386550126666762,14.52464511423271,-4.730038581608704,-23.7124060410069,22.847481902082748,4.142857142857155,-3.712809623172604,-4.648802587597719,-0.3823590252578818,0.6775740273790121,-0.7956135081468664,-1.2497422448887665,0.0,0.0,1.087073475367077,1.7765403527259789,-1.120358315596397,-6.03841507396881,-2.6104326285436326,-3.56775011827612,1.4500000000000002
30,-8.499387973080022,-8.138547353209162,-15.09195583425257,-19.970333971587003,-20.01510444928743,-9.94238624406416,0.6585214083485267,1.2258503401360694,9.151416909353443,9.413909378237486,21.204044306103544,14.28995809197455,-4.68887389763172,-23.616381021785177,22.788007644936446,4.142857142857155,-3.6990803174977507,-4.639902989646615,-0.420813379470916,0.8460775866117408,-0.7923824326990051,-1.194537017016078,0.0,0.0,0.6844821294587331,1.9379441706215257,-1.1771250915146905,-6.00120376434342,-2.693133629405421,-3.6318194755661266,1.5
31,-8.558266472295191,-8.20005492911422,-15.230941958083354,-20.155716077690673,-20.038078415584078,-9.926929724838796,0.6190712324427627,1.2258503401360694,8.881512833497279,9.114905870286059,21.018792441068282,14.05706198600186,-4.6387144380162875,-23.51184971701399,22.73116735233154,4.142857142857155,-3.663059901572468,-4.604084663937157,-0.4590561414350599,1.0259730993803902,-0.7892991963866668,-1.141857726188462,0.0,0.0,0.25465118259348757,2.108069881610298,-1.237632216765019,-5.947914750407336,-2.771946783918746,-3.686740365006966,1.55
32,-8.616272697447894,-8.264774878748415,-15.373674347322368,-20.338182607485557,-20.062953940366498,-9.934326733004546,0.5797678263958042,1.2258503401360694,8.615607336542702,8.81937069824697,20.83125195495344,13.827302732702561,-4.578990605085618,-23.398376032038673,22.67683472741574,4.142857142857155,-3.605487581046389,-4.542219888431043,-0.49707028377248735,1.2168678254042682,-0.7863637992099378,-1.0917043724059896,-0.1342285832082235,-0.012368583797197673,-0.2011146771274298,2.286270177793303,-1.3019832689292246,-5.8788558334658365,-2.846872092083629,-3.7325127865987704,1.6
33,-8.673406648538137,-8.332894219578257,-15.519958609652232,-20.516619005459116,-20.089720444022195,-9.965939248609217,0.5406037982509017,1.2258503401360694,8.353700418489689,8.528107747335724,20.64188027115146,13.602026268464554,-4.509132801162945,-23.275523872204623,22.62488347333683,4.142857142857155,-3.5300593841684567,-4.4586700529359415,-0.5347706695948775,1.4167980632797244,-0.7835762411687744,-1.0440769556686091,-0.26845716641640327,-0.024737167594367376,-0.6762920091999141,2.4693085196752365,-1.370696135917515,-5.795566020044101,-2.917909553900188,-3.769136740341333,1.6500000000000001
34,-8.72966832556595,-8.40459996907046,-15.669600352755484,-20.689910716098854,-20.118367346938776,-10.023129251700684,0.5015717560513284,1.2258503401360694,8.09579207933825,8.241920902767875,20.451134813054807,13.382578529675778,-4.42857142857143,-23.142857142857142,22.575187293242514,4.142857142857155,-3.4412105448368426,-4.358668825221276,-0.5720551346361242,1.6234073713222632,-0.7809365222632623,-0.9989754759763613,-0.40268574962460396,-0.03710575139148125,-1.1630526850181662,2.653301059862006,-1.4443922832219103,-5.699892117972537,-2.9850591693682045,-3.796612226234796,1.7000000000000002
35,-8.785057728531324,-8.480115396845232,-15.82240518431471,-20.857201905869633,-20.148878109921565,-10.10680208149141,0.4626643078402149,1.1788703360131914,7.841882319088401,7.9615063193021705,20.259473004055934,13.170000155437558,-4.336874348732561,-23.000166307106227,22.527619890280572,4.138528138528136,-3.3433762969502916,-4.247449873056367,-0.6088215146303353,1.834339307847495,-0.7784446424933809,-0.9563999333291762,-0.5369143328327406,-0.049474335188638266,-1.65356857597705,2.834363950959196,-1.523693176334656,-5.593680935081527,-3.04832093848784,-3.8149392442791337,1.75
36,-8.83957485743424,-8.559808781137754,-15.978178712012518,-21.018671629146016,-20.181212355447187,-10.216036513852714,0.4238740616608419,1.1318903318903284,7.591971137740079,7.687129229870268,20.067352267547296,12.964110595705131,-4.2341592594608,-22.848148059120568,22.482054967598735,4.134199134199126,-3.2409918744072073,-4.130246864210528,-0.6449676453112219,2.0472374311708554,-0.7761006018590012,-0.9163503277271342,-0.6711429160408985,-0.06184291898580797,-2.140011553471085,3.0086133455725403,-1.609220280747781,-5.478779279201413,-3.107694861259072,-3.824117794474415,1.8
37,-8.893219712274732,-8.644084652336831,-16.13672654353144,-21.174757662279898,-20.215323746410075,-10.349454683820518,0.3851936255563848,1.084910327767458,7.346058535293368,7.418947136947097,19.875230026921365,12.764424003147102,-4.120681317668928,-22.687725650833475,22.43836622834472,4.129870129870136,-3.1384925111059667,-4.012293466453211,-0.6803913624129216,2.2597452996082037,-0.7739044003602527,-0.8788266591702055,-0.8053714992490142,-0.07421150278299041,-2.6145534888947823,3.1721653963077463,-1.7015950619535407,-5.3570339581625825,-3.163180937681918,-3.82414787682055,1.85
38,-8.94599229305273,-8.73334754083135,-16.2978542865541,-21.325897781623276,-20.251165945704695,-10.505678726430764,0.34661560757007936,1.0379303236446102,7.104144511748223,7.157117543007524,19.683563705570585,12.570454530432132,-3.996695680269664,-22.519822334178272,22.396427375666327,4.125541125541131,-3.040313440945143,-3.89882334755369,-0.7149905016692564,2.46950647147487,-0.7718560379971977,-0.8438289276583583,-0.9396000824572146,-0.08658008658016006,-3.069366253642715,3.3211362557706323,-1.8014389854438195,-5.230291779795384,-3.2147791677562654,-3.815029491317553,1.9000000000000001
39,-8.997892599768337,-8.828001977010139,-16.461367548763043,-21.47252976352808,-20.288692616225426,-10.683330776719426,0.30813261574515366,0.9909503195217549,6.86622906710463,6.9017979505264755,19.492810726887395,12.381716330228876,-3.8624575041758185,-22.345361361088283,22.356112112711244,4.121212121212122,-2.9501506921734326,-3.794197897319715,-0.7486799261918465,2.6745572453672954,-0.7699555147696664,-0.8113571331916445,-0.9396000824572361,-0.08658008658007632,-3.497926407210592,3.4522893844658644,-1.9092699391289911,-5.100091750625191,-3.262489551482242,-3.79676263796543,1.9500000000000002
40,-9.048920632421442,-8.928452491261996,-16.627071937840903,-21.615091384346204,-20.327857420866717,-10.88103296972239,0.2697372581248133,0.9439703153989146,6.632312201362634,6.653145861978821,19.30342851426427,12.19772355520593,-3.718221946300074,-22.165265983496912,22.317294142627258,4.116883116883108,-2.8687434704405192,-3.6992893937129234,-0.7814426086031293,2.8745048810047105,-0.7682028306778308,-0.7814112757701053,-0.9396000824572152,-0.08658008658007638,-3.898929261497255,3.5649774744945377,-2.0251915005909646,-4.966741671956992,-3.3063120888597766,-3.7693473167641915,2.0
41,-9.099076391012147,-9.035103613975798,-16.794773061470178,-21.754020420429654,-20.368614022523015,-11.097407440475635,0.23142214275230913,0.8969903112760442,6.4023939145222215,6.41131877983949,19.115874491093663,12.017990358031986,-3.564244163555225,-21.98045945333742,22.27984716856209,4.112554112554099,-2.79609177574657,-3.614097836733246,-0.8132785489030625,3.0693493783870642,-0.7665979857214741,-0.7539913553935357,-0.9396000824570856,-0.08658008658016007,-4.272374816502854,3.6592005258565248,-2.149203669829695,-4.830241543790845,-3.3462467798889244,-3.732783527713842,2.0500000000000003
42,-9.148359875540379,-9.148359875540379,-16.964276527333496,-21.889754648130335,-20.41091608408871,-11.331076324015116,0.19317987767083153,0.8500103071531586,6.176474206583353,6.176474206583353,18.930606080768033,11.842030891375657,-3.400779312854007,-21.791865022543174,22.243644893663497,4.108225108225109,-2.7321956080913887,-3.5386232263807584,-0.8441877470915168,3.2590907375143505,-0.7651409799008563,-0.7290973720622014,-0.939600082457215,-0.0865800865801043,-4.61826307222728,3.734958538551793,-2.2813064468452287,-4.690591366126666,-3.3822936245696424,-3.687071270814399,2.1
43,-9.52791842646883,-9.268625806344591,-17.13538794311344,-22.022731843800198,-20.454717268458282,-11.580661755376752,0.15500307092360116,0.8030303030303032,5.941596005662718,5.9487696446853215,18.74808070667983,11.669359307905609,-3.228082551109152,-21.60040594304748,22.2085610210792,4.1038961038960995,-2.6770549674750495,-3.472865562655381,-0.8741702031686617,3.443728958386742,-0.7638318132157388,-0.7067293257758878,-0.9396000824571717,-0.0865800865801017,-4.936594028670636,3.7922515125804668,-2.421499831637484,-4.547791138964561,-3.4144526229019525,-3.632210546065783,2.15
44,-9.894225556666623,-9.396305936777225,-17.307912916492565,-22.153389783791198,-20.499971238526147,-11.844785869596517,0.1168843305538688,0.756050298907478,5.714918041183208,5.728362596620301,18.56875579222152,11.499489760290466,-3.046409035233455,-21.40700546678369,22.174469253956982,4.09956709956708,-2.6306698538976687,-3.416824845557161,-0.9032259171343983,3.6232640410040395,-0.7626704856662523,-0.686887216534718,-0.9396000824572364,-0.08658008658006362,-5.227367685832888,3.831079447942511,-2.5697838242065827,-4.4018408623044625,-3.4427237748857196,-3.5682013534680617,2.2
45,-10.247281266133747,-9.53180479722718,-17.481657055153473,-22.28216624445526,-20.546631657186726,-12.122070801710311,0.07881626460477975,0.709070294784585,5.496440313144814,5.515410564863191,18.393088760785545,11.331936401198867,-2.856013922139642,-21.212586845685145,22.141243295444557,4.095238095238095,-2.593040267359043,-3.370501075086116,-0.9313548889887151,3.7976959853663477,-0.7616569972523318,-0.6695710443386915,-0.9396000824572582,-0.08658008658004843,-5.490584043714077,3.8514423446379036,-2.7261584245524655,-4.252740536146394,-3.467107080521205,-3.495043693021223,2.25
46,-10.587085554870193,-9.675526918083259,-17.656425966778727,-22.409499002144347,-20.594652187334457,-12.41113868675415,0.040791481119645,0.6620902906617447,5.286162821547536,5.310071051888879,18.22153703576437,11.166213383299493,-2.657152368740458,-21.01807333168512,22.108756848689683,4.090909090909086,-2.564166207859333,-3.33389425124216,-0.9585571187317651,3.9670247914736416,-0.7607913479740418,-0.654780809187798,-0.9396000824571504,-0.08658008658010424,-5.726243102314087,3.8533402026667156,-2.8906236326751906,-4.100490160490332,-3.4876025398081967,-3.412737564725246,2.3000000000000003
47,-10.91363842287597,-9.8278768297343,-17.832025259050905,-22.53582583321039,-20.643986491863757,-12.710611659763902,0.0028025881416249374,0.6151102865388818,5.084085566391368,5.112501560172259,18.054558040550447,11.001834859260924,-2.45007953194866,-20.824388176717033,22.076883616840107,4.086580086580086,-2.544047675398489,-3.3070043740254147,-0.9848326063634056,4.131250459325795,-0.7600735378313607,-0.6425165110819261,-0.9396000824571715,-0.08658008658010424,-5.934344861633056,3.8367730220287237,-3.0631794485746453,-3.945089735336262,-3.5042101527468352,-3.321282968580193,2.35
48,-11.226939870151087,-9.989259062569161,-18.0082605396526,-22.66158451400532,-20.694588233669066,-13.019111855775563,-0.03515780628600709,0.5681302824160037,4.890208547676345,4.922859592188252,17.892609198536235,10.838314981751845,-2.2350505686770026,-20.632454632714154,22.045497303043547,4.082251082251082,-2.5326846699764602,-3.2898314434357943,-1.010181351883586,4.290372988923072,-0.7595035668243532,-0.6327781500212584,-0.9396000824572792,-0.08658008658006364,-6.1148893216708675,3.8017408027242325,-3.24382587225095,-3.786539260684281,-3.51692991933704,-3.2206799045859715,2.4000000000000004
49,-11.526989896695515,-10.160078146976696,-18.184937416266365,-22.787212820881102,-20.74641107564483,-13.335261409825048,-0.07309709412008317,0.5211502782931559,4.704531765402438,4.741302650411736,17.736147933114196,10.6751679034409,-2.012320635838232,-20.443195951609823,22.014471610447767,4.077922077922072,-2.5300771915933793,-3.2823754594732626,-1.0346033552924485,4.444392380265295,-0.7590814349527825,-0.6255657260056525,-0.9396000824571289,-0.08658008658014484,-6.267876482427684,3.748243544753079,-3.4325629037039858,-3.62483873653425,-3.5257618395788,-3.1109283727426513,2.45
50,-11.813788502509293,-10.340738613345717,-18.361861496574832,-22.91314853018967,-20.799408680685474,-13.657682456948322,-0.11102266731737515,0.47417027417029306,4.527055219569636,4.567988237317629,17.58563166767676,10.511907776996713,-1.7821448903451236,-20.257535385337427,21.983680242200524,4.073593073593063,-2.5362252402490317,-3.284636422138049,-1.0580986165898814,4.593308633352404,-0.7588071422169498,-0.6208792390351799,-0.939600082457258,-0.08658008658009154,-6.393306343903224,3.6762812481151323,-3.6293905429337907,-3.459988162886278,-3.530705913472148,-2.9920283730501844,2.5
51,-12.087335687592411,-10.531644992065058,-18.53883838826053,-23.03982941828296,-20.853534711685402,-13.984997132181322,-0.14894191783465488,0.42719027004743015,4.357778910177959,4.403073855380803,17.44151782561643,10.348048755087937,-1.544778489110379,-20.07639618583021,21.95299690144954,4.069264069264058,-2.5511288159435908,-3.296614331429797,-1.0806671357759965,4.737121748184638,-0.7586806886166184,-0.6187186891097999,-0.9396000824572796,-0.08658008658009154,-6.491178906097723,3.585853912810696,-3.8343087899405393,-3.291987539740309,-3.531762141017072,-2.863979905508609,2.5500000000000003
52,-12.347631451944842,-10.733201813523575,-18.715673699006054,-23.167693261512945,-20.908742831539083,-14.315827570560002,-0.1868622376286942,0.38021026592458984,4.196702837227403,4.246717007076203,17.304263830325617,10.183104990383224,-1.3004765890467882,-19.900701605021567,21.92229529134258,4.064935064935044,-2.5747087820042145,-3.31807401704745,-1.10244619073489,4.875481686079724,-0.758698316977219,-0.6190198822191619,-0.939600082457173,-0.08658008658010435,-6.562197461597082,3.4775228114911707,-4.046822509401352,-3.1212366701815677,-3.5292121534917835,-2.7272276302208627,2.6
53,-12.59467579556662,-10.945813608110086,-18.89217303649398,-23.29717783623151,-20.964986703140916,-14.64879590712028,-0.22479101865628748,0.33323026180170434,4.0438270007179575,4.099075194878681,17.174327105196806,10.016590635551175,-1.0494943470671163,-19.731374894844823,21.89144911502737,4.060606060606054,-2.606569455066665,-3.347839627484181,-1.1241221708868308,5.006638253627601,-0.7588412414246275,-0.6214618483112537,-0.9396000824571501,-0.08658008658005095,-6.609878473330928,3.3540943074141127,-4.264456024702925,-2.9497345696356514,-3.524464107287213,-2.5839948477018226,2.6500000000000004
54,-12.828468718457692,-11.16988490621349,-19.06814200840688,-23.428720918790646,-21.022219989385356,-14.982524276898106,-0.2627356528741916,0.28625025767883383,3.8991514006496524,3.96030592126315,17.052165073622433,9.848019843260495,-0.7920869200840366,-19.56933930723329,21.860332075651677,4.056277056277054,-2.6462360150939688,-3.384500140932092,-1.1465187435362516,5.1284912187361025,-0.7590869189099398,-0.6256594233238184,-0.9396000824572366,-0.08658008658004841,-6.638441696814786,3.2189360364890955,-4.4842385239092195,-2.779880056613645,-3.51920779007231,-2.436949518569103,2.7
55,-13.049010220618129,-11.405646940859633,-19.243484793374723,-23.562732587706794,-21.080444400426277,-15.31588096733454,-0.30070221722803353,0.23927025355599355,3.7626760370224384,3.8304267576247044,16.938079527958934,9.676989075785238,-0.5286319785491008,-19.415321648692245,21.82884034426684,4.051948051948045,-2.693233642049292,-3.426644535583013,-1.1704595759879761,5.238940349312941,-0.7594128063846567,-0.6312274431945446,-0.9396000824572581,-0.08658008658008902,-6.65210688756447,3.075415634625154,-4.703199195084467,-2.6140719496262954,-3.515132989516373,-2.2887596034406137,2.75
56,-13.256300302047876,-11.65263775562272,-19.41849985381689,-23.699512130154435,-21.13985383545522,-15.648718875490873,-0.3386915286187029,0.19229024943315323,3.6344009098363736,3.708895551039258,16.83174973641856,9.503424033821437,-0.25999724706857136,-19.269262944014883,21.79695996353883,4.0476190476190546,-2.7470875158953882,-3.472861789629025,-1.1967683355462908,5.335885413266157,-0.7597963607996776,-0.6377807438610714,-0.9396000824572794,-0.08658008658002304,-6.655093801095315,2.926900737731656,-4.918367226292648,-2.454709067184566,-3.5139294932885017,-2.142093062934041,2.8000000000000003
57,-13.450338962746974,-11.910222096713944,-19.59358422310014,-23.83933113547256,-21.200690240923162,-15.981137050833498,-0.37670308893585414,0.1453102453102602,3.5143260190913956,3.595030217502853,16.732699336177575,9.32733272767048,0.012827036212512723,-19.130907772566243,21.764699444037188,4.043290043290046,-2.8073228165954918,-3.521740881262091,-1.226268689515687,5.417226178503406,-0.7602150391064196,-0.6449341612610386,-0.9396000824571946,-0.08658008658009167,-6.651622192923088,2.776758981717834,-5.126771805597562,-2.3041902277994115,-3.5172870890577386,-1.9996178576672077,2.85
58,-13.63112620271539,-12.177764710344622,-19.76913493459126,-23.982461193000212,-21.263195563281194,-16.313234542828887,-0.4147364000692848,0.09833024118738976,3.402451364787567,3.488148673011599,16.640451964412215,9.148723167633882,0.288850633149151,-19.000000713711405,21.73206729633145,4.038961038961027,-2.873464724112538,-3.5718707886742034,-1.25978430520069,5.480862412932374,-0.7606462982561879,-0.6523025313322248,-0.9396000824571287,-0.08658008658007632,-6.64591181856336,2.6283580024930178,-5.325442121063322,-2.1649142499815666,-3.5268955644932722,-1.864001948257824,2.9000000000000004
59,-13.798662021953122,-12.454630342726002,-19.94554902165703,-24.12917389207633,-21.327611748980285,-16.645110400943363,-0.4527909639085814,0.05135023706454192,3.298776946924844,3.3875688335616045,16.554531258298702,8.967603364013065,0.5670833055963672,-18.876286346815487,21.699072030991204,4.034632034632036,-2.94511755508241,-3.622075660358555,-1.2980015720216893,5.525043923143187,-0.7610713523746062,-0.659564884022572,-0.9396000824572794,-0.08658008658006364,-6.6414791409457745,2.4845041633147744,-5.511902496076673,-2.0388801491568644,-3.5441630759858853,-1.7374686352207231,2.95
60,-13.952946420460203,-12.74018374006923,-20.123223517664186,-24.27974082203993,-21.394180744471406,-16.976863674643358,-0.49086628234353413,0.004370232941686538,3.2033027655032367,3.292608615148888,16.474460855013284,8.783981327109444,0.8465348154090739,-18.759509251243582,21.665722158586007,4.030303030303022,-3.022202172832218,-3.6721203260140443,-1.3410577678628492,5.549420670453618,-0.7614864442872102,-0.6666570253217277,-0.9396000824573225,-0.08658008658014484,-6.63902745265628,2.3457587368349158,-5.685657795314904,-1.9264877284105681,-3.569371254813872,-1.6204625786588978,3.0
61,-14.09397939823662,-13.033789648585653,-20.302555455979526,-24.434433572230034,-21.463144496205597,-17.308593413395283,-0.5289618572638575,-0.042609771181161306,3.116028820522745,3.2025859337696017,16.399764391732194,8.597865067224523,1.126214924442295,-18.649414006360733,21.632026189685398,4.025974025974027,-3.104718577362025,-3.722004785640393,-1.3889528927242518,5.553992654863752,-0.7618915739940216,-0.6735789552297836,-0.939600082457215,-0.08658008658009156,-6.638556753694942,2.2121217230532246,-5.846708018778093,-1.827736987742499,-3.6025201009773142,-1.5129837785722033,3.0500000000000003
62,-14.221760955282358,-13.334812814486469,-20.483941869969783,-24.593523731985638,-21.53474495063387,-17.64039866666556,-0.5670771905591458,-0.08958977530405435,3.0369551119833833,3.1168187054198015,16.32996550563168,8.409262594659744,1.4051333945510152,-18.545745191532074,21.59799263485894,4.021645021645023,-3.192666768671711,-3.771729039237886,-1.441686946605634,5.538759876373648,-0.7622867414947189,-0.6803306737465378,-0.9396000824572376,-0.08658008658006375,-6.640067044061499,2.0835931219697477,-5.995053166466115,-1.7426279271527743,-3.643609614476044,-1.4150322349608466,3.1
63,-14.336291091597426,-13.642617983982937,-20.667779793001746,-24.757282890645712,-21.609224054207218,-17.972378483920572,-0.6052117841192266,-0.13656977942690973,2.966081639885142,3.034624846095559,16.264587833887944,8.218181919716521,1.6822999875901958,-18.448247386122663,21.563630004676224,4.017316017316004,-3.2860467467614276,-3.82129308680634,-1.4992599295070819,5.50372233498304,-0.7626719467897299,-0.6869121808721496,-0.9396000824572366,-0.08658008658008902,-6.643558323756316,1.9601729335844857,-6.130693238378949,-1.6711605466413926,-3.6926397953100865,-1.3266079478246895,3.1500000000000004
64,-14.437569807181832,-13.956569903286278,-20.8544662584422,-24.925982637549268,-21.68682375337665,-18.30463191462673,-0.6433651398337619,-0.1835497835497651,2.9034084042280117,2.955322271792978,16.203155013677303,8.024631052696343,1.9567244654148264,-18.356665169497614,21.528946809706763,4.012987012987014,-3.384858511631116,-3.8706969283457062,-1.5616718414287838,5.448880030692208,-0.7630471898788411,-0.6933234766066523,-0.9396000824571935,-0.0865800865800776,-6.649030592779171,1.8418611578975272,-6.253628234516805,-1.6133348462081867,-3.749610643479499,-1.2477109171637677,3.2
65,-14.525597102035569,-14.27603331860776,-21.044398299657875,-25.09989456203531,-21.767785994593165,-18.63725800825041,-0.6815367595924362,-0.23052978767264307,2.8489354050120017,2.878228898508129,16.14519068217592,7.8286180039006235,2.227416589879926,-18.270743121021994,21.493951560520163,4.008658008658005,-3.4891020632807503,-3.9199405638561267,-1.6289226823706056,5.37423296350109,-0.7634124707617513,-0.6995645609498319,-0.9396000824573225,-0.08658008658008902,-6.656483851130159,1.7286577949087598,-6.363858154879519,-1.5691508258533757,-3.8145221589842944,-1.1783411429780495,3.25
66,-14.600372976158635,-14.600372976158635,-21.23797295001556,-25.27929025344283,-21.852352724307764,-18.970355814258074,-0.719726145284987,-0.27750979179549096,2.802662642237117,2.802662642237117,16.09021847656006,7.630150783630846,2.4933861228404317,-18.190225820060917,21.45865276768595,4.004329004329005,-3.598777401710262,-3.9690239933376037,-1.701012452332477,5.279781133409524,-0.7637677894391479,-0.705635433901932,-0.9396000824572579,-0.08658008658010424,-6.665918098809147,1.6205628446181812,-6.461382999466968,-1.5386084855769278,-3.887374341824453,-1.1184986252676252,3.3000000000000003
67,-14.928953622150113,-14.928953622150113,-21.43558724288201,-25.46444130111082,-21.94076588897148,-19.30402438211607,-0.7579327988011286,-0.32448979591833127,2.7279414189760223,2.7279414189760223,16.037762034005965,7.429237402188447,2.753642826151347,-18.114857845979447,21.42305894177368,3.999999999999995,-3.7138845269198875,-4.01794721679001,-1.7779411513144912,5.1655245404177474,-0.7641131459104745,-0.7115360954628925,-0.9396000824572159,-0.08658008658007771,-6.677333335816265,1.517576307025927,-6.546202768279426,-1.521707825378686,-3.968167191999941,-1.0681833640323455,3.35
68,-15.261140002793486,-15.261140002793486,-21.63763821162403,-25.655619294378297,-22.03326743503531,-19.63836276129084,-0.7961562220304705,-0.37146980004122426,2.65338314472092,2.65338314472092,15.987344991689877,7.225885869874879,3.007196461667677,-18.044383778142667,21.387178593352957,3.995670995670996,-3.8344234389093894,-4.066710234213451,-1.8597087793165903,5.031463184525647,-0.7644485401758124,-0.7172665456325483,-0.939600082457258,-0.08658008658010424,-6.690729562151407,1.4196981821317878,-6.618317461316753,-1.5184488452587765,-4.056900709510772,-1.0273953592724283,3.4000000000000004
69,-15.596296864299909,-15.596296864299909,-21.844522889608342,-25.85309582258423,-22.130099308950236,-19.973470001248764,-0.8343959168628478,-0.4184498041640947,2.5783057354678767,2.5783057354678767,15.938490986788011,7.020104196991582,3.253056791244349,-17.97854819591571,21.351020232993264,3.9913419913419865,-3.960394137678824,-4.115313045607873,-1.9463153363388936,4.877597065733114,-0.7647739722352944,-0.7228267844111358,-0.9396000824571719,-0.08658008658009028,-6.70610677781476,1.3269284699359112,-6.67772707857897,-1.528831545217123,-4.153574894356962,-0.9961346109876801,3.45
70,-15.933788952880734,-15.933788952880734,-22.056638310201723,-26.05714247506767,-22.23150345716729,-20.309445151456263,-0.8726513851878924,-0.46542980828693503,2.5020271072130194,2.5020271072130194,15.890723656476624,6.811900393840019,3.4902335767364057,-17.91709567866359,21.31459237126421,3.9870129870129767,-4.091796623228265,-4.163755650973302,-2.0377608223812964,4.703926184040367,-0.7650894420889405,-0.7282168117985014,-0.9396000824572576,-0.08658008658009156,-6.7234649828060435,1.2392671704383469,-6.7244316200660315,-1.552855925253822,-4.258189746538524,-0.9744011191781657,3.5
71,-16.272981014747142,-16.272981014747142,-22.274381506770972,-26.268030841167555,-22.337721826137457,-20.646387261379722,-0.9109221288952963,-0.5124098124098055,2.423865175952406,2.423865175952406,15.843566637931954,6.601282470721634,3.717736579998803,-17.859770805751488,21.27790351873537,3.9826839826839775,-4.228630895557735,-4.212038050309725,-2.134045237443769,4.510450539447266,-0.7653949497365794,-0.7334366277946862,-0.9396000824572577,-0.08658008658007632,-6.74280417712558,1.1567142836389819,-6.758431085778037,-1.5905219853688743,-4.370745266055483,-0.9621948838438495,3.5500000000000003
72,-16.6132377961104,-16.6132377961104,-22.49814951268281,-26.4860325102229,-22.448996362311778,-20.984395380485577,-0.9492076498747893,-0.5593898165326533,2.3431378576821356,2.3431378576821356,15.79654356833023,6.388258437937868,3.9345755628865167,-17.806318156544425,21.240962185976265,3.978354978354973,-4.370896954667057,-4.260160243617177,-2.2351685815263647,4.29717013195375,-0.7656904951785121,-0.7384862323997313,-0.9396000824571946,-0.08658008658011832,-6.764124360773044,1.0792698095377478,-6.779725475714831,-1.6418297255621823,-4.491241452907647,-0.9595159049849207,3.6
73,-16.953924043181747,-16.953924043181747,-22.728339361304045,-26.711419071572724,-22.565569012141218,-21.32356855824019,-0.9875074500161163,-0.6063698206555312,2.259163068398279,2.259163068398279,15.749178084847703,6.17283630579019,4.1397602872545605,-17.756482310407495,21.203776883556475,3.974025974025973,-4.518594800556395,-4.308122230895615,-2.3411308546290948,4.064084961560018,-0.7659760784142854,-0.7433656256135226,-0.9396000824572361,-0.08658008658009156,-6.787425533748652,1.0069337481348328,-6.788314789876657,-1.7067791458337571,-4.619678307095224,-0.9663641826010656,3.6500000000000004
74,-17.294404502172426,-17.294404502172426,-22.96534808600143,-26.94446211455603,-22.6876817220768,-21.664005844110022,-1.0258210312089315,-0.6533498247783716,2.171258724096916,2.171258724096916,15.700993824660618,5.955024084580042,4.332300514957891,-17.710007846705803,21.16635612204554,3.9696969696969684,-4.671724433225676,-4.355924012145012,-2.4519320567519483,3.8111950282659626,-0.7662516994442445,-0.7480748074361236,-0.9396000824572578,-0.08658008658003447,-6.81270769605236,0.9397060994301291,-6.784199028263256,-1.785370246183684,-4.756055828618233,-0.9827397166925167,3.7
75,-17.634043919293674,-17.634043919293674,-23.209572720141704,-27.185433228511766,-22.815576438569536,-22.005806287561402,-1.0641478953429495,-0.7003298289012421,2.0787427407741568,2.0787427407741568,15.651514424945155,5.734829784608868,4.511206007851488,-17.666639344804455,21.12870841201305,3.9653679653679546,-4.830285852674933,-4.403565587365444,-2.567572187894932,3.5385003320715436,-0.766517358268348,-0.7526137778676146,-0.939600082457193,-0.08658008658006365,-6.839970847684201,0.877586863423687,-6.767378190874788,-1.8776030266118666,-4.900374017476512,-1.0086425072592062,3.75
76,-17.97220704075674,-17.97220704075674,-23.46141029709167,-27.43460400277897,-22.94949510807042,-22.349068938060793,-1.1024875443078477,-0.7473098330241275,1.9809330344260614,1.9809330344260614,15.600263522877638,5.5122614161781165,4.675486527790356,-17.62612138406852,21.09084226402853,3.9610389610389545,-4.99427905890416,-4.451046956556862,-2.688051248057945,3.246000872976813,-0.7667730548866368,-0.7569825369078942,-0.9396000824572581,-0.08658008658009156,-6.869214988644043,0.820576040115414,-6.7378522777111955,-1.9834774871184162,-5.0526328736701975,-1.0440725543011298,3.8000000000000003
77,-18.308258612772875,-18.308258612772875,-23.721257850218105,-27.692246026696658,-23.08967967703047,-22.69389284507459,-1.140839479993378,-0.7942898371469753,1.8771475210487298,1.8771475210487298,15.546764755634243,5.287326989589264,4.824151836629493,-17.588198543863044,21.05276618866157,3.9567099567099646,-5.163704051913401,-4.498368119719303,-2.8133692372412638,2.9336966509817435,-0.7670187892988751,-0.761181084557024,-0.9396000824572377,-0.08658008658006248,-6.900440118932044,0.7686736295054337,-6.695621288772463,-2.102993627703251,-5.212832397199232,-1.0890298578183188,3.85
78,-18.64156338155332,-18.64156338155332,-23.989512412887752,-27.958630889603782,-23.236372091900684,-23.040377058069193,-1.1792032042892182,-0.8412698412698232,1.7667041166382524,1.7667041166382524,15.490541760391231,5.0600345151437285,4.956211696223844,-17.552615403553197,21.014488696481706,3.952380952380955,-5.3385608317024795,-4.545529076852723,-2.9435261554445273,2.601587666086389,-0.7672545615052349,-0.765209420814911,-0.9396000824573023,-0.0865800865801183,-6.9336462385480155,0.7218796315936217,-6.640685224058655,-2.236151448366353,-5.380972588063585,-1.1435144178107404,3.9000000000000004
79,-18.97148609330932,-18.97148609330932,-24.26657101846738,-28.234030180839355,-23.38981429913206,-23.388620626510992,-1.2175782190851123,-0.8882498453926937,1.6489207371906898,1.6489207371906898,15.431118174324835,4.830392003142966,5.070675868428402,-17.51911654250403,20.976018298058502,3.948051948051941,-5.518849398271593,-4.592529827957167,-3.078522002667933,2.2496739182906995,-0.7674803715057146,-0.7690675456816962,-0.9396000824572139,-0.08658008658006353,-6.968833347492205,0.6801940463800793,-6.5730440835696315,-2.382950949107786,-5.557053446263376,-1.2075262342783109,3.95
80,-19.297391494252107,-19.297391494252107,-24.552830700323774,-28.518715489742412,-23.55024824517566,-23.738722599866403,-1.2559640262707223,-0.9352298495155641,1.523115298702142,1.523115298702142,15.368017634611292,4.598407463888435,5.16655411509817,-17.487446540080594,20.937363503961517,3.943722943722951,-5.704101165481327,-4.6394353604803324,-3.217856014317723,1.8790769566554364,-0.767696219300167,-0.7727554591572524,-0.9396000824572361,-0.08658008658010298,-7.005854537457379,0.6434996316007814,-6.49289244088569,-2.5427258787898124,-5.740556158413523,-1.28086006770533,4.0
81,-19.618644330592954,-19.618644330592954,-24.848688491823683,-28.812958405651894,-23.717915876482383,-24.090782027601826,-1.2943601277357635,-0.982209853638427,1.3886057171686934,1.3886057171686934,15.300763778426859,4.364088907681591,5.242856198088126,-17.457349975648036,20.89853282476032,3.939393939393927,-5.891973202634709,-4.686570611660753,-3.359024367424885,1.495404526484456,-0.7679021048889985,-0.7762731612416574,-0.9396000824572146,-0.0865800865801182,-7.0439752669084434,0.6112101759356897,-6.401203163907088,-2.7121449817237058,-5.928886657589708,-1.3624897205120636,4.05
82,-19.93460934854305,-19.93460934854305,-25.15454142633389,-29.117030517906827,-23.893059139503315,-24.444897959183677,-1.33276602536995,-1.0291898577612675,1.2447099085864302,1.2447099085864302,15.228880242947746,4.127444344823857,5.298591879253234,-17.428571428571427,20.859534771024457,3.9350649350649323,-6.0796539928955395,-4.734325506184628,-3.499022474426804,1.1053859221424627,-0.7680980282716714,-0.7796206519348718,-0.9396000824572374,-0.08658008658013226,-7.082314086003212,0.5826222258010669,-6.299143694114251,-2.887210751083101,-6.118932063482414,-1.4511837556032567,4.1000000000000005
83,-20.882689302001836,-20.24471939506673,-25.470604952536405,-29.431039410697434,-24.075744713081622,-24.801118026170876,-1.3711812210629062,-1.0761698618841602,0.8590811068453942,1.0909789768496265,15.151962499180772,3.8884590400099994,5.333163462619758,-17.400896513008245,20.820377853323492,3.9307359307359184,-6.264332019427686,-4.783089968738217,-3.634845747760719,0.7157504379939814,-0.7682839894485097,-0.7827979312368941,-0.9396000824572157,-0.08658008658013225,-7.119989544899463,0.5570323276128271,-6.187881472987822,-3.063925680041508,-6.307579495782459,-1.5457107358834339,4.15
84,-21.81197580828721,-20.548679720140356,-25.796368180374504,-29.754436647618807,-24.26533820562918,-25.159284188492546,-1.4096052167045277,-1.1231498660070005,0.4810964858378833,0.9278967774454324,15.06989335345502,3.647027275508,5.347543420899053,-17.374274982285552,20.781070582226988,3.9264069264069232,-6.443195765394611,-4.833253924007769,-3.763489599863777,0.3332273684037345,-0.7684599884194236,-0.785804999147703,-0.9396000824572135,-0.08658008658011808,-7.156120193755027,0.5337370277870175,-6.0685839420081935,-3.2382922617724947,-6.491716074180271,-1.6448392242571503,4.2
85,-22.722468867399154,-20.846263674493304,-26.131138635106595,-30.08650978711722,-24.461029957950064,-25.519186988170315,-1.448037514184303,-1.170129870129856,0.11075604556392137,0.756180353759168,14.982627445930092,3.4030205879791104,5.343096768973705,-17.348697624522824,20.7416214683045,3.922077922077909,-6.613433713960321,-4.885207296679566,-3.8819494431735584,-0.035453992263780626,-0.7686260251844819,-0.7886418556674244,-0.9396000824571704,-0.08658008658009017,-7.189824582727704,0.5120328727396781,-5.942418542655779,-3.4063129894497055,-6.668228918366626,-1.7473377836291222,4.25
86,-23.614168479337717,-21.137244608855056,-26.47422384199124,-30.426546387639043,-24.66201031084831,-25.8806169672258,-1.4864776153920904,-1.2171098742527189,-0.2519402139765543,0.5765467491761632,14.890119416765634,3.1563105140845913,5.321188521726295,-17.32415522783954,20.70203902212559,3.9177489177488947,-6.772234348288561,-4.9393400114397155,-3.987220690127257,-0.3835643496437128,-0.7687820997436423,-0.7913085007958651,-0.9396000824572589,-0.08658008658009166,-7.2202212619752935,0.49121640888715135,-5.810552716411313,-3.5639903562467556,-6.834005148032132,-1.8519749769037541,4.3
87,-24.48707464410286,-21.421395873954978,-26.824931326286872,-30.77383400763053,-24.867469605127983,-26.243364667680666,-1.524925022217521,-1.2640898783755894,-0.6069922927834907,0.389713007081767,14.792323906121288,2.9067685904857132,5.283183694039477,-17.300638580355137,20.66233175425982,3.9134199134199097,-6.9172547376822555,-4.995977005526904,-4.076799517755788,-0.7054959584324427,-0.7689282120970523,-0.7938049345331734,-0.9396000824571739,-0.08658008658006375,-7.246575689962687,0.4707014249091357,-5.67395933117489,-3.7079931064748592,-6.9864506962523185,-1.957724606501626,4.3500000000000005
88,-25.341187361694573,-21.69849082052248,-27.182568613252005,-31.12766020553801,-25.07659818159313,-26.607220631556526,-1.5633792365503325,-1.3110698824984373,-0.954400190856907,0.19639617086129477,14.689195554156665,2.6542663538437403,5.230447300795803,-17.27813847018915,20.62250817527672,3.9090909090908954,-7.0480262960021705,-5.055183266388727,-4.150185161465554,-1.0001272695690961,-0.7690643622442169,-0.7961311568792906,-0.9396000824571954,-0.08658008658013226,-7.268740958382731,0.4503706785417555,-5.532832960526706,-3.8376549889963525,-7.125046749642129,-2.06438143290683,4.4
89,-26.17650663211289,-21.968302799287006,-27.546443228145133,-31.48731253980782,-25.288586381047853,-26.971975400875028,-1.6018397602802246,-1.3580498866213078,-1.2941639081968175,-0.002686716099933335,14.580689001031432,2.3986753408199584,5.164344356877934,-17.256645685460924,20.582576795745904,3.9047619047619,-7.164549023248309,-5.116958794025241,-4.207377621256372,-1.267458283053681,-0.7691905501858467,-0.7982871678342246,-0.9396000824572996,-0.08658008658000771,-7.286717067235497,0.430224169785081,-5.387173604466827,-3.952976003811211,-7.249793308201809,-2.171945456119415,4.45
90,-26.993032455357774,-22.23060516097794,-27.915862696224714,-31.85207856888622,-25.502624544296147,-27.337419517657814,-1.6403060952968742,-1.4050298907441707,-1.6262834448032035,-0.20681861041657298,14.466758886905204,2.139867088075585,5.086239877168404,-17.236151014290048,20.542546126236882,3.900432900432896,-7.266822919420536,-5.181303588436517,-4.248376897128394,-1.5074889988861309,-0.769306775921275,-0.80027296739799,-0.939600082457235,-0.08658008658002166,-7.300504016521052,0.4102618986391139,-5.236981262995196,-4.053956150919443,-7.360690371931122,-2.2804166761392723,4.5
91,-27.790764831429257,-22.4851712563247,-28.290134542749247,-32.221245851219564,-25.717903012142123,-27.7033435239265,-1.6787777434900033,-1.4520098948670186,-1.9507588006760548,-0.4152824687032896,14.34735985193763,1.8777131322719474,4.99749887654987,-17.216645244795938,20.502424677319237,3.896103896103877,-7.3548479845190435,-5.248217649622427,-4.273182989081582,-1.7202194170665979,-0.7694130394509358,-0.8020885555706269,-0.9396000824571511,-0.08658008658009039,-7.310101806239216,0.3904838651036211,-5.082255936111757,-4.1405954303211425,-7.457737940830272,-2.389795092966497,4.55
92,-28.569703760327315,-22.731774436056696,-28.668566292977232,-32.59410194525413,-25.933612125389796,-28.069537961702743,-1.7172542067493497,-1.4989898989899113,-2.2675899758154054,-0.6273612475747581,14.222446536288295,1.612085010070273,4.899486369904916,-17.198119165098046,20.462220959562522,3.891774891774906,-7.428624218543706,-5.317700977582973,-4.281795897115984,-1.9056495375948952,-0.7695093407746086,-0.8037339323519896,-0.9396000824572373,-0.08658008658007643,-7.315510436390203,0.37089006917899614,-4.922997623816662,-4.2128938420161255,-7.540936014899119,-2.5000807066009783,4.6000000000000005
93,-29.329849242051967,-22.970188050903378,-29.050465472167136,-32.969934409436235,-26.14894222484325,-28.435793373008174,-1.7557349869645371,-1.5459699031127516,-2.576776970221212,-0.8423379036456438,14.091973580116887,1.3428542581318077,4.793567372116149,-17.18056356331585,20.421943483536293,3.887445887445887,-7.488151621494509,-5.389753572318291,-4.274215621231397,-2.0637793604712904,-0.769595679892422,-0.8052090977422605,-0.9396000824571917,-0.08658008658009017,-7.316729906973863,0.35148051086483334,-4.759206326109764,-4.270851386004419,-7.610284594137651,-2.611273517042834,4.65
94,-30.071201276603208,-23.20018545159409,-29.435139605577465,-33.34803080221219,-26.363083651306535,-28.80190029986439,-1.7942195860253483,-1.592949907235592,-2.8783197838935126,-1.0594953935306315,13.955895623583014,1.0698924131178655,4.681106898066168,-17.16396922756887,20.3816007598101,3.883116883116878,-7.533430193371604,-5.464375433828247,-4.250442161428117,-2.19460888569546,-0.7696720568043154,-0.8065140517413116,-0.9396000824572344,-0.08658008658006225,-7.31376021799025,0.3322551901614794,-4.590882042991102,-4.314468062286142,-7.66578367854596,-2.723373524291978,4.7
95,-30.793759863981034,-23.42153998885831,-29.821896218466694,-33.727678682028305,-26.575226745583723,-29.167649284293095,-1.8327075058214453,-1.63992991135847,-3.1722184168322984,-1.278116673844348,13.814167306846324,0.7930710116897017,4.5634699626375905,-17.1483269459765,20.341201298953525,3.8787878787878687,-7.564459934174789,-5.541566562112921,-4.210475517705939,-2.2981381132676146,-0.7697384715104157,-0.807648794349121,-0.9396000824572126,-0.08658008658004956,-7.3066013694393295,0.31321410706874064,-4.418024774460698,-4.343743870861184,-7.707433268124046,-2.8363807283485913,4.75
96,-31.49752500418544,-23.634025013425425,-30.210042836093315,-34.1081656073309,-26.784561848478845,-29.532830868315884,-1.8711982482425726,-1.6869099154813254,-3.4584728690375544,-1.4974847012014825,13.666743270066439,0.5122615905085532,4.442021580712981,-17.133627506658232,20.300753611536113,3.8744588744588686,-7.581240843904215,-5.621326957172302,-4.154315690064937,-2.3743670431876844,-0.7697949240104243,-0.8086133255658527,-0.9396000824571308,-0.08658008658017287,-7.295253361321167,0.2943572615865267,-4.240634520518646,-4.3586788117296535,-7.735233362871867,-2.9502951292123853,4.800000000000001
97,-32.182496697216436,-23.83741387602483,-30.598886983715804,-34.488779136566286,-26.99027930079599,-29.897235593954406,-1.909691315178385,-1.7338899196042032,-3.7370831405093,-1.7168824322167249,13.51357815340301,0.2273356862356951,4.318126767174991,-17.11986169773353,20.260266208127423,3.8701298701298743,-7.583772922559825,-5.703656619006261,-4.081962678505088,-2.4232956754557256,-0.7698414143047249,-0.8094076453913609,-0.9396000824572169,-0.08658008658011832,-7.279716193635688,0.27568465371513,-4.058711281164716,-4.35927288489145,-7.749183962789434,-3.065116726883535,4.8500000000000005
98,-32.84867494307402,-24.03147992738595,-30.987736186592667,-34.868806828180745,-27.191569443339205,-30.260654003230268,-1.9481862085186492,-1.7808699237270436,-4.008049231247506,-1.9355928235047062,13.354626597015622,-0.06183516446757835,4.193150536906204,-17.10702030732188,20.219747599297044,3.8658008658008596,-7.572056170141618,-5.788555547614938,-3.993416483026435,-2.4449240100716323,-0.7698779423930598,-0.8100317538256758,-0.9396000824572356,-0.0865800865801054,-7.259989866383032,0.25719628345438866,-3.872255056399096,-4.3455260903465955,-7.749285067876699,-3.1808455213620026,4.9
99,-33.49605974175819,-24.21599651823822,-31.375897969982383,-35.247536240620605,-27.387622616912523,-30.62287663816515,-1.986682430152998,-1.8278499278499067,-4.271371141252211,-2.1528988316801354,13.189843241063961,-0.3553794249400306,4.068457904789227,-17.09509412354276,20.179206295614474,3.8614718614718457,-7.54609058664965,-5.876023742998391,-3.8886771036288827,-2.4392520470355232,-0.7699045082755378,-0.8104856508688117,-0.9396000824572357,-0.08658008658010541,-7.236074379562994,0.23889215080428328,-3.6812658462216916,-4.317438428095141,-7.73553667813376,-3.297481512647831,4.95
100,-34.12465109326895,-24.390736999311027,-31.762679859143436,-35.62425493233217,-27.57762916232003,-30.983694040780662,-2.0251794819711906,-1.8748299319727773,-4.527048870523377,-2.36808341335765,13.019182725707651,-0.6534255585203818,3.9454138857066456,-17.084073934515555,20.138650807649316,3.8571428571428457,-7.506184601908426,-5.965666019558736,-3.7683904012858944,-2.4070607286151624,-0.7699211119520339,-0.810769336520789,-0.939600082457259,-0.08658008658006247,-7.208021381473656,0.22081347442360383,-3.486093935102074,-4.275335454706055,-7.708263739143408,-3.4147599000933306,5.0
101,-34.73444899760629,-24.555474721333777,-32.147389379334314,-35.998250461761764,-27.76077942036579,-31.342896753098454,-2.0636768658629197,-1.921809936095625,-4.775082419061032,-2.5804295251519425,12.842599691106312,-0.9561020285473663,3.825383494541095,-17.073950528359834,20.098089645971115,3.852813852813841,-7.453880365041027,-6.055506449307341,-3.6357856808644318,-2.3522547661500224,-0.769927753422648,-0.8108828107815628,-0.9396000824571745,-0.08658008658007897,-7.176089113604684,0.203166347606368,-3.2884907453881325,-4.220844953024031,-7.669090978819738,-3.531356680460209,5.050000000000001
102,-35.32545345477021,-24.709983035035904,-32.529334055813514,-36.36881038735569,-27.936263731853835,-31.700275317140147,-2.102174083717884,-1.968789940218503,-5.015471786865174,-2.7892201236776497,12.660048777419581,-1.2635372983597382,3.709731746175156,-17.064714693195,20.05753132114944,3.8484848484848317,-7.39102845499505,-6.14317391865787,-3.494738108204855,-2.2795198132473797,-0.7699244326872768,-0.8108260736512367,-0.939600082457238,-0.0865800865801183,-7.140587465743945,0.1861980823054565,-3.090557983897023,-4.1559202624628915,-7.6199680706596515,-3.6456830498623907,5.1000000000000005
103,-35.89766446476074,-24.85415789071115,-32.907935144793505,-36.73533021799885,-28.103498488928906,-32.05563835183166,-2.1406706374257842,-2.0157699443413657,-5.248216973935779,-2.9938521103486004,12.471577305033774,-1.5757215163370022,3.5995503256976753,-17.05634279060997,20.016984343753837,3.8441558441558468,-7.319479450718182,-6.226297314023903,-3.349122849147592,-2.193541523514465,-0.7699111497460677,-0.8105991251296566,-0.9396000824572565,-0.0865800865800356,-7.101826327678881,0.17015599047375904,-2.8943973574462296,-4.082514722436173,-7.562844688160206,-3.7561502044139914,5.15
104,-36.45108202757783,-24.988385636910674,-33.28306882630271,-37.09763726433064,-28.26280428909854,-32.40886678371604,-2.1791660288763115,-2.062749948464214,-5.473317980272889,-3.1941781657751345,12.277603315241938,-1.892091571021872,3.4948375990224845,-17.0487534760713,19.976457224353876,3.8398268398268467,-7.241083931158016,-6.302505521819057,-3.202815069532987,-2.0990055505585103,-0.7698879045989824,-0.8102019652168466,-0.9396000824572337,-0.08658008658004956,-7.060115589197377,0.15528738406368928,-2.702110572852981,-4.002581672357865,-7.499670504818262,-3.8611693402291176,5.2
105,-36.98570614322153,-25.113175221749906,-33.65472501132354,-37.45566678742901,-28.414727781210903,-32.75985961624065,-2.217659759959196,-2.1097299525870765,-5.690774805876446,-3.390164915366717,12.078637529563787,-2.2119460359978307,3.395318602269622,-17.04185097851497,19.93595847351911,3.835497835497818,-7.157692475262197,-6.369427428456926,-3.0596899352013334,-2.000597547986966,-0.7698546972459976,-0.8096345939129289,-0.9396000824572582,-0.08658008658004979,-7.015765140087025,0.1418395750285232,-2.5157993369347285,-3.918074451641491,-7.432395194130834,-3.9591516534217104,5.25
106,-37.501536811691786,-25.229035593344403,-34.02289361083846,-37.80935404837197,-28.559815614114182,-33.10851585285276,-2.256151332564122,-2.156709956709947,-5.900587450746506,-3.5817789845327983,11.875190669519062,-2.5345834848484,3.3007183715591633,-17.035539526876946,19.895496601819094,3.831168831168833,-7.071155661978308,-6.424691920351089,-2.923622611993044,-1.90300316940685,-0.7698115276870046,-0.8088970112178077,-0.9396000824572798,-0.08658008658003455,-6.969084870135595,0.1300598753208859,-2.3375653565087133,-3.830946399700895,-7.362968429594787,-4.04850834010578,5.300000000000001
107,-37.99857403298866,-25.336475699809572,-34.38756453582983,-38.15863430823748,-28.698614436656577,-33.45473449699975,-2.294640248580835,-2.2036899608328095,-6.102755914883046,-3.7689869986829048,11.667773456627458,-2.859302491157055,3.210761943011166,-17.029723350093263,19.85508011982342,3.8268398268398283,-6.983015640429404,-6.466323069512889,-2.7978424047751735,-1.810127126157707,-0.7697583959221742,-0.8079892171314953,-0.9396000824571522,-0.08658008658010562,-6.920333020832789,0.12015437823477688,-2.1691600539227722,-3.742825299380843,-7.293014939124271,-4.127915397043011,5.3500000000000005
108,-38.4768178071121,-25.43600448926093,-34.7487276972801,-38.50344282810353,-28.831670897686255,-33.79841455212891,-2.3331260098990185,-2.250669964955665,-6.297280198286047,-3.951755583226463,11.456896612408714,-3.185401628507288,3.125174352745658,-17.02430667709985,19.81471753810159,3.8225108225108237,-6.893580840440032,-6.493925690344578,-2.682995174521013,-1.7227503605073773,-0.7696953019514641,-0.8069112116540403,-0.9396000824572336,-0.08658008658011809,-6.8695612404765924,0.11216430242895503,-2.0109337136463394,-3.65403670725019,-7.222859668302144,-4.197108023585797,5.4
109,-38.93626813406214,-25.528130909813953,-35.10637300617169,-38.84371486904809,-28.9595316460514,-34.1394550216876,-2.3716081184083353,-2.2976499690785506,-6.484160300955548,-4.130051363572962,11.24307085838256,-3.5121794704826175,3.043680636882759,-17.01919373683269,19.774417367223208,3.8181818181818197,-6.802851262010389,-6.507499782846245,-2.5790809212305943,-1.6408728724558812,-0.7696222457748574,-0.8056629947853863,-0.9396000824572133,-0.08658008658003434,-6.816769529066876,0.10608964790359345,-1.8628863356796355,-3.564580623309014,-7.15250261712844,-4.256086219734054,5.45
110,-39.37692501383875,-25.61336390958412,-35.460490373487,-39.17938569214914,-29.082743330600216,-34.477754909123135,-2.410086075998545,-2.3446299732013687,-6.663396222891503,-4.3038409651318945,11.026806916068722,-3.8389345906665113,2.9660058315424784,-17.0142887582278,19.734188117757814,3.81385281385281,-6.710826905140272,-6.507045347017807,-2.486099644903919,-1.5644946620032085,-0.7695392273923938,-0.8042445665255022,-0.9396000824572157,-0.08658008658010435,-6.7619578866038825,0.10193041465848916,-1.7250179200224096,-3.474457047557359,-7.0819437856030385,-4.304849985487913,5.5
111,-39.79878844644196,-25.692212436686894,-35.811069710208464,-39.51039055848466,-29.201852600180896,-34.813213217882854,-2.4485593845593243,-2.3916099773242463,-6.834987964093954,-4.473091013312703,10.808615506986907,-4.164965562642478,2.8918749728449016,-17.009495970221167,19.69403830027496,3.8095238095238053,-6.617507769829727,-6.492562382859271,-2.4040513455409926,-1.493615729149358,-0.7694462468039422,-0.8026559268745569,-0.9396000824571954,-0.0865800865801183,-6.705126313087376,0.09968660269382426,-1.5973284666748624,-3.3836659799951256,-7.011183173726045,-4.343399320847334,5.550000000000001
112,-40.20185843187175,-25.76518543923778,-36.1581009273185,-39.83666472913265,-29.317406103641613,-35.14572895141406,-2.4870275459803963,-2.4385899814471017,-6.998935524562889,-4.637768133524874,10.589007352656866,-4.48957095999402,2.8210130969100624,-17.00471960174871,19.653976425344226,3.805194805194806,-6.522893856078771,-6.464050890370713,-2.332936023141802,-1.4282360738942312,-0.7693433040095277,-0.8008970758323495,-0.9396000824572169,-0.08658008658010308,-6.646274808517516,0.09935821200938588,-1.479817975636868,-3.292207420622351,-6.940220781497416,-4.371734225812196,5.6000000000000005
113,-40.58613497012813,-25.832791865352245,-36.50157393579952,-40.158143465171065,-29.429950489830553,-35.47520111316412,-2.5254900621514595,-2.485569985569972,-7.1552389042983044,-4.797838951177873,10.368493174598294,-4.81204935630463,2.753145239858041,-16.999863881746474,19.61401100353517,3.8008658008657967,-6.426985163887389,-6.421510869551984,-2.2727536777063926,-1.368355696238095,-0.7692303990093613,-0.7989680133989793,-0.9396000824571702,-0.08658008658010412,-6.585403372894163,0.10094524260538694,-1.372486446908474,-3.200081369439068,-6.869056608917136,-4.389854700382602,5.65
114,-40.9516180612111,-25.895540663145773,-36.841478646633945,-40.47476202767788,-29.540032407595923,-35.80152870658033,-2.5639464349622143,-2.5325499896928276,-7.30389810330017,-4.953270091681198,10.147583694330892,-5.131699325157798,2.687996437808891,-16.994833039150425,19.574150545417325,3.796536796536787,-6.329781693255652,-6.364942320403253,-2.2235043092346842,-1.3139745961806404,-0.7691075318031882,-0.7968687395744504,-0.9396000824572565,-0.08658008658010286,-6.522512006217451,0.1044476944816554,-1.2753338804896865,-3.1072878264452495,-6.797690655985257,-4.397760744558561,5.7
115,-41.29830770512065,-25.953940780733834,-37.177804970804196,-40.7864556777311,-29.648198505785885,-36.12461073511004,-2.602396166302353,-2.5795299938156906,-7.444913121568545,-5.104028180444285,9.926789633374447,-5.447819440137035,2.6252917268826774,-16.989531302896566,19.534403561560268,3.7922077922077877,-6.231283444183502,-6.294345242924385,-2.185187917726779,-1.265092773722088,-0.7689747023912026,-0.7945992543587018,-0.9396000824572157,-0.08658008658006121,-6.457600708487302,0.10986556763837398,-1.1883602763805168,-3.0138267916408807,-6.7261229227017605,-4.395452358340021,5.75
116,-41.62620390185678,-26.00850116623192,-37.51054281929269,-41.09315967640868,-29.754995433248638,-36.44434620220056,-2.640838758061612,-2.6265099979385607,-7.578283959103381,-5.250079842876637,9.706621713248646,-5.759708274825815,2.5647561431994252,-16.983862901920805,19.494778562533565,3.787878787878783,-6.131490416670883,-6.209719637115503,-2.157804503182543,-1.221710228862268,-0.7688319107732722,-0.7921595577517703,-0.9396000824572157,-0.08658008658010562,-6.390669479703781,0.11719886207535943,-1.111565634580977,-2.9196982650259633,-6.654353409066571,-4.382929541727098,5.800000000000001
117,-41.935306651419516,-26.05973076775551,-37.83968210308184,-41.39480928478862,-29.860969838832357,-36.76063411129925,-2.6792737121296613,-2.673490002061409,-7.70401061590472,-5.3913917043877335,9.487590655473223,-6.066664402807653,2.5061147228792535,-16.97773206515922,19.455284058906756,3.783549783549774,-6.030402610717875,-6.111065502976502,-2.1413540656021537,-1.1838269616013184,-0.7686791569493788,-0.7895496497536678,-0.9396000824571293,-0.08658008658009166,-6.321718319866763,0.12644757779268306,-1.0449499550909593,-2.82490224660063,-6.582382115079787,-4.360192294719655,5.8500000000000005
118,-42.22561595380882,-26.108138533420075,-38.16521273315408,-41.69133976394888,-29.966668371385268,-37.07337346585341,-2.717700530396245,-2.7204700061842715,-7.822093091972516,-5.52793039038701,9.270207181567901,-6.3679863976660105,2.449092502042171,-16.971043021547736,19.415928561249416,3.779220779220784,-5.928020026324462,-5.998382840507351,-2.135836604985435,-1.1514429719392127,-0.7685164409196041,-0.7867695303644127,-0.9396000824572134,-0.08658008658006099,-6.250747228976417,0.1376117147904155,-0.9885132379106041,-2.7294387363646484,-6.510209040741352,-4.327240617317632,5.9
119,-42.497131809024715,-26.15423341134112,-38.4871246204918,-41.98268637496746,-30.072637679755502,-37.38246326931038,-2.7561187147510413,-2.767450010307127,-7.932531387306796,-5.65966252628396,9.054982013052383,-6.662972832984444,2.393414516808269,-16.963700000022335,19.376720580131106,3.774891774891769,-5.824342663490673,-5.8716716497081896,-2.141252121332498,-1.1245582598758963,-0.7683437626839522,-0.7838191995839583,-0.9396000824571917,-0.08658008658006353,-6.1777562070325684,0.15069127306858812,-0.9422554830398443,-2.6333077343182287,-6.4378341860512975,-4.284074509521252,5.95
120,-42.749854217067195,-26.19852434963408,-38.805407676077444,-42.26878437892232,-30.179424412791306,-37.68780252511748,-2.794527767083742,-2.814430014429967,-8.035325501907558,-5.786554737488093,8.842425871446416,-6.950922282346404,2.33880580329758,-16.955607229519035,19.337668626121385,3.7705627705627647,-5.719370522216469,-5.730931930579051,-2.1576006146433127,-1.1031728254113458,-0.7681611222424001,-0.7806986574123349,-0.9396000824571523,-0.08658008658007771,-6.102745254035363,0.16568625262685557,-0.90617669047863,-2.53650924046123,-6.365257551009606,-4.2306939713303535,6.0
121,-42.98378317793627,-26.241520296414485,-39.12005181089342,-42.54956903689145,-30.287575219340827,-37.98929023672208,-2.832927189284076,-2.861410018552853,-8.130475435774812,-5.908573649408826,8.633049478269719,-7.231133319335374,2.284991397630166,-16.94666893897378,19.29878120978978,3.7662337662337655,-5.613103602501798,-5.576163683119643,-2.184882084917878,-1.0872866685457057,-0.7679685195950352,-0.777407903849498,-0.9396000824572373,-0.08658008658003583,-6.025714369984726,0.1825966534656944,-0.8802768602271179,-2.439043254793644,-6.292479135616322,-4.167099002745071,6.050000000000001
122,-43.19891869163192,-26.28373019979778,-39.431046935922154,-42.82497560995284,-30.39763674825226,-38.28682540757144,-2.8713164832417366,-2.9083900226757082,-8.217981188908528,-6.0256858874556665,8.427363555042007,-7.502904517534905,2.231696335926113,-16.93678935732256,19.260066841705882,3.7619047619047654,-5.505541904346778,-5.407366907330312,-2.2230965321561387,-1.0768997892788534,-0.7677659547415552,-0.7739469388955107,-0.9396000824571954,-0.08658008658009167,-5.946663554880673,0.20142247558478005,-0.864555992285118,-2.3409097773156082,-6.219498939871404,-4.09328960376531,6.1000000000000005
123,-43.395260758154166,-26.32566300789944,-39.73838296214605,-43.094939359184444,-30.510155648373797,-38.58030704111294,-2.909695150846452,-2.9553700267985636,-8.297842761308733,-6.137858077038067,8.225878823283024,-7.765534450528481,2.1786456543054546,-16.925872713501406,19.221534032439248,3.757575757575756,-5.396685427751295,-5.224541603210801,-2.2722439563582206,-1.072012187610802,-0.7675534276822801,-0.7703157625503402,-0.9396000824572133,-0.08658008658007621,-5.865592808723191,0.22216371898418286,-0.8590140866527194,-2.2421088080270266,-6.146316963774814,-4.009265774390992,6.15
124,-43.57280937750299,-26.367827668835,-40.04204980054755,-43.35939554566425,-30.625678568553614,-38.8696341407939,-2.9480626939879233,-3.0023500309214417,-8.370060152975404,-6.245056843565508,8.02910600451245,-8.018321691899526,2.125564388888257,-16.913823236446227,19.18319129255943,3.7532467532467613,-5.286682934135589,-5.0282624684295705,-2.331957956271747,-1.0724557930333416,-0.767330938417148,-0.766514374814011,-0.9396000824572133,-0.08658008658006225,-5.782490903621444,0.24481142308601955,-0.8633798729932134,-2.1427160881760026,-6.07298548419492,-3.915320590614469,6.2
125,-43.7315645496784,-26.410733130719866,-40.34203736210907,-43.61827943047025,-30.744752157639915,-39.15470571006164,-2.986418614555789,-3.0493300350442896,-8.434633363908578,-6.347248812447472,7.837555820250044,-8.260564815231618,2.072177575794573,-16.900545155093063,19.145047132635987,3.748917748917752,-5.176278230600373,-4.821402991328562,-2.4004065256358404,-1.0773902530052766,-0.767098486946098,-0.7625427756864926,-0.9396000824571726,-0.08658008658009166,-5.69730170012112,0.2693207850001757,-0.8762969996226803,-2.043110324002996,-5.999765885473235,-3.812919432397076,6.25
126,-43.87152627468041,-26.454888341669573,-40.63833555781299,-43.87152627468041,-30.86792306448088,-39.4354207523635,-3.0247624144398397,-3.096310039167152,-8.491562394108227,-6.444400609093421,7.651738992015534,-8.491562394108227,2.0182102511444877,-16.88594269837787,19.107110063238487,3.7445887445887425,-5.066363885666562,-4.60741135791761,-2.4753912569371725,-1.0858071444771498,-0.7668560732691007,-0.7584009651677607,-0.9396000824572157,-0.0865800865801183,-5.6099578308770965,0.2956380412585806,-0.8961378445205941,-1.9437459629965195,-5.926971828819637,-3.703820755692102,6.300000000000001
127,-44.42200735988363,-26.500707305181706,-40.93095259554567,-44.11912340586978,-30.99560969748642,-39.71167434138499,-3.063093595529744,-3.1432900432899924,-7.8333434863359095,-6.536505368349695,7.472063664731349,-8.710814146296757,1.9634462757359097,-16.86992323143893,19.06938859493648,3.740259740259743,-4.957832467855054,-4.389735754207062,-2.5547137426625124,-1.0966980443995824,-0.7666036973862064,-0.7540889432578478,-0.939600082457259,-0.0865800865800777,-5.520391928544212,0.3237094283934592,-0.9212747856665067,-1.8450774526451994,-5.854916975443888,-3.5897830164532563,6.3500000000000005
128,-44.957166903947986,-26.548224246282423,-41.21996987080905,-44.36126641760158,-31.12771750331337,-39.98334583176447,-3.10141165971521,-3.190270047412863,-7.193444786732236,-6.623662262809874,7.2985276769307434,-8.918624366300369,1.9079048090783195,-16.852406664223718,19.031891238299508,3.7359307359307334,-4.851576545686803,-4.171824366207254,-2.636175575298699,-1.1090545297231453,-0.7663413592973661,-0.7496067099567926,-0.9396000824571487,-0.08658008658011808,-5.42853662577722,0.35348118293658803,-0.9500802010395896,-1.7475592404375462,-5.783914986555803,-3.4725646706338202,6.4
129,-45.477004906873496,-26.597378445379988,-41.505487076009025,-44.59820296993613,-31.26402368818027,-40.250310648378424,-3.1397161088859216,-3.2372500515357334,-6.571866295297148,-6.705996974504448,7.131026290549772,-9.115498492806067,1.851663835359111,-16.833316042882057,18.994626503897166,3.731601731601724,-4.748488687682657,-3.957125379928147,-2.717578347332349,-1.1218681773983692,-0.7660690590027145,-0.7449542652645176,-0.9396000824571932,-0.08658008658010538,-5.334324555231132,0.38489954142008237,-0.9809264686194891,-1.6516457738621475,-5.714279523365278,-3.353924174187497,6.45
130,-45.98152136866014,-26.648109182882717,-41.78760390355141,-44.83018072293371,-31.404305458305675,-40.51244421610341,-3.178006444931624,-3.284230055658604,-5.968608012030694,-6.783635185463886,6.969454767524385,-9.301941964500951,1.7948013387656012,-16.812574413563695,18.957602902299,3.727272727272729,-4.649461462363621,-3.749086981379926,-2.7967236512503164,-1.1341305643758957,-0.7657867965021614,-0.7401316091810941,-0.939600082457174,-0.08658008658009166,-5.237688349560712,0.41791074037594284,-1.0121859663854704,-1.5577915004075056,-5.646324247082204,-3.235619983067702,6.5
131,-46.47071628930793,-26.70035573919886,-42.06642004584209,-45.05744733665463,-31.54834001990816,-40.76962195981593,-3.216282169742002,-3.3312100597814442,-5.3836699369328445,-6.85670257771865,6.813708369790611,-9.478460220072067,1.7373953034851555,-16.79010482241842,18.920828944074554,3.72294372294372,-4.5552386768303155,-3.550582658904441,-2.8717794807915475,-1.1450013381144266,-0.7654945717956232,-0.7351387417064773,-0.9396000824573033,-0.08658008658006375,-5.138571869311704,0.45246997691412505,-1.0425023426538524,-1.4663751263140856,-5.580310542048024,-3.1191174772357484,6.550000000000001
132,-46.94458966881686,-26.754057394736687,-42.34203519528692,-45.280250471159185,-31.69590457920624,-41.02171930439254,-3.2545427852067395,-3.3781900639043076,-4.817052070003596,-6.925324833299225,6.663682359284418,-9.645558698206472,1.679523713705143,-16.765830315596034,18.884313139793406,3.718614718614715,-4.465969092502994,-3.362187110170038,-2.942379434703784,-1.1543124281058217,-0.7651923848832285,-0.7299756628406693,-0.9396000824572386,-0.08658008658009039,-5.036963886593157,0.4885682904565318,-1.071604327087833,-1.377472392830044,-5.516290685131068,-3.0047097326837124,6.6000000000000005
133,-47.40314150718694,-26.809153429904487,-42.614549044291756,-45.49883778650768,-31.84677634241849,-41.268611674709746,-3.292787793215596,-3.4251700680271626,-4.268754411242967,-6.989627634236047,6.519271997941839,-9.8037428375912,1.6212645536129247,-16.73967393924629,18.848064000025104,3.7142857142857104,-4.381652709381583,-3.1839003351766753,-3.008523512987098,-1.1620638343501033,-0.7648802357649741,-0.7246423725836784,-0.9396000824571703,-0.08658008658003562,-4.9328644014051575,0.5262056810033441,-1.0994919196874604,-1.2910832999552933,-5.454264676331259,-2.892396749411808,6.65
134,-47.846371804418155,-26.865583125110554,-42.884061285262476,-45.71345694276039,-32.00073251576346,-41.51017449564409,-3.331016695658212,-3.4721500721500482,-3.7387769606509575,-7.049736662559624,6.380372547698839,-9.95351807691331,1.5626958073958608,-16.711558739518985,18.812090035339214,3.7099567099567206,-4.302289527466185,-3.0157223339244763,-3.0702117156414546,-1.1682555568471136,-0.7645581244408436,-0.7191388709355591,-0.93960008245715,-0.08658008658010287,-4.8262734137476695,0.5653821485545145,-1.1261651204525371,-1.20720784768988,-5.394232515648728,-2.7821785274198976,6.7
135,-48.27428056051051,-26.923285760763164,-43.150671610604924,-45.92435559997762,-32.157550305459694,-41.74628319207207,-3.36922899442434,-3.519130076272896,-3.2271197182275437,-7.105777600300389,6.246879270491445,-10.095389854859881,1.5038954592412823,-16.681407762563932,18.776399756305274,3.705627705627702,-4.227879546756741,-2.8576531064132515,-3.127444042666853,-1.1728875955970315,-0.7642260509106391,-0.7134651578962099,-0.9396000824572387,-0.08658008658009039,-4.717190923620795,0.6060976931098903,-1.1516239293833166,-1.1258460360339066,-5.336194203083434,-2.6740550667080623,6.75
136,-48.686867775464016,-26.9822006172706,-43.41447971272497,-46.13178141821969,-32.317006917725756,-41.97681318887023,-3.407424191403663,-3.5661100803957435,-2.7337826839727786,-7.157876129488801,6.118687428255638,-10.229863610117905,1.4449414933365743,-16.649144054530886,18.741001673492878,3.7012987012987115,-4.158422767253269,-2.70969265264309,-3.1802204940633088,-1.1759599505997542,-0.7638840151746652,-0.7076212334657083,-0.9396000824572374,-0.08658008658008912,-4.605616931024348,0.6483523146697838,-1.1758683464796515,-1.046997864987112,-5.2801497386353295,-2.568026367276212,6.800000000000001
137,-49.08413344927866,-27.042266975041105,-43.675585284028465,-46.33598205754688,-32.478879558780186,-42.2016399109151,-3.4456017884859196,-3.613090084518607,-2.258765857886584,-7.206157932155345,5.995692282927419,-10.35744478137452,1.3859118938691108,-16.614690661569615,18.705904297471555,3.696969696969693,-4.0939191889556765,-2.571840972614055,-3.228541069830821,-1.177472621855325,-0.7635320172326824,-0.7016070976440559,-0.9396000824572818,-0.0865800865800612,-4.491551435958502,0.6921460132338816,-1.1988983717416053,-0.970663334549733,-5.226099122304468,-2.4640924291244124,6.8500000000000005
138,-49.46607758195446,-27.10342411448302,-43.93408801692129,-46.53720517801949,-32.64294543484156,-42.420638783083206,-3.4837612875607253,-3.6600700886414774,-1.802069239969043,-7.250748690330517,5.87778909644279,-10.478638807316704,1.3268846450261949,-16.57797062982996,18.67111613881088,3.6926406926406883,-4.0343688118640575,-2.4440980663261276,-3.2724057699693176,-1.1774256093637296,-0.7631700570849504,-0.6954227504311803,-0.9396000824572566,-0.08658008658011808,-4.374994438423103,0.737478788802293,-1.2207140051691345,-0.8968424447215931,-5.174042354090777,-2.362253252252663,6.9
139,-49.83270017349139,-27.165611316004565,-44.19008760380928,-46.73569843969783,-32.808981752128396,-42.63368523025106,-3.521902190517872,-3.7070500927643404,-1.3636928302200781,-7.291774086044714,5.764873130737745,-10.593951126631552,1.2679377309952296,-16.53890700546161,18.636645708080408,3.6883116883116838,-3.979771635978451,-2.32646393377916,-3.311814594478939,-1.175818913124889,-0.7627981347311863,-0.6890681918270645,-0.939600082457235,-0.08658008658007749,-4.255945938418236,0.7843506413750834,-1.2413152467622148,-0.825535195502876,-5.1239794339943625,-2.2625088366609485,6.95
140,-50.18400122388947,-27.22876786001405,-44.44368373709832,-46.931709502642164,-32.976765716859276,-42.84065467729522,-3.5600239992470346,-3.754030096887211,-0.9436366286397473,-7.3293598013284535,5.656839647748296,-10.703887178006118,1.2091491359635613,-16.497422834614433,18.602501515849685,3.683982683982689,-3.9301276612987572,-2.218938574973414,-3.3467675433595936,-1.1726525331390119,-0.762416250171527,-0.6825434218318608,-0.9396000824572387,-0.08658008658014621,-4.134405935944001,0.8327615709522015,-1.2607020965208562,-0.7567415868934784,-5.075910362015144,-2.1648591823492733,7.0
141,-50.51998073314869,-27.29283302691975,-44.69497610919425,-47.12548602691281,-33.14607453525272,-43.041422549092175,-3.598126215637945,-3.8010101010100885,-0.5419006352280262,-7.363631518212182,5.553583909410405,-10.808952400127456,1.1505968441185548,-16.453441163438182,18.5686920726883,3.679653679653679,-3.885436887825035,-2.121521989908666,-3.377264616611325,-1.167926469405911,-0.7620244034059879,-0.6758484404454539,-0.9396000824573008,-0.08658008658006375,-4.010374431000193,0.8827115775336134,-1.278874554445215,-0.6904616188934484,-5.029835138153175,-2.0693042893175875,7.050000000000001
142,-50.84063870126905,-27.35774609712994,-44.944064412502954,-47.317275672570084,-33.316685413527324,-43.235864270518455,-3.6362083415802555,-3.847990105132929,-0.15848484998492013,-7.394714918726396,5.455001177660112,-10.909652231682589,1.0923588396475705,-16.406885038082653,18.5352258891658,3.6753246753246747,-3.8456993155572543,-2.03421417858502,-3.403305814234,-1.1616407219256188,-0.7616225944346556,-0.6689832476678355,-0.9396000824573008,-0.08658008658006375,-3.8838514235869663,0.9342006611194021,-1.2958326205350508,-0.6266952915026108,-4.98575376240841,-1.9758441575660175,7.1000000000000005
143,-51.145975128250555,-27.4234463510529,-45.19104833943027,-47.50732609967425,-33.48837555790161,-43.42385526645063,-3.674269878963697,-3.8949701092557767,0.2066107270895955,-7.422735684901518,5.360986714433393,-11.006492111358599,1.0345131067379205,-16.357677504697616,18.502111475851727,3.6709956709956604,-3.810914944495366,-1.957015141002457,-3.4248911362277923,-1.1537952906981583,-0.7612108232572926,-0.661947843499065,-0.9396000824572578,-0.0865800865801054,-3.7548369137042106,0.9872288217094125,-1.3115762947904719,-0.5654426047212768,-4.9436662347808555,-1.8844787870944553,7.15
144,-51.4359900140932,-27.48987306909693,-45.436027582382074,-47.69588496828564,-33.66092217459415,-43.605270961765164,-3.712310329678015,-3.941950113378662,0.5533860959954674,-7.447819498768052,5.2714357816662645,-11.099977477842552,0.9771376295770424,-16.30574160943285,18.469357343315647,3.6666666666666705,-3.7810837746395105,-1.8899248771609394,-3.442020582592577,-1.1443901757235229,-0.7607890898740749,-0.6547422279391049,-0.9396000824571917,-0.08658008658010538,-3.6233309013519435,1.0417960593038533,-1.3261055772115558,-0.5067035585491821,-4.903572555270517,-1.7952081779029272,7.2
145,-51.71068335879699,-27.556965531670286,-45.67910183376423,-47.88319993846453,-33.834102469823456,-43.77998678133864,-3.7503291956128546,-3.9889301175015324,0.8818412567327343,-7.4700920423564305,5.186243641294684,-11.19061376982146,0.9203103923522287,-16.25100039843817,18.43697200212714,3.662337662337666,-3.756205805989627,-1.832943387060499,-3.454694153328517,-1.1334253770017808,-0.7603573942848709,-0.647366400987935,-0.9396000824571739,-0.08658008658010435,-3.489333386530287,1.0979023739025715,-1.339420467798181,-0.4504781529864544,-4.865472723877435,-1.7080323299914058,7.25
146,-51.97005516236193,-27.62466301918123,-45.920370785982584,-48.06951867027121,-34.007693649808125,-43.947878150047536,-3.788325978657925,-4.035910121624381,1.1919762093013913,-7.489678997697161,5.105305555254684,-11.278906425982413,0.8641093792508735,-16.193376917863315,18.404963962855735,3.658008658008647,-3.7362810385456346,-1.7860706707012057,-3.4629118484354326,-1.1209008945328982,-0.7599157364898097,-0.6398203626456838,-0.9396000824572144,-0.08658008658013225,-3.3528443692391807,1.1555477655056134,-1.351520966550432,-0.39676638803301395,-4.829366740601522,-1.6229512433599746,7.300000000000001
147,-52.21410542478801,-27.692904812038094,-46.159934131443,-48.255088823765995,-34.18147292076668,-44.1088204927684,-3.8263001807029613,-4.0828901257472285,1.483790953701443,-7.506706046820668,5.02851678548227,-11.365360885012448,0.8086125744603277,-16.132794213858084,18.373341736070998,3.653679653679652,-3.721309472307666,-1.7493067280829133,-3.4666736679133727,-1.1068167283166996,-0.7594641164889999,-0.6321041129121906,-0.9396000824572157,-0.08658008658007643,-3.2138638494785123,1.2147322341130224,-1.3624070734682712,-0.34556826368898924,-4.795254605442873,-1.5399649180085426,7.3500000000000005
148,-52.44283414607522,-27.761630190649115,-46.39789156255135,-48.44015805900918,-34.3552174889177,-44.262689234377774,-3.8642513036376496,-4.129870129870099,1.7572854899328707,-7.521298871757441,4.955772593913414,-11.45048258559863,0.7538979621679319,-16.069175332572282,18.342113832342523,3.6493506493506427,-3.7112911072755894,-1.7226515592056932,-3.4659796117623487,-1.0911728783534724,-0.759002534282026,-0.6242176517874947,-0.9396000824571943,-0.08658008658009145,-3.072391827248419,1.275455779724733,-1.3720787885516754,-0.29688377995420734,-4.763136318401415,-1.4590733539372234,7.4
149,-52.65624132622359,-27.83077843542259,-46.634342771713484,-48.624974036061055,-34.528704560479724,-44.40935979975217,-3.9021788493516887,-4.176850133992954,2.0124598179957074,-7.533583154537951,4.886968242484121,-11.53477696642801,0.7000435265610565,-16.002443320155688,18.311288762239812,3.6450216450216284,-3.706225943449444,-1.7061051640695697,-3.46082967998248,-1.0739693446429854,-0.7585309898693523,-0.6161609792716598,-0.9396000824571714,-0.08658008658010413,-2.9284283025488125,1.3377184023408901,-1.3805361118006516,-0.2507129368288063,-4.733011879477171,-1.380276551145838,7.45
150,-52.8543269652331,-27.900288826766793,-46.86938745133527,-48.809784414981934,-34.70171134167129,-44.54870761376811,-3.940082319734847,-4.223830138115802,2.2493139378899007,-7.543684577192664,4.8219989931304035,-11.618749466187618,0.647127251827076,-15.932521222758059,18.28087503633246,3.6406926406926337,-3.706113980829331,-1.6996675426745373,-3.4512238725735633,-1.0552061271853788,-0.7580494832507113,-0.607934095364605,-0.9396000824572132,-0.08658008658007643,-2.781973275379795,1.4015201019612087,-1.3877790432153208,-0.20705573431269775,-4.704881288670185,-1.3035745096344533,7.5
151,-53.03709106310375,-27.970100645090017,-47.10312529382257,-48.9948368558321,-34.87401503871097,-44.68060810130211,-3.9779612166767246,-4.27081014223868,2.467847849615508,-7.551728821752024,4.7607601077882356,-11.702905523564546,0.5952271221533265,-15.859332086529193,18.250881165190023,3.6363636363636385,-3.71095521941513,-1.7033386950206129,-3.4371621895357642,-1.0348832259806602,-0.7575580144261724,-0.5995370000663776,-0.9396000824572792,-0.08658008658009167,-2.633026745741309,1.466860878585896,-1.393807582795464,-0.16591217240591524,-4.678744545980429,-1.2289672294032616,7.550000000000001
152,-53.204533619835544,-28.040153170800515,-47.33565599158124,-49.180379018671836,-35.045392857817326,-44.80493668723073,-4.015815042067128,-4.317790146361543,2.6680615531724765,-7.557841570246513,4.70314684839364,-11.787750577245811,0.5444211217271832,-15.782798957618857,18.221315659382057,3.6320346320346295,-3.7207496592068914,-1.717118621107689,-3.4186446308689695,-1.0130006410286796,-0.7570565833956655,-0.5909696933770401,-0.9396000824572792,-0.0865800865800777,-2.481588713633302,1.5337407322149703,-1.398621730541246,-0.1272822511084623,-4.654601651407855,-1.156454710452041,7.6000000000000005
153,-53.35665463542848,-28.110385684306593,-47.56707923701715,-49.36665856356147,-35.21562200520887,-44.92156879643046,-4.053643297795674,-4.364770150484405,2.8499550485608456,-7.562148504706605,4.649054476882626,-11.8737900659185,0.49478723473599134,-15.702844882176892,18.192187029478124,3.62770562770562,-3.7354973002045853,-1.741007320935842,-3.3956711965731503,-0.9895583723295327,-0.7565451901593676,-0.5822321752964289,-0.9396000824573428,-0.0865800865800077,-2.327659179055811,1.6021596628483763,-1.4022214864526032,-0.09116597042043795,-4.632452604952534,-1.0860369527808098,7.65
154,-53.49345410988256,-28.180737466016506,-47.79749472253615,-49.55392315056129,-35.384479687104196,-45.03037985377786,-4.091445485752121,-4.411750154607276,3.0135283357806184,-7.564775307162738,4.598378255191129,-11.961529428269662,0.44640344536709703,-15.61939290635302,18.163503786047766,3.62337662337662,-3.7551981424082514,-1.7750047945051377,-3.368241886648506,-0.9645564198832922,-0.7560238347169942,-0.5733244458246989,-0.9396000824573428,-0.08658008658007621,-2.1712381420088445,1.6721176704860419,-1.4046068505295728,-0.05756333034161625,-4.6122974066143865,-1.017713956389646,7.7
155,-53.614932043197776,-28.25114779633855,-48.0270021405441,-49.74242043973159,-35.55174310972184,-45.13124528414943,-4.129221107826132,-4.458730158730146,3.158781414831762,-7.565847659645403,4.5510134452552,-12.05147410298632,0.3993477378078944,-15.532366076297043,18.13527443966056,3.6190476190476155,-3.7798521858178686,-1.8191110418154786,-3.3363567010948745,-0.9379947836898623,-0.7554925170689198,-0.5642465049617488,-0.9396000824572792,-0.08658008658007643,-2.012325602492445,1.743614755128042,-1.4057778227720836,-0.026474330872203217,-4.594136056393496,-0.9514857212785148,7.75
156,-53.72108843537415,-28.321555955681003,-48.255701183446874,-49.93239809113266,-35.71718947928033,-45.2240405124217,-4.166969665907468,-4.505710162853024,3.2857142857142865,-7.565491244185104,4.506855309010837,-12.144129528755556,0.3536980962457196,-15.441687438158755,18.10750750088606,3.6147186147186257,-3.809459430433459,-1.8733260628668922,-3.300015639912219,-0.9098734637492517,-0.7549512372147512,-0.5549983527075959,-0.9396000824572589,-0.08658008658009039,-1.8509215605065386,1.816650916774258,-1.40573440318022,0.002101027987873025,-4.577968554289855,-0.8873522474474231,7.800000000000001
157,-53.72108843537415,-28.391901224452145,-48.48369154365031,-50.124103764824824,-35.88059600199827,-45.308640963471206,-4.204690661885795,-4.552690166975872,3.2857142857142865,-7.56383174281223,4.465799108394027,-12.240001144264417,0.30953250486792316,-15.347280038087943,18.080211480293816,3.610389610389607,-3.8440198762549915,-1.9376498576594383,-3.2592187031006685,-0.8801924600615036,-0.7543999951548086,-0.5455799890623533,-0.9396000824572183,-0.08658008658007643,-1.6870260160511932,1.891226155424983,-1.4044765917539248,0.028162746238601932,-4.563794900303378,-0.8253135348964876,7.8500000000000005
158,-53.72108843537415,-28.462122883060246,-48.711072913560294,-50.31778512086835,-36.04173988409418,-45.38492206217447,-4.242383597650846,-4.599670171098728,3.2857142857142865,-7.5609948375572955,4.427740105340756,-12.339594388199963,0.26692894786187504,-15.249066922234379,18.05339488845341,3.6060606060606117,-3.8835335232824963,-2.0120824261929537,-3.213965890660156,-0.8489517726265202,-0.7538387908889215,-0.5359914140258675,-0.9396000824572565,-0.08658008658006225,-1.520638969126324,1.9673404710799673,-1.4020043884932858,0.0517108238800365,-4.551615094434113,-0.7653695836253975,7.9
159,-53.72108843537415,-28.53216021191359,-48.93794498558269,-50.513689819323545,-36.2003983317866,-45.45275923340802,-4.280047975092291,-4.646650175221583,3.2857142857142865,-7.557106210450757,4.392573561787042,-12.443414699249223,0.22596540941494536,-15.146971136747867,18.0270662359344,3.601731601731598,-3.9280003715159233,-2.0966237684675986,-3.1642572025906825,-0.8161514014444033,-0.7532676244172298,-0.5262326275982133,-0.9396000824571954,-0.08658008658007643,-1.3517604197320001,2.0449938637392786,-1.398317793398161,0.07274526091211672,-4.541429136682134,-0.7075203936343959,7.95
160,-53.72108843537415,-28.601952491420466,-49.16440745212333,-50.71206552025072,-36.356348551294104,-45.51202790204838,-4.317683296099856,-4.6936301793444315,3.2857142857142865,-7.552291543523094,4.360194739668856,-12.551967516099303,0.18671987371446533,-15.040915727778149,18.0012340333063,3.5974025974025934,-3.977420420955342,-2.1912738844834037,-3.1100926388923087,-0.7817913465151208,-0.7526864957395224,-0.5163036297793872,-0.9396000824571725,-0.08658008658009039,-1.1803903678681968,2.124186333402894,-1.3934168064686616,0.09126605733492507,-4.533237027047347,-0.6517659649235019,8.0
161,-53.72108843537415,-28.671439001989157,-49.39056000558809,-50.913159883710165,-36.50936774883525,-45.56260349297207,-4.355289062563244,-4.740610183467316,3.2857142857142865,-7.546676518804725,4.330498900922239,-12.665758277437197,0.14927032494781456,-14.93082374147503,17.975906791138712,3.593073593073598,-4.031793671600672,-2.296032774240179,-3.05147219956487,-0.7458716078386577,-0.7520954048559364,-0.5062044205693583,-0.9396000824572336,-0.08658008658006353,-1.00652881353493,2.204917880070942,-1.3873014277047273,0.10727321314835052,-4.527038765529793,-0.5981062974925951,8.05
162,-53.72108843537415,-28.740559024027906,-49.616502338382844,-51.11722056976216,-36.65923313062858,-45.60436143105563,-4.392864776372162,-4.7875901875901645,3.2857142857142865,-7.540386818326162,4.3033813074831615,-12.785292421949979,0.11369474730235339,-14.816618223988296,17.951093020001185,3.588744588744589,-4.0911201234519865,-2.4109004377380803,-2.9883958846085714,-0.7083921854150328,-0.7514943517663683,-0.4959349999681711,-0.9396000824572182,-0.08658008658010308,-0.8301757567321848,2.2871885037432325,-1.379971657106409,0.12076672835245475,-4.522834352129422,-0.5465413913417325,8.1
163,-53.72108843537415,-28.809251837945034,-49.842334142913444,-51.32449523846703,-36.805721902892635,-45.63717714117557,-4.4304099394163,-4.834570191713034,3.2857142857142865,-7.53354812411788,4.278737221287612,-12.911075388324747,0.0800711249654276,-14.698222221467743,17.926801230463276,3.584415584415594,-4.155399776509241,-2.5358768749770437,-2.920863694023284,-0.6693530792442685,-0.7508833364710009,-0.4854953679758309,-0.9396000824572565,-0.08658008658006353,-0.6513311974599587,2.370998204419912,-1.371427494673672,0.13174660294722101,-4.520623786846273,-0.4970712464708952,8.15
164,-53.72108843537415,-28.8774567241488,-50.06815511158574,-51.53523154988506,-36.94861127184598,-45.66092604820843,-4.4679240535853735,-4.881550195835905,3.2857142857142865,-7.526286118210307,4.256461904271618,-13.043612615248481,0.04847744212439267,-14.575558780063112,17.90303993309454,3.5800865800865846,-3.5886120595744595,-2.2257259696910983,-2.4752916382875605,-0.5572229772428965,-0.6433538478779569,-0.4116890747526918,-0.805371499249118,-0.07421150278290772,-0.48199214420177566,2.067982750220716,-1.172020981796888,0.11799041172532677,-3.873588168158732,-0.4045603261332193,8.200000000000001
165,-53.72108843537415,-28.94511296304749,-50.29406493680559,-51.749677164076544,-37.087678443707176,-45.67548357703073,-4.505406620769075,-4.928530199958754,3.2857142857142865,-7.518726482633936,4.2364506183711494,-13.18340954140829,0.018991682966613726,-14.448550945924248,17.87981763846455,3.5757575757575757,-3.01405673540462,-1.900609508725692,-2.038093931027143,-0.45022426648103875,-0.5359088008397072,-0.3393255257024412,-0.6711429160408778,-0.06184291898577879,-0.33749045584837073,1.7534342179260973,-0.9734880944577742,0.10194748395855764,-3.227438015402271,-0.3197150725714593,8.25
166,-53.72108843537415,-29.012159835049378,-50.52016331097889,-51.96807974110178,-37.22270062469475,-45.680725152519,-4.542857142857142,-4.9755102040816235,3.2857142857142865,-7.51099489941923,4.218598625522229,-13.33097160549119,-0.00830816832054893,-14.317121765200897,17.857142857142858,3.5714285714285756,-2.431026203827477,-1.5590833815463074,-1.6099071259033453,-0.3485797589225761,-0.42854961852851026,-0.2684290367380764,-0.5369143328327369,-0.0494743351886088,-0.21818206132392187,1.4271327393925632,-0.7760023172042004,0.0839769111626632,-2.5818884931315385,-0.24223623417409212,8.3
167,-53.72108843537415,-29.012159835049378,-50.52016331097889,-51.96807974110178,-37.22270062469475,-45.680725152519,-4.542857142857142,-4.9755102040816235,3.2857142857142865,-7.51099489941923,4.218598625522229,-13.33097160549119,-0.00830816832054893,-14.317121765200897,17.857142857142858,3.5714285714285756,-1.838812864670716,-1.1997034776184046,-1.1913677765774744,-0.2525122665313609,-0.3212777241166891,-0.199023923772624,-0.40268574962453996,-0.037105751391481145,-0.12442288955266352,1.0888584464767017,-0.5797371345838378,0.06443778485328608,-1.9366547659012623,-0.17182455932966545,8.35
168,-53.72108843537415,-29.012159835049378,-50.52016331097889,-51.96807974110178,-37.22270062469475,-45.680725152519,-4.542857142857142,-4.9755102040816235,3.2857142857142865,-7.51099489941923,4.218598625522229,-13.33097160549119,-0.00830816832054893,-14.317121765200897,17.857142857142858,3.5714285714285756,-1.236709117762063,-0.821025686407741,-0.7831124367107916,-0.1622446012712624,-0.2140945407764817,-0.13113450271909294,-0.26845716641634043,-0.024737167594311604,-0.056568869458776774,0.7383914710349031,-0.3848660311445089,0.043689196545935005,-1.2914519982661428,-0.10818079642682779,8.4
169,-53.72108843537415,-29.012159835049378,-50.52016331097889,-51.96807974110178,-37.22270062469475,-45.680725152519,-4.542857142857142,-4.9755102040816235,3.2857142857142865,-7.51099489941923,4.218598625522229,-13.33097160549119,-0.00830816832054893,-14.317121765200897,17.857142857142858,3.5714285714285756,-0.6240073629292413,-0.4216058973797072,-0.38577765996449803,-0.0779995751061779,-0.10700149168018921,-0.06478508949055299,-0.134228583208197,-0.012368583797142892,-0.014975929966486074,0.3755119449238565,-0.19156249143396542,0.022090237756303862,-0.6459953547808398,-0.051005693854058405,8.450000000000001
170,-53.72108843537415,-29.012159835049378,-50.52016331097889,-51.96807974110178,-37.22270062469475,-45.680725152519,-4.542857142857142,-4.9755102040816235,3.2857142857142865,-7.51099489941923,4.218598625522229,-13.33097160549119,-0.00830816832054893,-14.317121765200897,17.857142857142858,3.5714285714285756,0.0,0.0,0.0,0.0,0.0,0.0,0.0,0.0,0.0,0.0,0.0,0.0,0.0,0.0,8.5
