frame,ball_x,5_x,8_x,9_x,10_x,11_x,648_x,877_x,878_x,ball_y,5_y,8_y,9_y,10_y,11_y,648_y,877_y,878_y,10_vx,10_vy,11_vx,11_vy,5_vx,5_vy,648_vx,648_vy,8_vx,8_vy,877_vx,877_vy,878_vx,878_vy,9_vx,9_vy,Time [s]
0,-3.82176870748299,-4.110204081632645,-4.687074829931976,1.6585034013605435,-3.82176870748299,7.2829931972788975,-13.202748767760955,-14.493877551020411,-20.551020408163257,-26.42857142857143,-30.714285714285715,-16.571428571428577,-27.857142857142858,-26.42857142857143,-32.57142857142857,10.002159327271293,-24.714285714285722,-10.857142857142861,,,,,,,,,,,,,,,,,0.0
1,-3.624879429255113,-4.00332626584969,-4.561636892297772,1.7701468662380628,-3.5686160419029846,7.30319340029788,-12.896997410244005,-14.493877551020411,-20.551020408163257,-25.600617150558833,-30.637434428432584,-16.53071523855372,-27.57288860702505,-26.403616973244162,-32.627481776656104,10.027179362476144,-24.714285714285722,-10.857142857142861,,,,,,,,,,,,,,,,,0.05
2,-3.435500913684381,-3.8940468145114875,-4.431675967023001,1.8913409149578664,-3.3207831960998164,7.322564833326838,-12.599139471197596,-14.493877551020411,-20.551020408163257,-24.804246959445855,-30.562318885187015,-16.48893124095644,-27.29486635573,-26.382584031412783,-32.669553210336616,10.05763568344831,-24.714285714285722,-10.857142857142847,,,,,,,,,,,,,,,,,0.1
3,-3.253633160770861,-3.7824649635935574,-4.29741449612281,2.021878669807808,-3.0780085395927266,7.341422489603634,-12.308786749713306,-14.493877551020411,-20.551020408163257,-24.039460855232576,-30.48890280378217,-16.446129234278835,-27.022913334713273,-26.365279741757867,-32.698060357450444,10.09326093187139,-24.714285714285722,-10.857142857142861,,,,,,,,,,,,,,,,,0.15000000000000002
4,-3.079276170514561,-3.6686799490713344,-4.1590749216122695,2.161553253075673,-2.8400304419009164,7.360081362366054,-12.0255510448828,-14.493877551020411,-20.551020408163257,-23.30625883791896,-30.4171499034512,-16.40236187416297,-26.75686677543059,-26.351511242959923,-32.71342070297805,10.133787749428894,-24.714285714285722,-10.857142857142861,4.770027173069818,0.28308442873771306,0.38577718476172346,-0.3239063097670071,2.2717308514245254,1.4365092372931492,5.680242132945819,0.7998420184936298,2.757893809605961,0.8732409766335332,0.0,0.0,0.0,4.0602442043434316e-14,2.7852165568702523,5.327441927428598,0.2
5,-2.912429942915435,-3.5527910069203767,-4.016879685506549,2.310157787049323,-2.6065872725434964,7.378856444851961,-11.749044155797638,-14.493877551020411,-20.55102040816325,-22.604640907505008,-30.347023903427292,-16.357681816250953,-26.496563909337528,-26.34108567369948,-32.71605173189973,10.178948777804486,-24.714285714285722,-10.857142857142861,4.6793286063817865,0.2162258379876951,0.38810137923108146,-0.06931997764920894,2.313809404000178,1.4039712311526384,5.545665818038339,0.8925262348545664,2.8350070415103406,0.8914949325566822,0.0,0.0,2.0301221021717152e-14,1.262177448353619e-29,2.9638155709854432,5.212568063635874,0.25
6,-2.753094477973507,-3.434897373116113,-3.8710512298207007,2.4674853940165495,-2.3774174010396463,7.398062730299171,-11.478877881549504,-14.493877551020411,-20.55102040816325,-21.93460706399069,-30.278488522943537,-16.31214171618489,-26.24184196788973,-26.333810172657067,-32.706370929195934,10.228476658681691,-24.714285714285722,-10.857142857142861,4.593862649310106,0.1532244736270525,0.3967254384571182,0.17691665486093408,2.3539032370658988,1.372158840349107,5.418853521298702,0.9798632848869916,2.907671433112529,0.9086957756380594,0.0,0.0,0.0,2.524354896707238e-29,3.138277030856949,5.100949570730627,0.30000000000000004
7,-2.6012697756887686,-3.315098283634061,-3.72181199656989,2.633329196265132,-2.1522591969085534,7.418015211945501,-11.214664021229918,-14.493877551020411,-20.551020408163257,-21.29615730737608,-30.211507481233113,-16.26579422960684,-25.992538182542848,-26.32949187851323,-32.68479577984702,10.282104033744064,-24.714285714285722,-10.857142857142847,4.513629301855143,0.09408033565585631,0.4116493624395901,0.4148035877633204,2.3920123506220174,1.3410720648825551,5.299805242726774,1.06185316859087,2.975886984412457,0.9248435058777663,0.0,0.0,0.0,0.0,3.3086009364847677,4.992586448712534,0.35000000000000003
8,-2.456955836061243,-3.1934929744496277,-3.5693844277691524,2.807482316082968,-1.930851029669359,7.439028883028758,-10.956014373930586,-14.493877551020411,-20.55102040816325,-20.689291637661107,-30.14604449752916,-16.218692012158883,-25.748489784752493,-26.32793792994847,-32.65174376883333,10.339563544675242,-24.714285714285722,-10.857142857142861,4.438628564016922,0.038793424074147057,0.43287315117861364,0.644340821058234,2.4281367446683326,1.3107109047529415,5.188520982322585,1.1384958859662928,3.039653695410191,0.9399381232757213,8.120488408686852e-14,0.0,0.0,4.060244204343426e-14,3.474787287868944,4.887478697581865,0.4
9,-2.3201526590908843,-3.0701806815384227,-3.4139909654336154,2.9897378757577986,-1.7129312688412792,7.461418736786829,-10.70254073874305,-14.493877551020411,-20.551020408163257,-20.114010054845785,-30.082063291064827,-16.17088771948312,-25.50953400597428,-26.328955465643315,-32.60763238113529,10.400587833158758,-24.714285714285722,-10.857142857142847,4.368860435795286,-0.012636261118197038,0.4603968046741358,0.865528354745391,2.462276419205194,1.2810753599605305,5.085000740086075,1.2097914370131535,3.098971566105879,0.9539796278319046,0.0,0.0,-2.208810534618833e-29,4.060244204343426e-14,3.6368360850094943,4.785626317338551,0.45
10,-2.1908602447777525,-2.9452606408758513,-3.25585405157845,3.1798889975774767,-1.4982382839434263,7.48549976645749,-10.453854914758935,-14.493877551020411,-20.551020408163257,-19.570312558930173,-30.019527581073277,-16.122434007221617,-25.275508077663886,-26.332351624278317,-32.55287910173328,10.464909540878194,-24.714285714285722,-10.857142857142861,4.304324917190175,-0.06020871992117601,0.4942203229261466,1.0783661888250151,2.4944313742321724,1.2521654305049572,4.9892445160174,1.2757398217314884,3.1538405964993133,0.9669680195464839,0.0,0.0,-2.03012210217172e-14,-9.466330862652142e-29,3.7947473279063413,4.687029307982534,0.5
11,-2.0690785931217888,-2.818832088437418,-3.0951961282187024,3.3777288038298035,-1.2865104444949935,7.5115869652785685,-10.209568701069895,-14.493877551020383,-20.551020408163257,-19.058199149914174,-29.95840108678767,-16.073383531016468,-25.04624923127694,-26.33793354453397,-32.487901415607666,10.532261309517096,-24.714285714285722,-10.857142857142847,4.245022008201761,-0.10392395233458676,0.5343437059346583,1.2828543232970038,2.524601609749607,1.2239811163864438,4.90125231011636,1.3363410401213975,3.2042607865907446,0.9789032984193315,8.120488408686852e-14,0.0,2.0301221021717082e-14,-4.06024420434344e-14,3.9485210165596274,4.591687669513901,0.55
12,-1.954807704123052,-2.6909942601985586,-2.9322396373694906,3.5830504168026462,-1.077486120015146,7.539995326487909,-9.96929389676751,-14.493877551020411,-20.55102040816325,-18.577669827797873,-29.898647527441106,-16.023788946509786,-24.821594698269035,-26.34550836509085,-32.413116807738845,10.60237578075909,-24.714285714285722,-10.857142857142847,4.190951708829916,-0.14378195835860197,0.580766953699826,1.4789927581612772,2.5527871257571344,1.1965224176048497,4.821024122383223,1.3915950921826843,3.2502321363798985,0.9897854644504482,-1.8932661725304283e-28,0.0,-6.941975965944904e-29,4.060244204343426e-14,4.098157150969059,4.499601401932612,0.6000000000000001
13,-1.8480475777814824,-2.5618463921348527,-2.767207021045941,3.795646958783769,-0.870903680023085,7.571039843323322,-9.732642300943414,-14.493877551020411,-20.551020408163257,-18.128724592581232,-29.8402306222668,-15.97370290934362,-24.601381710095843,-26.35488322462948,-32.32894276310718,10.674985596287712,-24.714285714285722,-10.857142857142861,4.142114019074807,-0.17978273799335348,0.633490066221388,1.6667814934178538,2.5789879222550987,1.1697893341602748,4.748559952817632,1.4415019779154492,3.2917546458666394,0.9996145176398383,-1.8932661725304283e-28,0.0,-4.733165431326071e-29,-4.0602442043434304e-14,4.243655731134971,4.410770505238517,0.65
14,-1.7487982140971179,-2.4314877202216985,-2.600320721263129,4.015311552061002,-0.6665014940379369,7.605035509022631,-9.499225712689192,-14.493877551020383,-20.55102040816325,-17.711363444264233,-29.783114090497858,-15.923178075160074,-24.385447498212983,-26.365865261830336,-32.23579676669307,10.749823397786553,-24.714285714285722,-10.857142857142861,4.098508938936266,-0.2119262912385368,0.6925130434994334,1.8462205290668972,2.6032039992433926,1.1437818660527703,4.683859801419756,1.4860616973197434,3.328828315051508,1.0083904579874667,-1.8932661725304283e-28,0.0,-4.733165431326071e-29,0.0,4.3850167570572385,4.325194979431857,0.7000000000000001
15,-1.6570596130699506,-2.3000174804346307,-2.431803180036188,4.241837318922139,-0.4640179315788886,7.642297316823697,-9.268655931096458,-14.493877551020411,-20.55102040816325,-17.325586382846907,-29.727261651367463,-15.872267099601226,-24.17362929407608,-26.37826161537398,-32.13409630347688,10.826621826939181,-24.714285714285722,-10.857142857142847,4.060136468414294,-0.24021261809437533,0.7578358855340512,2.017309865108296,2.625435356721952,1.1185000132822662,4.626923668189852,1.5252742503955983,3.361453143934187,1.0161132854933845,-8.120488408686871e-14,0.0,-4.733165431326071e-29,-4.060244204343426e-14,4.522240228735823,4.242874824512596,0.75
16,-1.5728317746999656,-2.167534908749138,-2.2618768393802915,4.4750173816550385,-0.26319136216509664,7.683140259964315,-9.040544755256878,-14.493877551020411,-20.551020408163257,-16.97139340832926,-29.67263702410873,-15.821022638309175,-23.9657643291408,-26.39187942394099,-32.02425885843904,10.905113525429165,-24.714285714285722,-10.857142857142861,4.026996607508953,-0.2646417185606862,0.829458592325213,2.1800495015421006,2.6456819946907753,1.0939437758486394,4.577751553127517,1.5591396371428192,3.3896291325146066,1.0227830001576215,-1.8932661725304283e-28,0.0,-2.0301221021717177e-14,-4.060244204343426e-14,4.655326146170612,4.163810040480556,0.8
17,-1.4961146989872005,-2.0341392411406636,-2.090764141310422,4.714644862547511,-0.06376015531573259,7.727879331682292,-8.81450398426202,-14.493877551020411,-20.551020408163257,-16.648784520711253,-29.619203927954807,-15.769497346926004,-23.761689834862736,-26.406525826211805,-31.906701916559868,10.985031134940105,-24.714285714285722,-10.857142857142861,3.999089356220437,-0.2852135926376422,0.9073811638727899,2.3344394383681686,2.6639439131500353,1.0701131537521646,4.536343456232968,1.5876578575615952,3.413356280792808,1.0283996019801527,8.120488408686852e-14,0.0,2.0301221021717177e-14,9.466330862652142e-29,4.784274509361867,4.088000627335922,0.8500000000000001
18,-1.4269083859316325,-1.8999297135847346,-1.9186875278417368,4.960512883887342,0.13453731945000924,7.776829525215486,-8.590145417203447,-14.493877551020411,-20.551020408163257,-16.35775971999295,-29.566926082138878,-15.717743881093783,-23.56124304269753,-26.422007960867003,-31.781842962819763,11.066107297155556,-24.714285714285722,-10.857142857142861,3.976414714548337,-0.30192824032513144,0.9916036001770452,2.4804796755866625,2.680221112099366,1.047008146992537,4.502699377506091,1.6108289116518242,3.4326345887688827,1.032963090960907,-8.120488408686852e-14,0.0,-2.0301221021717082e-14,9.466330862652142e-29,4.9090853183094545,4.015446585078674,0.9
19,-1.365212835533232,-1.7650055620567873,-1.7458694409893782,5.212414567962361,0.3319626926129874,7.8303058338017335,-8.36708085317288,-14.493877551020411,-20.551020408163257,-16.098319006174272,-29.515767205894083,-15.665814896454618,-23.36426118410084,-26.43813296658709,-31.65009948219911,11.148074653759076,-24.714285714285722,-10.857142857142861,3.9589726824929325,-0.31478566162325544,1.0821259012376312,2.618170213197409,2.6945135915391134,1.0246287555699798,4.476819316946848,1.6286527994135362,3.447464056442804,1.0364734670999196,1.8932661725304283e-28,0.0,-2.0301221021717082e-14,-4.060244204343426e-14,5.029758573013351,3.9461479137086477,0.9500000000000001
20,-1.3110280477920437,-1.6294660225323403,-1.572532322768458,5.4701430370604225,0.5287775946540678,7.8886232506787985,-8.144922091261876,-14.493877551020383,-20.55102040816325,-15.87046237925526,-29.465691018453544,-15.613763048650567,-23.17058149052827,-26.454707982052653,-31.51188895967832,11.23066584643427,-24.714285714285722,-10.857142857142861,3.946763260054118,-0.3237858565318215,1.1789480670547898,2.747511051200714,2.7068213514692543,1.0029749794844833,4.458703274555621,1.6411295208467631,3.457844683814619,1.0389307303972775,1.8932661725304283e-28,0.0,4.733165431326071e-29,4.060244204343426e-14,5.146294273473634,3.8801046132260897,1.0
21,-1.26435402270803,-1.4934103309869202,-1.3988986151940201,5.733491413469311,0.725243656053981,7.952096769084597,-7.92328093056206,-14.493877551020411,-20.551020408163257,-15.674189839235927,-29.41666123905047,-15.561640993323756,-22.980041193435447,-26.471540145944132,-31.36762888023774,11.313613516864692,-24.714285714285722,-10.857142857142861,3.9397864472319784,-0.3289288250510833,1.2820700976284927,2.8685021895962937,2.7171443918896814,0.9820468187358443,4.448351250331964,1.6482590759514737,3.4637764708841967,1.0403348808529342,1.8932661725304283e-28,0.0,2.0301221021717177e-14,0.0,5.25869241969014,3.817316683630776,1.05
22,-1.2251907602812064,-1.3569377233959408,-1.2251907602812064,6.002252819476812,0.9216225072936383,8.021041382256868,-7.70176917016506,-14.493877551020411,-20.551020408163257,-15.509501386116254,-29.36864158691797,-15.509501386116254,-22.792477524278052,-26.48843659694212,-31.217736728857787,11.39665030673392,-24.714285714285722,-10.857142857142861,3.9380422440265357,-0.3302145671809192,1.391491992958659,2.981143628384179,2.7254827128003307,0.9618442733241852,4.445763244275984,1.650041464727587,3.465259417651517,1.0406859184667892,1.8932661725304283e-28,0.0,-4.1020767071492614e-29,0.0,5.366953011663046,3.757784124922818,1.1
23,-1.0516312000451744,-1.2201474357348987,-1.0516312000451744,6.2762203773708105,1.1181757788538451,8.095772083433491,-7.47999860916241,-14.493877551020411,-20.551020408163257,-15.457396882670128,-29.32159578128916,-15.457396882670128,-22.607727714511668,-26.505204473727126,-31.06262999051879,11.479508857725532,-24.714285714285722,-10.857142857142847,3.941530650437509,-0.32764308292127814,1.5072137530453715,3.0854353675644774,2.7318363142012676,0.9423673432496673,4.450939256387788,1.6464766871752494,3.462293524116685,1.0399838432389683,1.8932661725304283e-28,0.0,-4.1020767071492614e-29,0.0,5.471076049392369,3.7015069371021836,1.1500000000000001
24,-0.8784423765009527,-1.0831387039792748,-0.8784423765009527,6.55518720943906,1.3151651012154604,8.176603865852265,-7.257581046645832,-14.493877551020411,-20.55102040816325,-15.405380138627477,-29.27548754139726,-15.405380138627477,-22.425628995591964,-26.521650914979684,-30.902726150201165,11.56192181152312,-24.714285714285722,-10.857142857142861,3.9502516664651335,-0.32121437227220073,1.629235377888651,3.1813774071371106,2.7362051960925315,0.9236160285120574,4.463879286667319,1.63756474329439,3.454878790279809,1.0382286551694464,-8.120488408686852e-14,0.0,-2.0301221021717218e-14,0.0,5.571061532877879,3.648485120168933,1.2000000000000002
25,-0.7058467316637059,-0.9460107641046188,-0.7058467316637059,6.838946437969407,1.5128521048592969,8.263851722751017,-7.0341282817068524,-14.493877551020411,-20.551020408163257,-15.353503809630407,-29.230280586475413,-15.353503809630407,-22.246018598974544,-26.537583059380324,-30.7384426928853,11.643621809810211,-24.714285714285722,-10.857142857142861,3.964205292109587,-0.31092843523374813,1.7575568674883633,3.2689697471021297,2.73858935847419,0.905590329111559,4.484583335114707,1.62330563308502,3.4430152161406755,1.0354203542582545,0.0,0.0,-8.835242138475332e-29,4.060244204343426e-14,5.666909462119767,3.5987186741229285,1.25
26,-0.5340667075485386,-0.8088628520863437,-0.5340667075485386,7.12729118524969,1.7114984202661156,8.357830647367614,-6.809252113437154,-14.493877551020411,-20.551020408163257,-15.30182055132098,-29.1859386357567,-15.30182055132098,-22.068733756115076,-26.552808045609538,-30.570197103551543,11.724341494270414,-24.714285714285722,-10.857142857142861,3.983391527370519,-0.2967852718058797,1.8921782218446985,3.3482123874595753,2.738988801346092,0.8882902450480399,4.513051401729769,1.6036993565471338,3.4267028016993257,1.03155894050526,0.0,0.0,-8.835242138475332e-29,0.0,5.7586198371180926,3.5522075989643795,1.3
27,-0.36332474617052457,-0.671794203899954,-0.36332474617052457,7.420014573567681,1.911365677916865,8.458855632939827,-6.582564340928314,-14.493877551020411,-20.551020408163257,-15.25038301934126,-29.142425408474324,-15.25038301934126,-21.893611698469144,-26.567133012347924,-30.39840686718033,11.803813506587307,-24.714285714285722,-10.857142857142861,4.007810372248192,-0.2787848819885447,2.0330994409573586,3.4191053282093176,2.737403524708283,0.8717157763213585,4.549283486512471,1.578745913680737,3.405941546955892,1.0266444139106365,8.120488408686887e-14,0.0,2.030122102171713e-14,1.7670484276950664e-28,5.846192657872694,3.508951894693107,1.35
28,-0.19384328954478347,-0.5349040555209534,-0.19384328954478347,7.71690972521123,2.112715508292337,8.567241672705524,-6.353676763271912,-14.493877551020411,-20.551020408163257,-15.199243869333367,-29.099704623861424,-15.199243869333367,-21.720489657492422,-26.580365098275944,-30.223489468751993,11.881770488444449,-24.714285714285722,-10.857142857142847,4.037461826742323,-0.2569272657818748,2.1803205248266577,3.4816485693514014,2.7338335285607145,0.8558669229318182,4.593279589463024,1.548445304485772,3.3807314519101546,1.0206767744741647,3.534096855390133e-28,0.0,-2.030122102171713e-14,4.0602442043434436e-14,5.929627924383655,3.4689515613091877,1.4000000000000001
29,-0.02584477968644222,-0.39829164292480823,-0.02584477968644222,8.017769762468145,2.31580954187332,8.683303759902513,-6.1222011795596405,-14.493877551020411,-20.551020408163257,-15.148455756939413,-29.057740001151156,-15.148455756939413,-21.54920486464052,-26.592311442074177,-30.045862393246935,11.957945081525416,-24.714285714285722,-10.857142857142861,4.0723458908529775,-0.2312124231856975,2.3338414734525204,3.53584211088592,2.7282788129034965,0.8407436848792771,4.645039710581166,1.5127975289623405,3.3510725165622426,1.0136560221960367,3.534096855390133e-28,0.0,8.835242138475332e-29,1.7670484276950664e-28,6.008925636650987,3.4322065988125807,1.4500000000000002
30,0.1404483413893874,-0.262056202087,0.1404483413893874,8.322387807626253,2.520909409140712,8.807356887768567,-5.887749388883046,-14.493877551020383,-20.55102040816325,-15.098071337801406,-29.016495259576686,-15.098071337801406,-21.37959455136908,-26.602779182423117,-29.86594312564553,12.03206992751379,-24.714285714285722,-10.857142857142847,4.112462564580653,-0.2016403542001045,2.493662286834776,3.581685952812664,2.7207393777366513,0.8263460621636549,4.704563849867143,1.4718025871104292,3.316964740912376,1.0055821570762442,3.534096855390133e-28,0.0,2.0301221021717218e-14,1.7670484276950664e-28,6.084085794674554,3.3987170072033828,1.5
31,0.304813631667601,-0.126296968983025,0.304813631667601,8.630556982973339,2.7282767405752733,8.939716049541595,-5.649933190333774,-14.493877551020411,-20.551020408163257,-15.04814326756152,-28.975934118371125,-15.04814326756152,-21.21149594913375,-26.61157545800334,-29.684149150928175,12.10387766809314,-24.714285714285722,-10.857142857142847,4.15781184792468,-0.1682110588250448,2.6597829649736524,3.619180095131966,2.7112152230600506,0.8126740547850526,4.771852007320859,1.4254604789299712,3.27840812496025,0.9964551791146545,3.534096855390133e-28,0.0,2.0301221021717218e-14,1.7670484276950664e-28,6.155108398454617,3.3684827864814175,1.55
32,0.46702864913307934,0.008886820411605215,0.46702864913307934,8.942070410797253,2.9381731666578395,9.0806962384594,-5.408364383003444,-14.493877551020411,-20.551020408163257,-14.998724201861794,-28.936020296767666,-14.998724201861794,-21.04474628939014,-26.61850740749532,-29.500897954075228,12.17310094494703,-24.714285714285722,-10.857142857142861,4.20839374088534,-0.13092453706062002,2.8322035078688867,3.648324537843533,2.699706348873737,0.7997276627434504,4.846904182942352,1.3737712044209163,3.2354026687058677,0.9862750883113189,3.534096855390133e-28,0.0,2.0301221021717218e-14,3.534096855390133e-28,6.22199344799092,3.341503936646901,1.6
33,0.6268709517707933,0.14339593012148455,0.6268709517707933,9.256721213385784,3.150860317869345,9.230612447759786,-5.162654765983653,-14.493877551020411,-20.55102040816325,-14.949866796344294,-28.89671751399942,-14.949866796344294,-20.879182803593892,-26.623382169579575,-29.31660702006711,12.239472399759064,-24.714285714285722,-10.857142857142861,4.264208243462696,-0.08978078890675896,3.010923915520745,3.669119280947443,2.686212755177795,0.7875068860388779,4.929720376731476,1.3167347635834863,3.187948372149354,0.9750418846663428,3.534096855390133e-28,0.0,8.835242138475332e-29,3.534096855390133e-28,6.284740943283489,3.3177804576996053,1.6500000000000001
34,0.7841180975655633,0.2771311241710639,0.7841180975655633,9.574302513026797,3.3665998246905033,9.389779670680605,-4.912416138366012,-14.493877551020411,-20.55102040816325,-14.901623706651131,-28.857989489299555,-14.901623706651131,-20.714642723200647,-26.62600688293669,-29.131693833884142,12.302724674212797,-24.714285714285722,-10.857142857142861,4.3252553556566395,-0.04477981436347171,3.1959441879292116,3.681564324443685,2.670734441972094,0.7760117246713042,5.020300588688317,1.2543511564174938,3.136045235290687,0.9627555681795587,-8.120488408686852e-14,0.0,0.0,-4.060244204343408e-14,6.3433508843323825,3.2973123496397037,1.7000000000000002
35,0.9385476445022699,0.4099931665848543,0.9385476445022699,9.894607432008051,3.585653317602205,9.558512900459634,-4.65726029924209,-14.493877551020411,-20.55102040816325,-14.854047588424406,-28.819799941901216,-14.854047588424406,-20.550963279666007,-26.62618868624716,-28.946575880506757,12.36259040999177,-24.714285714285722,-10.857142857142847,4.391535077467234,0.004078386569292176,3.387264325094082,3.6856596683324376,2.653271409256746,0.7652421786406902,5.118644818812971,1.186620382922945,3.079693258129936,0.9494161388512165,0.0,0.0,2.030122102171713e-14,1.7670484276950664e-28,6.397823271137769,3.280099612467149,1.75
36,1.0899371505658313,0.5418828213874196,1.0899371505658313,10.217429092617365,3.8082824270852633,9.737127130334773,-4.396799047703625,-14.493877551020411,-20.551020408163257,-14.807191097306193,-28.78211259103755,-14.807191097306193,-20.387981704445657,-26.623734718191542,-28.76167064491533,12.418802248779636,-24.714285714285722,-10.857142857142861,4.463047408894486,0.056793813891472006,3.5848843270154713,3.681405312613402,2.6338236570316838,0.7551982479471367,5.22475306710533,1.1135424430999001,3.018892440666926,0.9350235966810516,0.0,0.0,0.0,1.7670484276950664e-28,6.448158103699361,3.266142246181909,1.8
37,1.2380641737411282,0.6727008526032332,1.2380641737411282,10.542560617142588,4.034748783620536,9.925937353543791,-4.1306441828421345,-14.493877551020411,-20.55102040816325,-14.76110688893856,-28.74489115594173,-14.76110688893856,-20.225535228995184,-26.61845211745033,-28.57739561209024,12.471092832259913,-24.714285714285722,-10.857142857142861,4.539792349938304,0.11336646760302732,3.788804193693372,3.6688012572868356,2.6123911852969526,0.7458799325904817,5.338625333565543,1.0351173369483544,2.9536427829016603,0.9195779416691358,0.0,9.13554945977275e-14,8.835242138475332e-29,4.060244204343461e-14,6.494355382017353,3.2554402507840265,1.85
38,1.382706272013079,0.8023480242568363,1.382706272013079,10.869795127871559,4.265314017688805,10.125258563324524,-3.858407503749234,-14.493877551020411,-20.55102040816325,-14.715847618963593,-28.708099355846883,-14.715847618963593,-20.063461084770246,-26.610148022704088,-28.39416826701182,12.519194802116171,-24.714285714285722,-10.857142857142847,4.6217699005987285,0.17379634770400826,3.999023925127811,3.647847502352508,2.588973994052397,0.7372872325709066,5.460261618193321,0.9513450644682462,2.883944284834196,0.9030791738155027,0.0,8.330371159133885e-28,-2.030122102171695e-14,5.36425415550288e-28,6.536415106091612,3.247993626273475,1.9000000000000001
39,1.523641003366504,0.9307251003726948,1.523641003366504,11.19892574709203,4.50023975977091,10.335405752914815,-3.5797008095165777,-14.493877551020411,-20.551020408163257,-14.671465943023426,-28.671700909986168,-14.671465943023426,-19.90159650322647,-26.598629572633303,-28.212406094660537,12.562840800031996,-24.714285714285722,-10.857142857142861,4.708980060875853,0.2380834541943955,4.215543521318743,3.618544047810619,2.563572083298303,0.7294201478882706,5.589661920988714,0.8622256256597077,2.809796946464626,0.8855272931202455,0.0,8.330371159133885e-28,-2.030122102171695e-14,-4.06024420434339e-14,6.574337275922253,3.2438023726501886,1.9500000000000002
40,1.6606459257863742,1.0577328449754178,1.6606459257863742,11.529745597091857,4.739787640347751,10.556693915552465,-3.294135899235714,-14.493877551020411,-20.55102040816325,-14.628014516760096,-28.63565953759275,-14.628014516760096,-19.739778715819483,-26.583703905918515,-28.032526580016718,12.601763467690988,-24.71428571428569,-10.857142857142847,4.801172287464887,0.30611349593906495,4.4380110409585605,3.581176713225532,2.5362571418837523,0.7222650402852897,5.72652379476039,0.7679673192932259,2.731392913682039,0.8669709278574852,0.0,9.135549459772833e-14,2.0301221021717398e-14,3.597205727807814e-28,6.608345444923886,3.242810685712193,2.0
41,1.7934985972575321,1.1832720220894033,1.7934985972575321,11.862047800158862,4.984219289900059,10.78943804447534,-3.0013245719983495,-14.493877551020411,-20.551020408163257,-14.585545995815705,-28.599938957899738,-14.585545995815705,-19.57784495400493,-26.565178161240286,-27.854947208060764,12.635695446776683,-24.714285714285722,-10.857142857142861,4.897093863842626,0.3773150172616874,4.664666777509305,3.5371745964190726,2.507387614054962,0.7157537184750342,5.869335003549392,0.6696116392222148,2.6496929159317544,0.8476532193983436,0.0,1.666074231826777e-27,2.68212707775144e-28,4.0602442043434436e-14,6.639557380169046,3.2447395444484166,2.0500000000000003
42,1.9219765757648892,1.3072433957392606,1.9219765757648892,12.19562547858084,5.233796338908754,11.033953132921194,-2.7008786268960394,-14.493877551020411,-20.551020408163257,-14.54411303583232,-28.56450289014032,-14.54411303583232,-19.41563244923844,-26.542859477279123,-27.68008546377304,12.664369378972667,-24.714285714285722,-10.857142857142861,4.9952415301811115,0.4510022713508937,4.893399083125341,3.488252614777475,2.4773936329078,0.7098043529133239,6.016280864205511,0.5684083780706523,2.5658498285484876,0.8278659373883155,0.0,1.666074231826777e-27,2.68212707775144e-28,-4.060244204343426e-14,6.66931440214507,3.2492541236458763,2.1
43,2.837761110812079,1.4295728210467327,2.0459246703545446,12.530349998340725,5.488692727697973,11.290430994670269,-2.3925157195374886,-14.493877551020411,-20.55102040816325,-14.50659541321046,-28.529319826937698,-14.503751272556073,-19.25299796444639,-26.51659499461287,-27.508258795286395,12.687590810532265,-24.71428571428569,-10.857142857142861,5.0941120266524855,0.5264895113953214,5.122096309961025,3.43612568568728,2.446705331537759,0.7043351140558533,6.165546693578293,0.4656073284624542,2.4810165268668394,0.8079008514728105,8.120488408686815e-14,9.135549459772833e-14,2.0301221021717398e-14,4.0602442043434076e-14,6.698957831339271,3.256019598091524,2.15
44,3.742047005957323,1.55028651752247,2.1654566943172426,12.866405700201755,5.748731635965456,11.558570725672048,-2.0763769315998464,-14.493877551020411,-20.55102040816325,-14.469548863877101,-28.494377354475468,-14.46442826214914,-19.08987638843824,-26.48639186140874,-27.339384503343563,12.705456905987688,-24.714285714285722,-10.857142857142847,5.1922020934285396,0.6030909905833072,5.34864681017066,3.382508726534639,2.415752843040363,0.6992641723584112,6.315317808517494,0.3624582830215721,2.3963458862212046,0.7880497312971658,-7.194411455615628e-28,8.330371159133885e-28,1.798602863903907e-28,-4.0602442043434796e-14,6.729828988238871,3.2647011425721812,2.2
45,4.6348342612006075,1.669435795774566,2.2807537120050494,13.204055168622332,6.013648553252193,11.837948242418392,-1.7527092012773062,-14.493877551020411,-20.55102040816325,-14.432973387832291,-28.45966783232722,-14.426094540877683,-18.92622214149419,-26.452297227731275,-27.173279851839705,12.7181377344409,-24.714285714285722,-10.857142857142861,5.28800847068171,0.6801209621037627,5.5709389359086385,3.3291166547059188,2.384966300511388,0.6945096982767242,6.463779525872799,0.2602110343720354,2.312990781946295,0.7686043465068793,-7.194411455615628e-28,8.330371159133885e-28,1.798602863903907e-28,4.060244204343336e-14,6.7632691933311895,3.274963931875,2.25
46,5.516122876542008,1.7870719664109107,2.391996787769898,13.543560988060776,6.28317896909928,12.128139461401174,-1.4217594667641742,-14.493877551020383,-20.55102040816325,-14.396868985075967,-28.42518362006662,-14.388700645007942,-18.761989643894438,-26.41435824364494,-27.00976210466999,12.725803364993855,-24.71428571428569,-10.857142857142847,5.380027898583786,0.7568936791451158,5.786861039329603,3.2776643875872318,2.3547758370462235,0.6899898622665592,6.6091171624939244,0.16011537513784493,2.2321040893765836,0.7498564667472707,-7.194411455615628e-28,9.135549459772833e-14,2.0301221021717398e-14,6.597896832057988e-14,6.800619767103462,3.2864731407868764,2.3000000000000003
47,6.385912851981448,1.9032463400395452,2.499366985963796,13.885185742975462,6.55705837304774,12.428720299112197,-1.0837746662545906,-14.493877551020411,-20.55102040816325,-14.361235655608198,-28.390917077267307,-14.352197110806088,-18.59713331591922,-26.372622059214358,-26.848648525729594,12.728623866748539,-24.71428571428569,-10.857142857142861,5.467007660611578,0.8328376860311084,5.994653413895152,3.2295810230007853,2.325539896891219,0.6856364730409781,6.749818482421989,0.06321279917214248,2.1546465379576536,0.7320492333895292,-7.194411455615628e-28,-9.135549459772667e-14,1.798602863903907e-28,4.060244204343336e-14,6.84299847662828,3.2989497482967765,2.35
48,7.2442041875189425,2.0180102272683893,2.6030453709387356,14.22919201782478,6.835022254638658,12.739266672043364,-0.739001737942869,-14.493877551020411,-20.551020408163257,-14.32607339942893,-28.356860563502885,-14.316534474538297,-18.43160757784868,-26.32713582450397,-26.689756378913692,12.726769308806896,-24.714285714285722,-10.857142857142847,5.54869721346035,0.9078386916266161,6.193964118297917,3.18515238051071,2.297330168895866,0.6814358923426866,6.885581038465692,-0.030288394754285533,2.080810273578528,0.7152312747079695,-7.194411455615628e-28,0.0,-2.0301221021716858e-14,-4.0602442043434796e-14,6.890628875320519,3.312337950202664,2.4000000000000004
49,8.090996883154508,2.131414938705439,2.7032130070466938,14.575842397067053,7.11680610341308,13.059354496686556,-0.38768762002316504,-14.493877551020411,-20.55102040816325,-14.291382216538217,-28.323006438347026,-14.281663272470775,-18.265366849963034,-26.277946689578332,-26.532902928117508,12.720409760270913,-24.71428571428569,-10.857142857142838,5.625096557130217,0.9818966959316505,6.384793152537827,3.144378460117178,2.2701466530599514,0.6773881201716743,7.01640483062461,-0.12038820664141035,2.010595296239104,0.6994025907024385,-7.194411455615628e-28,0.0,3.597205727807814e-28,4.060244204343408e-14,6.94351096317997,3.3266377465045487,2.45
50,8.926290938888123,2.2435117849586597,2.8000509586397238,14.925399465160623,7.402145408912026,13.388559689533572,-0.030079250689792333,-14.493877551020411,-20.55102040816325,-14.257162106936011,-28.289347061373356,-14.247534040869738,-18.098365552542518,-26.225101804501982,-26.37790543723612,12.709715290242515,-24.714285714285722,-10.857142857142847,5.696205691621201,1.0550116989460174,6.567140516614811,3.1072592618201504,2.243989349383605,0.673493156527911,7.142289858899125,-0.2070866364892862,1.9440016059396112,0.684563181373155,-8.120488408686887e-14,0.0,3.597205727807814e-28,0.0,7.001644740206625,3.3418491372023285,2.5
51,9.750086354719773,2.3543520766360233,2.8937402900697275,15.278125806563937,7.690775660676579,13.72645816707632,0.33357643186314645,-14.493877551020411,-20.551020408163257,-14.223413070622362,-28.255874792155527,-14.21409731600135,-17.930558105867306,-26.168648319339425,-26.224581170164814,12.694855967823688,-24.714285714285722,-10.857142857142861,5.762024616933187,1.1271837006700427,6.741006210529092,3.073794785619574,2.218858257866695,0.6697510014114778,7.263236123288855,-0.2903836842979603,1.8810292026799675,0.6707130467199915,8.120488408686887e-14,0.0,3.597205727807814e-28,6.597896832058096e-14,7.0650302064004915,3.3579721222961356,2.5500000000000003
52,10.562383130649527,2.4639871243455493,2.984462065688736,15.634284005735323,7.9824323482477695,14.072625845806632,0.7030324894413076,-14.493877551020411,-20.55102040816325,-14.190135107597222,-28.222581990267134,-14.18130363413183,-17.761898930217598,-26.108633384155198,-26.072747390798693,12.676001862116406,-24.714285714285722,-10.857142857142847,5.822553333066215,1.1984127011034635,6.906390234280502,3.0439850315154344,2.194753378509314,0.6661616548222029,7.379243623794235,-0.3702793500674167,1.8216780864600686,0.6578521867428684,8.120488408686887e-14,9.135549459772667e-14,2.0301221021717398e-14,2.5376526277146885e-14,7.133667361761581,3.3750067017858734,2.6
53,11.363181266677358,2.5724682386951727,3.072397349848762,15.994136647133095,8.276850961166701,14.426638642216359,1.0780419838505204,-14.493877551020411,-20.55102040816325,-14.157328217860577,-28.18946101528185,-14.149103531527338,-17.592342445873623,-26.045104149013834,-25.922221363032936,12.653323042222604,-24.71428571428569,-10.857142857142847,5.877791840020284,1.2686987002463361,7.063292587868972,3.017829999507911,2.171674711311342,0.6627251167602867,7.490312360414852,-0.446773633797563,1.7659482572800347,0.645980601441854,7.194411455615628e-28,-8.330371159133885e-28,1.798602863903907e-28,-2.5376526277145938e-14,7.207556206289809,3.3929528756714475,2.6500000000000004
54,12.15248076280323,2.679846730292889,3.157727206901785,16.357946315215635,8.573766988974356,14.78807247279738,1.4583579768965091,-14.493877551020383,-20.55102040816325,-14.124992401412479,-28.15650422677329,-14.117447544454091,-17.42184307311557,-25.978107763979843,-25.772820350762743,12.626989577244252,-24.71428571428569,-10.857142857142838,5.927740137795418,1.3380416980987164,7.211713271294682,2.9953296895967023,2.1496222562730685,0.6594413872255799,7.596442333151057,-0.5198665354884926,1.7138397151397662,0.6350982908170366,7.194411455615628e-28,9.135549459772667e-14,1.798602863903907e-28,5.837570698635487e-28,7.286696739985527,3.4118106439530638,2.7
55,12.930281619027163,2.7861739097466485,3.240632701199759,16.72597559444133,8.872915921211831,15.156503254041537,1.8437335303851106,-14.493877551020383,-20.55102040816325,-14.093127658252916,-28.123703984315114,-14.086286209178294,-17.250355232223626,-25.907691379117757,-25.62436161788329,12.5971715362833,-24.71428571428569,-10.857142857142838,5.972398226391612,1.4064416946606018,7.351652284557466,2.9764841017821793,2.128596013394233,0.6563104662182234,7.697633542002475,-0.589558055140163,1.6653524600393899,0.6252052548682889,8.120488408686887e-14,9.135549459772667e-14,2.0301221021717218e-14,6.597896832058096e-14,7.371088962848328,3.431580006630626,2.75
56,13.696583835349136,2.891501087664409,3.321294897094706,17.098487069268486,9.17403324742018,15.531506902440697,2.2339217061220342,-14.493877551020411,-20.55102040816325,-14.061733988381878,-28.091052647480925,-14.055570061966126,-17.077833343478027,-25.833902144492114,-25.47666242828974,12.564038988441766,-24.71428571428569,-10.857142857142847,6.011766105808898,1.4738986899318613,7.48310962765739,2.961293236063967,2.108595982674794,0.6533323537380346,7.793885986969405,-0.6558481927526468,1.620486491978773,0.6163014935956668,8.120488408686887e-14,-8.330371159133885e-28,0.0,0.0,7.460732874878219,3.4522609637041044,2.8000000000000003
57,14.451387411769188,2.995879574654234,3.399894858938642,17.47574332415556,9.476854457140423,15.912659334486712,2.6286755659130785,-14.493877551020411,-20.55102040816325,-14.030811391799354,-28.058542575844402,-14.025249639083775,-16.904231827158945,-25.75678721016743,-25.329540045877273,12.527762002821543,-24.71428571428569,-10.857142857142847,6.04584377604715,1.5404126839126486,7.606085300594605,2.9497570924423226,2.0896221641149655,0.6505070497851565,7.885199668051794,-0.7187369483258426,1.5792418109580517,0.6083870069991606,8.120488408686887e-14,0.0,0.0,2.5376526277146525e-14,7.555628476075581,3.473853515173544,2.85
58,15.194692348287317,3.099360681324005,3.476613651083514,17.858006943560852,9.781115039913644,16.299536466671434,3.0277481715640135,-14.493877551020383,-20.55102040816325,-14.000359868505358,-28.02616612897915,-13.995275476797449,-16.729505103546586,-25.676393726208214,-25.18281173454105,12.488510648524631,-24.71428571428569,-10.857142857142838,6.074631237106494,1.6059836766029378,7.720579303368792,2.9418756709171126,2.071674557714635,0.6478345543595256,7.9715745852496145,-0.7782243218597679,1.5416184169771106,0.601461795078743,0.0,0.0,0.0,0.0,7.6557757664400565,3.496357661039053,2.9000000000000004
59,15.926498644903488,3.2019957182817276,3.5516323378813066,18.2455405119427,10.086550485280885,16.69171421548672,3.4308925848806004,-14.493877551020383,-20.55102040816325,-13.970379418499904,-27.993915666458822,-13.965598111373346,-16.55360759292116,-25.592768842679046,-25.036294758176304,12.44645499465298,-24.714285714285722,-10.857142857142847,6.09812848898695,1.6706116680027245,7.826591635980247,2.93764897148844,2.0547531634737437,0.645314867461195,8.053010738562802,-0.8343103133544156,1.507616310035998,0.5955258578344971,0.0,0.0,0.0,0.0,7.7611747459718154,3.519773401300371,2.95
60,16.64680630161774,3.30383599613541,3.6251319836840796,18.638606613759546,10.392896282783202,17.088768497424468,3.837861867668646,-14.493877551020383,-20.55102040816325,-13.940870041782935,-27.961783547857046,-13.936168079077632,-16.376493715562884,-25.505959709644408,-24.889806380678124,12.40176511030856,-24.71428571428569,-10.857142857142838,6.116335531688301,1.7342966581119454,7.92412229842881,2.9370769941561488,2.0388579813924825,0.6429479890900323,8.129508127991379,-0.8869949228099517,1.4772354901346922,0.5905791952663312,0.0,0.0,0.0,2.53765262771463e-14,7.871825414670852,3.5441007359576755,3.0
61,17.355615318430033,3.4049328254930114,3.697293652843774,19.037467833469655,10.69988792196163,17.490275228976458,4.248409081733875,-14.493877551020383,-20.55102040816325,-13.911831738354554,-27.929762132747456,-13.906935916176531,-16.198117891751902,-25.416013477168814,-24.743163865941753,12.354611064593334,-24.71428571428569,-10.857142857142838,6.129252365210828,1.797038646930703,8.013171290714574,2.940159738920432,2.023989011470575,0.6407339192462604,8.201066753535429,-0.9362781502261186,1.4504759572731487,0.5866218073743058,8.120488408686887e-14,0.0,0.0,2.53765262771463e-14,7.987727772537046,3.569339665010962,3.0500000000000003
62,18.052925695340427,3.505337516962459,3.7682984097123584,19.442386755531466,11.007260892357264,17.895810326634624,4.6622872888820925,-14.493877551020383,-20.55102040816325,-13.88326450821467,-27.897843780703695,-13.87785215893622,-16.018434541768496,-25.322977295316804,-24.596184477862337,12.305162926609254,-24.71428571428569,-10.857142857142838,6.136878989554354,1.8588376344588262,8.093738612837525,2.94689720578114,2.0101462537082826,0.638672657929708,8.267686615194869,-0.9821599956030787,1.4273377114514751,0.5836536941584322,7.194411455615628e-28,0.0,0.0,0.0,8.108881819570428,3.5954901884602197,3.1
63,18.73873743234882,3.605101381151778,3.8383273186418485,19.853625964403285,11.314750683511086,18.30494970689078,5.079249550919018,-14.493877551020411,-20.55102040816325,-13.855168351363302,-27.866020851299414,-13.84886734362291,-15.83739808589284,-25.226898314152933,-24.448685480335087,12.253590765458283,-24.71428571428569,-10.857142857142838,6.1392154047189225,1.9196936206964406,8.165824264797546,2.9572893947383543,1.9973297081054837,0.6367642051403924,8.329367712969779,-1.0246404589407678,1.4078207526696493,0.5816748556185961,-8.120488408686743e-14,8.330371159133885e-28,-2.0301221021717038e-14,-4.060244204343386e-14,8.235287555771107,3.622552306305369,3.1500000000000004
64,19.41305052945534,3.7042757286689354,3.9075614439842443,20.271448044543526,11.622092784964213,18.717269286236814,5.499048929650479,-14.493877551020383,-20.55102040816325,-13.827543267800468,-27.83428570410821,-13.819932006502768,-15.654962944405108,-25.127823683741685,-24.300484137255122,12.200064650242401,-24.71428571428569,-10.857142857142838,6.136261610704548,1.979606605643624,8.229428246594674,2.9713363057920756,1.9855393746621677,0.6350085608784486,8.38611004686,-1.063719540239195,1.392002553875261,0.58068011211215,-8.120488408686743e-14,8.330371159133885e-28,1.798602863903907e-28,5.806016262426647e-28,8.36642824337465,3.6501365738084237,3.2
65,20.075864986659884,3.8029118701219033,3.97618185009153,20.6961155804105,11.929022686257666,19.132344981164565,5.921438486882215,-14.493877551020383,-20.55102040816325,-13.80038925752615,-27.80263069870375,-13.790996683841998,-15.47108353758551,-25.025800554147626,-24.151397712517653,12.144754650063554,-24.71428571428569,-10.857142857142838,6.128017607511307,2.0385765893002414,8.28455055822911,2.989037938942229,1.974775253378336,0.6334057251436115,8.43791361686569,-1.099397239498419,1.3802704798068173,0.5806435654251577,-8.120488408686743e-14,-9.135549459772583e-14,1.798602863903907e-28,-2.537652627714572e-14,8.499720193559655,3.676295767278518,3.25
66,20.727180803962497,3.901061116118647,4.044369601315684,21.12789115646259,12.235275876932509,19.54975270816586,6.3461712844200235,-14.493877551020411,-20.551020408163257,-13.773706320540363,-27.771048194659684,-13.762011911906837,-15.285714285714281,-24.92087607543529,-24.00124347001788,12.08783083402371,-24.714285714285722,-10.857142857142861,6.1144833951389215,2.0966035716662437,8.331191199700639,3.0103942941888553,1.9650373442539817,0.6319556979360639,8.484778422986752,-1.1316735567183955,1.3730893681505543,0.5815341377008817,-8.120488408686743e-14,-9.135549459772583e-14,-2.0301221021717038e-14,-6.597896832058016e-14,8.632062979739963,3.6986932182871097,3.3000000000000003
67,21.36699798136317,3.998774777267169,4.112332877540421,21.566856498940673,12.540587846529794,19.969068383732605,6.773000384069647,-14.493877551020411,-20.55102040816325,-13.74749445684311,-27.73953055154959,-13.73293003983838,-15.098945914729935,-24.81309739766914,-23.849838673650897,12.029463271224841,-24.71428571428569,-10.857142857142838,6.0956589735877795,2.153687552741845,8.369350171009263,3.03540537153211,1.9563256472892645,0.6306584792559284,8.526704465223434,-1.1605484918990336,1.3709240565924663,0.5833207510826562,7.194411455615628e-28,-9.135549459772583e-14,-2.0301221021717038e-14,-6.597896832058016e-14,8.760356175329946,3.7149922584054234,3.35
68,21.99531651886194,4.096104164175429,4.18038832077616,22.012369901215536,12.844694084590587,20.389867924356647,7.201678847636868,-14.493877551020411,-20.55102040816325,-13.721753666434381,-27.708070128947192,-13.703710668277726,-14.91141437320442,-24.70251167091373,-23.697000587311972,11.969822030768887,-24.714285714285722,-10.857142857142847,6.07154434285759,2.2098285325268963,8.39902747215513,3.0640711709716673,1.948640162484021,0.6295140691029895,8.563691743575372,-1.186022045040507,1.3742393828188268,0.585972327713792,-8.120488408686815e-14,-9.135549459772583e-14,0.0,2.271919407036514e-28,8.881499353743596,3.722856219204523,3.4000000000000004
69,22.612136416458732,4.193100587451353,4.248879688565053,22.463608798440454,13.147330080655887,20.81172724652985,7.631959736927456,-14.493877551020411,-20.551020408163257,-13.696483949314155,-27.676659286426073,-13.674315210740911,-14.723891915368007,-24.58916604523362,-23.542546474896238,11.909077181757816,-24.714285714285722,-10.857142857142861,6.042139502948536,2.265026511021344,8.42022310313792,3.0963916925078436,1.9419808898382376,0.628522467477219,8.595740258042731,-1.2080942161427592,1.3835001845156567,0.589457789737473,-8.120488408686815e-14,-9.135549459772583e-14,-2.0301221021717218e-14,-2.5376526277146298e-14,8.992392088395023,3.719948432255602,3.45
70,23.2174576741536,4.28981535770302,4.318150738449211,22.919750625768764,13.448231324266807,21.23422226674402,8.063596113747217,-14.493877551020411,-20.551020408163257,-13.671685305482487,-27.64529038355984,-13.64470508074398,-14.537150795450943,-24.473107670693288,-23.38629360029885,11.847398793293621,-24.714285714285722,-10.857142857142861,6.0074444538604395,2.31928148822547,8.432937063958079,3.1323669361404725,1.9363478293519603,0.6276836743788698,8.622850008625518,-1.2267650052056815,1.3991712993691934,0.5937460592972547,0.0,8.330371159133885e-28,-1.798602863903907e-28,4.060244204343409e-14,9.089933952698516,3.7039322291301997,3.5
71,23.811280291946538,4.386299785538343,4.388545227970834,23.379972818353785,13.74713330496437,21.65692890149111,8.49634103990186,-14.493877551020411,-20.55102040816325,-13.64735773493932,-27.613955779922165,-13.61484169180294,-14.351963267683525,-24.35438369735727,-23.228059227415038,11.784956934478224,-24.714285714285722,-10.857142857142838,5.96745919559342,2.372593464138919,8.43716935461529,3.171996901869472,1.9317409810251407,0.6269976898076377,8.6450209953238,-1.2420344122294322,1.4216400921177244,0.5988112381789785,0.0,-9.135549459772667e-14,-2.0301221021717398e-14,-6.597896832058132e-14,9.171541257832128,3.6728603861373683,3.5500000000000003
72,24.39360426983751,4.482605181565287,4.46040691467201,23.843452811348758,14.043771512289654,22.079423067262837,8.929947577197172,-14.493877551020411,-20.551020408163257,-13.623501237684694,-27.582647835086725,-13.584686457433882,-14.16910158629605,-24.233041275290155,-23.067660620139907,11.721921674413588,-24.714285714285722,-10.857142857142847,5.922183728147372,2.4249624387618667,8.432919975109801,3.2152815896950906,1.9281603448578486,0.6264645137638989,8.662253218137451,-1.2539024372138805,1.4509840357090973,0.6046481467399601,0.0,0.0,-2.0301221021717398e-14,-4.060244204343501e-14,9.236697266032008,3.6263434585391234,3.6
73,24.96442960782656,4.578782856391833,4.534079556094902,24.30936803990707,14.337881435783663,22.50128068055119,9.364168787438956,-14.493877551020411,-20.551020408163257,-13.600115813718594,-27.55135890862708,-13.554200791152798,-13.98933800551871,-24.109127554556377,-22.904915042368714,11.658463082201722,-24.714285714285722,-10.857142857142847,5.8716180515225735,2.476388412094294,8.420188925441321,3.2622209996171536,1.9256059208502454,0.6260841462472451,8.674546677066548,-1.2623690801590972,1.487203130143289,0.6112567849802274,0.0,0.0,-1.798602863903907e-28,4.06024420434335e-14,9.285401977297898,3.5643814463354606,3.6500000000000004
74,25.523756305913686,4.674884120625968,4.609906909781625,24.77689593918192,14.629198564987492,22.922077657847957,9.798757732432978,-14.493877551020411,-20.551020408163257,-13.577201463041014,-27.520081360116915,-13.523346106475737,-13.813444779581856,-23.982689685220517,-22.73963975799658,11.59475122694454,-24.714285714285722,-10.857142857142861,5.8157621657186525,2.526871384136169,8.398976205610039,3.3128151316356216,1.9240777090019985,0.6258565872578205,8.681901372110898,-1.2674343410650728,1.5302973754203255,0.6186371528997825,0.0,0.0,-1.798602863903907e-28,4.06024420434335e-14,9.317655391629769,3.4869743495263585,3.7
75,26.07158436409886,4.770960284875676,4.688232733274344,25.245213944326736,14.917458389442166,23.341389915645074,10.233467473984973,-14.493877551020411,-20.551020408163257,-13.554758185651972,-27.488807549129827,-13.49208381691874,-13.642194162715729,-23.853774817347077,-22.571652030918692,11.530956177744029,-24.714285714285722,-10.857142857142861,5.754616070735818,2.576411354887458,8.36928181561582,3.3670639857507147,1.923575709313166,0.6257818367956955,8.684317303270777,-1.269098219931856,1.5802667715399914,0.6267892504985183,-4.0602442043434076e-14,-5.07530525542926e-14,-2.0301221021717218e-14,-6.597896832058096e-14,9.333457509027593,3.3941221681117018,3.75
76,26.607913782382088,4.867062659748939,4.769400784115204,25.71349949049472,15.202396398688789,23.75879337043431,10.668051073900749,-14.493877551020411,-20.551020408163257,-13.532785981551454,-27.457529835239537,-13.460375335997831,-13.476358409150595,-23.722430101000615,-22.400769125030234,11.467248003702132,-24.714285714285722,-10.857142857142847,5.68817976657405,2.625008324348415,8.331105755458958,3.424967561962109,1.9240999217839057,0.6258598948609515,8.681794470546215,-1.2673607167592642,1.6371113185025157,0.6357130777766223,-4.0602442043434076e-14,-5.07530525542926e-14,0.0,-4.0602442043434436e-14,9.332808329491744,3.285824902091707,3.8000000000000003
77,27.1327445607634,4.96324255585372,4.853754819846325,26.180930012839184,15.483748082268336,24.173863938707534,11.102261593986032,-14.493877551020411,-20.551020408163257,-13.511284850739436,-27.426240578019602,-13.428182077229057,-13.316709773116717,-23.58870268624563,-22.22680830422638,11.403796773920845,-24.714285714285722,-10.857142857142847,5.616453253233352,2.6726622925186985,8.28444802513915,3.4865258602701523,1.925650346414273,0.6260907614533455,8.674332873936875,-1.2622218315475422,1.700831016307824,0.6454086347338979,-4.0602442043434076e-14,-5.07530525542926e-14,-9.13554945977275e-14,-8.628018934229818e-14,9.315707853021655,3.1620825514662267,3.85
78,27.646076699242762,5.059551283797951,4.941638598009831,26.646682946513444,15.761248929721907,24.586177536956647,11.535852096046634,-14.493877551020425,-20.551020408163257,-13.49025479321597,-27.39493213704367,-13.395465454128459,-13.164020508844429,-23.45263972314666,-22.049586832402287,11.340772557502074,-24.71428571428574,-10.857142857142861,5.539436530713755,2.719373259398556,8.229308624656507,3.551738880674654,1.9282269832040577,0.6264744365731196,8.661932513443034,-1.2536815642965402,1.7714258649560368,0.6558759213705561,3.597205727807814e-28,4.480729941655347e-28,2.0301221021717215e-14,4.060244204343443e-14,9.28215607961789,3.022895116235354,3.9000000000000004
79,28.147910197820185,5.156040154189654,5.033395876147891,27.10993572667087,16.03463443059057,24.995310081673473,11.968575641888348,-14.493877551020425,-20.551020408163257,-13.469695808981019,-27.36359687188539,-13.362186880212064,-13.019062870563952,-23.31428836176821,-21.86892197345317,11.278345423547846,-24.71428571428574,-10.857142857142861,5.457129599015134,2.7651412249877696,8.165687554010898,3.620606623175639,1.9318298321533558,0.6270109202200393,8.644593389064518,-1.2417399150062922,1.8488958644468891,0.6671149376863476,-4.060244204343336e-14,-5.07530525542917e-14,3.5656512915989734e-28,7.131302583197947e-28,9.232153009279811,2.8682625963989197,3.95
80,28.638245056495677,5.252760477636828,5.12937041180264,27.569865788464647,16.303640074415334,25.40083748934989,12.40018529331686,-14.493877551020425,-20.55102040816329,-13.449607898034587,-27.33222714211841,-13.328307768995934,-12.882609112505532,-23.173695752174833,-21.68463099127416,11.216685441160083,-24.71428571428574,-10.857142857142877,5.36953245813754,2.809966189286601,8.093584813202565,3.6931290877730394,1.9364588932621065,0.6277002123943526,8.622315500801552,-1.2263968836767039,1.9332410147806196,0.6791256836814897,1.0791617183423441e-27,1.3505298697383722e-27,3.5656512915989734e-28,-4.0602442043433363e-14,9.16569864200793,2.6981849919571532,4.0
81,29.11708127526924,5.349763564747388,5.229905962516237,28.025650567048178,16.568001350737305,25.802335676477732,12.830434112138038,-14.493877551020411,-20.55102040816325,-13.429991060376702,-27.300815307316324,-13.293789533996042,-12.755431488899482,-23.030909044431024,-21.496531149760454,11.155962679440751,-24.714285714285722,-10.857142857142847,5.276645108081107,2.8538481522948436,8.013000402231416,3.769306274466999,1.9421141665303963,0.6285423130959241,8.595098848653969,-1.2076524703079776,2.0244613159570153,0.691908159355837,1.0791617183423441e-27,1.3505298697383722e-27,3.5656512915989734e-28,-4.0602442043433363e-14,9.082792977802162,2.512662302909766,4.05
82,29.584418854140843,5.447100726129351,5.335346285830756,28.476467497574674,16.827453749097465,26.199380559548892,13.25907516015756,-14.493877551020425,-20.551020408163257,-13.410845296007322,-27.269353727052813,-13.258593588728518,-12.638302253976105,-22.885975388601356,-21.304439712807216,11.096347207491826,-24.71428571428574,-10.857142857142861,5.178467548845599,2.8967871140125645,7.923934321097251,3.8491381832573657,1.9487956519581895,0.6295372223246538,8.562943432621767,-1.1855066748999439,2.122556767976338,0.7054623647093861,7.194411455615628e-28,9.024568755728375e-28,-9.135549459772715e-14,7.131302583197947e-28,8.983436016662438,2.3116945292571414,4.1000000000000005
83,30.04025779311053,5.544823272390676,5.446035139288421,28.921494015197496,17.081732759036928,26.59154805505521,13.685861499181293,-14.493877551020411,-20.551020408163257,-13.392170604926477,-27.237834760901514,-13.22268134670931,-12.531993661965592,-22.738941934750304,-21.10817394430967,11.038009094415285,-24.714285714285722,-10.857142857142861,5.074999780431227,2.938783074439798,7.826386569800453,3.932624814144302,1.9565033495455906,0.6306849400806926,8.525849252705004,-1.1599594974526954,2.227527370838488,0.7197882997423027,4.0602442043435156e-14,5.075305255429395e-14,3.534096855390133e-28,7.131302583197947e-28,8.867627758588583,2.095281670999039,4.15
84,30.484598092178256,5.642982514139359,5.562316280431281,29.35990755506994,17.330573870096725,26.97841407948853,14.110546191014922,-14.493877551020411,-20.551020408163257,-13.373966987134159,-27.20625076843603,-13.186014221454514,-12.437277967098298,-22.589855832942433,-20.90755110816293,10.981118409313053,-24.714285714285722,-10.857142857142861,4.966550524651512,2.9798024315996283,7.720777892192325,4.019666828094782,1.9651955028924022,0.6319792486107687,8.484017266374146,-1.1311493396283656,2.339015165062624,0.7348420544629355,1.4388822911231255e-27,5.075305255429395e-14,9.135549459772785e-14,4.567774729886446e-14,8.735888731302744,1.8641137113073447,4.2
85,30.91743975134405,5.741629761983317,5.684533466801549,29.790885552345294,17.573712571817865,27.359554549340682,14.53288229746425,-14.493877551020425,-20.55102040816329,-13.356234442630374,-27.174594109230043,-13.148553626480174,-12.35492742360443,-22.438764233242264,-20.70238846826221,10.925845221287094,-24.71428571428574,-10.857142857142861,4.854663390574643,3.0196771756082037,7.609212007530975,4.109767529945007,1.9746633299995198,0.6333890591486318,8.43845226098143,-1.0997682097378136,2.4552303532455806,0.7504040789133869,-4.0602442043433e-14,-5.075305255429215e-14,-1.1165671561944436e-13,-4.0602442043433717e-14,8.59082157341383,1.6216405660419722,4.25
86,31.338782770607907,5.84081632653061,5.813030455941361,30.21360544217687,17.8108843537415,27.73454538110363,14.952622880335097,-14.493877551020411,-20.551020408163257,-13.338972971415101,-27.14285714285715,-13.110260975302259,-12.285714285714288,-22.28571428571428,-20.492503288502665,10.872359599439402,-24.714285714285722,-10.857142857142861,4.741190709082542,3.058205694604889,7.49421337892605,4.202330885497801,1.9846562924674944,0.6348770651750719,8.390359981349953,-1.0666465177541045,2.5740251785035664,0.7662109131446784,7.194411455615628e-28,5.075305255429305e-14,0.0,0.0,8.435549451253255,1.3720021342348503,4.3
87,31.748627149969828,5.94057890364917,5.948025719574559,30.62742684442061,18.041932758043366,28.103109751617207,15.369591336547815,-14.493877551020425,-20.551020408163257,-13.322182573488355,-27.11103440510464,-13.071113049933906,-12.230169313547961,-22.13076490111496,-20.277747601440986,10.820783172290154,-24.714285714285722,-10.857142857142861,4.627984811056827,3.095186376728818,7.378306469487225,4.296760860556629,1.9949238518967043,0.636405960170633,8.340946172302097,-1.0326146736503168,2.693251883952354,0.781999097207295,-4.0602442043433717e-14,-5.075305255429305e-14,0.0,0.0,8.27319553115161,1.1193383149174565,4.3500000000000005
88,32.146972889429826,6.040895730247221,6.089236586152191,31.032438117743023,18.267133537438433,28.465559879113577,15.783892403481543,-14.493877551020425,-20.55102040816329,-13.305863248850132,-27.079129136614302,-13.031148106376357,-12.187857290784791,-21.97402203296815,-20.0581125142797,10.771043806032516,-24.71428571428574,-10.857142857142861,4.51689802737953,3.130417610119282,7.264015742324197,4.392461420924347,2.0052154698880993,0.6379384376158224,8.291416578661128,-0.9985030873993604,2.8107627127082657,0.7975051711520066,7.194411455615628e-28,0.0,0.0,0.0,8.106882979440174,0.8677890071218441,4.4
89,32.533819988987865,6.1417304284929735,6.236255098307003,31.42890980551331,18.486870497276353,28.822355242173007,16.19570115363004,-14.493877551020425,-20.551020408163257,-13.290014997500455,-27.04714675424154,-12.99041976912788,-12.158101506993908,-21.815603395489646,-19.833623902882987,10.72302092627789,-24.714285714285722,-10.857142857142861,4.40978268893245,3.163697782915474,7.153865660546543,4.488836532404132,2.0152806080423216,0.6394371909914187,8.242976945249552,-0.9651421689743331,2.9244099078871217,0.8124656750296045,4.0602442043435156e-14,5.075305255429305e-14,9.13554945977275e-14,0.0,7.939734962449945,0.6214941098795477,4.45
90,32.90916844864399,6.243046620554522,6.388673298671744,31.817112451100556,18.701527442906816,29.173955319375736,16.605192659487024,-14.493877551020425,-20.551020408163257,-13.274637819439283,-27.015092674841792,-12.948981662686757,-12.140225251744482,-21.65562670289522,-19.60430764311485,10.676593958637675,-24.71428571428574,-10.857142857142861,4.308491126597222,3.1948252832567445,7.050380687263841,4.585290160799099,2.0248687279597624,0.6408649137778397,8.196833016890245,-0.9333623283483492,3.032045712604893,0.8266171488905412,7.194411455615628e-28,-5.075305255429305e-14,0.0,0.0,7.774874646511822,0.3845935222224371,4.5
91,33.27301826839815,6.344807928600193,6.546083229879173,32.197316597874,18.91148817967956,29.520819589301997,17.012541993546314,-14.493877551020411,-20.551020408163257,-13.259731714666648,-26.98297231527049,-12.906887411551311,-12.133551814605653,-21.494209669400686,-19.37018961083941,10.631642328723277,-24.714285714285722,-10.857142857142861,4.214566949442221,3.223632101259317,6.955664541734305,4.681325610945406,2.033771047641282,0.6421905172090758,8.153989580935635,-0.9038555738321422,3.13188032945868,0.8397400427773565,4.0602442043434436e-14,0.0,0.0,0.0,7.614904670235112,0.16053716001036758,4.55
92,33.62536944825036,6.446977974798131,6.708076934562043,32.56979278920278,19.117136512944224,29.863407530531976,17.417924228301597,-14.493877551020411,-20.551020408163257,-13.245296683182524,-26.950791092383046,-12.864190640219812,-12.137404485146588,-21.331470009221846,-19.13129568192076,10.588045462146077,-24.714285714285722,-10.857142857142861,4.128318879281031,3.250084634946001,6.870137967809472,4.776843543809887,2.0419458106867205,0.6434077835317715,8.11464759485617,-0.8767603070880026,3.2235557989673658,0.8517904466983096,0.0,5.075305255429305e-14,9.13554945977275e-14,0.0,7.4603455613416845,-0.049984993584750684,4.6000000000000005
93,33.96622198820069,6.549520381316528,6.874246455353075,32.93481156845601,19.31885624805053,30.202178621645977,17.821514436246687,-14.493877551020411,-20.551020408163257,-13.231332724986954,-26.918554423034905,-12.820944973190569,-12.151106552936435,-21.16752543657442,-18.887651732222977,10.54568278451748,-24.71428571428574,-10.857142857142861,4.049746916113702,3.274182884317069,6.793800965489212,4.871843959392899,2.0493930170961168,0.6445167127459672,8.078807058651773,-0.8520765281158749,3.307072121131326,0.8627683606535679,4.0602442043433717e-14,0.0,0.0,0.0,7.31119731983134,-0.24697293856291294,4.65
94,34.29557588824905,6.652398770323618,7.0441838348850965,33.2926434790029,19.517031190348142,30.53759234122421,18.223487689875284,-14.493877551020411,-20.551020408163257,-13.217839840079884,-26.886267724081463,-12.777204034961832,-12.173981307544333,-21.0024936656742,-18.639283637610095,10.504433721448905,-24.714285714285722,-10.857142857142861,3.9788510599402054,3.2959268493725293,6.726653534773794,4.96632685769407,2.056112666869725,0.645517304851748,8.046467972322546,-0.8298042369157279,3.382429295950377,0.8726737846429635,4.0602442043433717e-14,0.0,0.0,0.0,7.1674599457044,-0.43042667492413333,4.7
95,34.61343114839547,6.755576763987572,7.217481115790768,33.64355906421261,19.712045145186792,30.87010816784689,18.6240190616812,-14.493877551020425,-20.551020408163257,-13.204818028461347,-26.853936412378182,-12.733021450031949,-12.205352038539454,-20.83649241073705,-18.38621727394624,10.464177698551715,-24.714285714285722,-10.857142857142861,3.915631310760397,3.3153165301122405,6.668695675662914,5.060292238713661,2.0621047600072595,0.6464095598490606,8.017630335868372,-0.8099434334876662,3.4496273234244663,0.8815067186665905,-7.194411455615628e-28,0.0,0.0,0.0,7.029133438960539,-0.6003462026683843,4.75
96,34.91978776863995,6.8590179844766155,7.3937303407029695,33.98782886745428,19.90428191791615,31.200185580094235,19.023283624158164,-14.493877551020411,-20.551020408163257,-13.192267290131328,-26.82156590478045,-12.688450842899131,-12.244542035490928,-20.66963938597867,-18.12847851709547,10.424794141437333,-24.714285714285722,-10.857142857142861,3.8600876685745114,3.3323519265364436,6.619927388156875,5.153740102451652,2.067369296508762,0.6471934777377651,7.992294149289376,-0.7924941178315548,3.5086662035536325,0.8892671627244204,-4.0602442043435156e-14,-5.075305255429305e-14,-9.13554945977275e-14,0.0,6.896217799599931,-0.756731521795636,4.800000000000001
97,35.21464574898249,6.962686053958927,7.572523552254378,34.3257234320971,20.09412531388589,31.528284056546568,19.42145644979992,-14.493877551020411,-20.551020408163257,-13.180187625089836,-26.78916161814368,-12.64354583806172,-12.290874587967929,-20.502052305614832,-17.866093242921924,10.38616247571717,-24.71428571428574,-10.857142857142861,3.812220133382436,3.3470330386448697,6.58034867225549,5.246670448908054,2.071906276374375,0.6478690585181321,7.970459412585484,-0.7774562899474962,3.5595459363380915,0.8959551168165607,-7.194411455615628e-28,5.075305255429305e-14,0.0,0.0,6.7687130276225576,-0.8995826323059181,4.8500000000000005
98,35.4980050894231,7.0665445946027345,7.753452793077738,34.65751330151019,20.2819591384457,31.85486307578402,19.81871261110025,-14.493877551020411,-20.551020408163257,-13.16857903333689,-26.75672896932332,-12.598360060018004,-12.343672985539587,-20.3338488838614,-17.599087327289627,10.348162127002594,-24.714285714285722,-10.857142857142861,3.7720287051841432,3.3593598664375484,6.549959527958628,5.339083278082628,2.075715699603869,0.6484363021899283,7.952126125756706,-0.7648299498354904,3.602266521777503,0.9015705809428236,-7.194411455615628e-28,0.0,0.0,0.0,6.646619123028421,-1.028899534199324,4.9
99,35.76986578996178,7.170557228576197,7.936110105805813,34.98346901906275,20.468167196945302,32.18038211638688,20.215227180552876,-14.493877551020425,-20.55102040816329,-13.15744151487245,-26.72427337517483,-12.552947133266265,-12.40226051777506,-20.16514683493409,-17.327486646062685,10.310672520905033,-24.71428571428574,-10.857142857142861,3.739513383979588,3.36933240991472,6.528759955266565,5.430978589975656,2.078797566197564,0.6488952087533703,7.937294288803012,-0.7546150974954698,3.6368279598722806,0.9061135551034267,4.0602442043433717e-14,0.0,0.0,0.0,6.529936085817413,-1.1446822274756319,4.95
100,36.03022785059851,7.274687578047558,8.120087533071406,35.303861128123906,20.65313329473438,32.5053006569354,20.611175230651604,-14.493877551020411,-20.551020408163257,-13.14677506969654,-26.69180025255356,-12.507360682304773,-12.465960474243506,-19.996063873048715,-17.05131707510516,10.273573083035856,-24.714285714285722,-10.857142857142861,3.714674169768865,3.376950669076171,6.516749954179251,5.522356384586986,2.0811518761550873,0.6492457782082749,7.925963901724465,-0.7468117329274759,3.6632302506218686,0.9095840392980654,0.0,0.0,0.0,4.0602442043434436e-14,6.4186639159897165,-1.2469307121350335,5.0
101,36.2790912713333,7.378899265184973,8.304977117507224,35.61896017206285,20.837241237162594,32.830078176009735,21.006731833890136,-14.493877551020411,-20.551020408163257,-13.136579697809191,-26.659315018314988,-12.461654331631843,-12.534096144514097,-19.826717712421058,-16.770604490281173,10.236743239006483,-24.714285714285722,-10.857142857142861,3.6975110625519427,3.3822146439218344,6.513929524696479,5.613216661916692,2.0827786294768074,0.649488010554568,7.918134964521061,-0.7414198561315093,3.681473394026564,0.9119820335269485,-4.0602442043434436e-14,0.0,0.0,0.0,6.312802613545195,-1.3356449881774488,5.050000000000001
102,36.51645605216616,7.483155912156721,8.490370901746068,35.92903669424871,21.02087482957965,33.15517415219019,21.402072062762258,-14.493877551020411,-20.551020408163257,-13.126855399210319,-26.626823089314502,-12.415881705745749,-12.605990818155925,-19.657226067266897,-16.485374767454758,10.2000624144283,-24.714285714285722,-10.857142857142861,3.688024062328862,3.3851243344519824,6.52029866681849,5.703559421964779,2.0836778261624866,0.6496219057924949,7.913807477192732,-0.7384394671075516,3.6915573900866137,0.9133075377901287,0.0,0.0,0.0,0.0,6.212352178483946,-1.4108250556029553,5.1000000000000005
103,36.74232219309708,7.587421141130895,8.675860928420622,36.23436123805068,21.204417877335253,33.48104806405697,21.797370989761724,-14.493877551020411,-20.551020408163257,-13.11760217389998,-26.594329882407553,-12.370096429144809,-12.68096778473819,-19.48770665180201,-16.195653782490027,10.163410034912717,-24.714285714285722,-10.857142857142847,3.686213169099592,3.3856797406664234,6.535857380545137,5.793384664731215,2.083849466212218,0.6496474639220337,7.9129814397396085,-0.7378705658555963,3.6934822388016078,0.9135605520875535,4.0602442043434436e-14,5.075305255429305e-14,9.13554945977275e-14,0.0,6.117312610805794,-1.4724709144114332,5.15
104,36.95668969412605,7.691658574275809,8.861039240163674,36.535204346837915,21.38825418577907,33.80815939019033,22.192803687382288,-14.493877551020425,-20.551020408163257,-13.108820021878197,-26.56184081444958,-12.324352126327287,-12.758350333830036,-19.31827718024219,-15.901467411251083,10.126665526071141,-24.71428571428574,-10.857142857142861,3.6920783828640924,3.3838808625651544,6.560605665876398,5.882692390215867,2.0832935496259015,0.6495646849429947,7.915656852161528,-0.7397131523756924,3.687247940171814,0.9127410764190392,0.0,0.0,0.0,0.0,6.027683910510951,-1.5205825646030369,5.2
105,37.15955855525309,7.795831833759604,9.045497879608051,36.83183656397957,21.5727675602608,34.13696760917049,22.588545228117702,-14.493877551020411,-20.551020408163257,-13.100508943144916,-26.529361302295946,-12.27870242179146,-12.837461755000621,-19.149055366803207,-15.602841529601957,10.08970831351495,-24.714285714285722,-10.857142857142861,3.7056197036224026,3.3797277001483277,6.594543522812532,5.971482598419081,2.0820100764037486,0.6493735688554996,7.921833714458593,-0.7439672266677791,3.672854494197013,0.9108491107848499,0.0,0.0,0.0,0.0,5.943466077599357,-1.5551600061775528,5.25
106,37.35092877647821,7.899904541750474,9.228828889386378,37.124528432844784,21.75834180613016,34.46793219957768,22.984770684461743,-14.493877551020411,-20.551020408163257,-13.092668937700168,-26.496896762802116,-12.233200940035621,-12.917625337819063,-18.98015892570084,-15.299802013406756,10.052417822855574,-24.714285714285722,-10.857142857142861,3.7265276154715754,3.37331518284246,6.6365773044462895,6.059553082919419,2.0800283830762565,0.6490784840271864,7.931370841206878,-0.7505355527480472,3.650630893928219,0.907927900113635,0.0,0.0,0.0,4.0602442043434436e-14,5.864749579860279,-1.5766582477323117,5.300000000000001
107,37.53080035780138,8.003840320416625,9.410624312131542,37.41355049680274,21.945360728736816,34.80151263999214,23.381655128908143,-14.493877551020411,-20.551020408163257,-13.085300005543912,-26.46445261282351,-12.187901305558109,-12.99816437185457,-18.81170557115091,-14.992374738529604,10.014673479704364,-24.714285714285722,-10.857142857142861,3.7532545388962024,3.365117957780861,6.681238776243294,6.1458928116116,2.077495152297709,0.6487012722967587,7.94356230528664,-0.7589319506974141,3.622222104619656,0.9041936690493312,0.0,0.0,0.0,-4.0602442043434436e-14,5.791986756240405,-1.5873523322526155,5.3500000000000005
108,37.69917329922262,8.107602791926285,9.590476190476178,37.69917329922262,22.134208133430434,35.13816840899412,23.77937363395064,-14.493877551020411,-20.551020408163257,-13.07840214667624,-26.432034269215563,-12.142857142857146,-13.07840214667624,-18.643813017369144,-14.680585580834496,9.97635470967276,-24.714285714285722,-10.857142857142861,3.7839433784780994,3.3557056015238222,6.721966056761923,6.229288545969293,2.0745864032525567,0.6482681438704968,7.957560994154305,-0.7685730046130438,3.5896020845765415,0.8999058871646411,7.194411455615628e-28,9.024568755728375e-28,0.0,0.0,5.725720413475629,-1.5899723113210764,5.4
109,37.812133072223105,8.21116584623341,9.768091714620944,37.981699047199804,22.3251594949947,35.47797620874639,24.178051857184663,-14.493877551020411,-20.551020408163257,-12.804701224747078,-26.399645619904987,-12.098106940705977,-13.157821204862234,-18.476565753272038,-14.364531188432963,9.937374970966484,-24.714285714285722,-10.857142857142847,3.8167370387989097,3.3456476906310932,6.752197264560726,6.308527047465791,2.0714781551257686,0.6478053089544632,7.972519795266377,-0.7788752985918725,3.5547447921036373,0.8953240240322239,7.194411455615628e-28,9.024568755728375e-28,0.0,0.0,5.666493358301973,-1.5872482365201712,5.45
110,37.915390778830854,8.314544444435093,9.9436386650375,38.26155660273482,22.518056965948922,35.81948163574212,24.577617796612046,-14.493877551020411,-20.551020408163257,-12.554508357462153,-26.367284437103688,-12.053628644977543,-13.236541101026605,-18.30991536657871,-14.044591298425969,9.897783852168622,-24.714285714285722,-10.857142857142861,3.849778424440357,3.3355138016628145,6.7653705181982575,6.382395077574827,2.068346427102107,0.6473389777551024,7.9875915960791195,-0.789255416731127,3.5196241855065007,0.8907075492247437,7.194411455615628e-28,9.024568755728375e-28,0.0,0.0,5.614848397455446,-1.5819101594326277,5.5
111,38.008946419045984,8.417763815414204,10.117399969765465,38.53920649155439,22.712634368246405,36.16084751005701,24.9779500353363,-14.493877551020425,-20.551020408163257,-12.327823544821442,-26.334946964094907,-12.009385065819663,-13.314840642792413,-18.14378021970885,-13.721216420161827,9.857664974456576,-24.71428571428574,-10.857142857142861,3.8812104399841973,3.3258735111791466,6.7549239362327755,6.449679397769883,2.065367238366351,0.646895360478673,8.001929284048957,-0.7991299431277361,3.4862142230898066,0.8863159323150587,7.194411455615628e-28,9.024568755728375e-28,0.0,0.0,5.571328337672092,-1.576688131640815,5.550000000000001
112,38.0927999928684,8.520849188053624,10.289658556844326,38.815109239385265,22.90862552384042,36.50023665176675,25.37892715646094,-14.493877551020411,-20.551020408163257,-12.124646786824949,-26.302629444161884,-11.96533901338018,-13.392998637782682,-17.978078675082322,-13.394857062988926,9.817101959007795,-24.714285714285722,-10.857142857142861,3.909175990012165,3.317296395739781,6.714295637223117,6.509166769524211,2.0627166081030595,0.6465006673315399,8.014685746632473,-0.8079154618789232,3.456488863158983,0.8824086428755867,-4.0602442043433717e-14,-5.075305255429215e-14,-9.13554945977275e-14,0.0,5.536475985687573,-1.5743122047274802,5.6000000000000005
113,38.16695150029818,8.62382579123621,10.460697354313652,39.08972537195419,23.105764254684285,36.83581188094707,25.780427743089433,-14.493877551020411,-20.551020408163257,-11.944978083472682,-26.27032812058783,-11.921453297806961,-13.471293893620482,-17.812729095118858,-13.065963736255569,9.77617842699968,-24.714285714285722,-10.857142857142861,3.932127495008853,3.3102571024784866,6.638017386634385,6.559846160732801,2.0605412189664225,0.6461767401523022,8.025155056709716,-0.8151257930655209,3.4320930709681057,0.8792019055504784,0.0,0.0,-1.6408306828597046e-27,-4.0602442043434436e-14,5.510743680448829,-1.5770574216778475,5.65
114,38.23140094133525,8.726718853844847,10.630799290212973,39.36351541498797,23.303784382731283,37.16573601767361,26.182330378325275,-14.493877551020411,-20.551020408163257,-11.788817434764638,-26.238039236655975,-11.877690729247838,-13.550005217928854,-17.64764984223821,-12.734986949310146,9.734977999609656,-24.714285714285722,-10.857142857142861,3.949755439071463,3.304850560821753,6.524995537559783,6.601515364974415,2.0588704074871664,0.6459279473084619,8.033196028856963,-0.820663700703758,3.4133558395682324,0.8767389652684173,0.0,0.0,-1.6408306828597046e-27,0.0,5.494221889744964,-1.5853787910892463,5.7
115,38.28614831597964,8.829553604762355,10.80024729258182,39.63693989421327,23.50241972993469,37.48817188202221,26.584513645272004,-14.493877551020425,-20.55102040816329,-11.656164840700816,-26.205759035649525,-11.83401411785069,-13.629411418330857,-17.48275927886022,-12.402377211501024,9.693584298015137,-24.71428571428574,-10.857142857142861,3.9620598221998637,3.3010767707694995,6.375230089999396,6.634174382248948,2.0577041736652815,0.6457542888001613,8.038808663074212,-0.824529184793518,3.400277168959019,0.8750198220294291,4.0602442043433717e-14,5.075305255429215e-14,-1.6408306828597046e-27,0.0,5.486910613576203,-1.5992763129615297,5.75
116,38.331193624231375,8.932355272871659,10.969324289459783,39.9104593353569,23.7014041182478,37.80128229406843,26.986856127033068,-14.493877551020411,-20.551020408163257,-11.547020301281215,-26.17348376085168,-11.790386273763309,-13.709791302449482,-17.317975767404565,-12.068585032176479,9.652080943393551,-24.714285714285722,-10.857142857142861,3.969181355255675,3.2988925758917507,6.190049360746564,6.657638617249923,2.0570291806463525,0.645653778697825,8.042057144504842,-0.8267664503627115,3.3927074936573356,0.8740248159996974,-7.194411455615628e-28,-5.075305255429395e-14,-1.6408306828597046e-27,0.0,5.488444153971461,-1.618368322557243,5.800000000000001
117,38.366536866090414,9.035149087055602,11.138313208886384,40.18453426414556,23.900471369623936,38.10323007388805,27.389236406711987,-14.493877551020411,-20.551020408163257,-11.461383816505837,-26.141209655545726,-11.746770007133597,-13.791423677907842,-17.153217670291095,-11.73406092068492,9.610551556922307,-24.714285714285722,-10.857142857142861,3.971823592547599,3.298082194038121,5.976094933768878,6.670985093443959,2.056778744158541,0.6456164873537272,8.043262398866608,-0.8275965225497074,3.389898986245706,0.8736556480106632,-7.194411455615628e-28,-9.024568755728375e-28,-1.6408306828597046e-27,0.0,5.496994021075703,-1.6407464961882636,5.8500000000000005
118,38.3921780415568,9.137960276197052,11.30749697890112,40.45962520630606,24.099355306016356,38.3921780415568,27.79153306741227,-14.493877551020411,-20.551020408163257,-11.399255386374698,-26.10893296301485,-11.703128128109363,-13.874587352328948,-16.988403349939528,-11.399255386374698,9.569079759778845,-24.714285714285722,-10.857142857142861,3.9708307992455856,3.2983866866280565,5.741336709827598,6.673106238991287,2.056872843075537,0.6456304991901709,8.042809537020593,-0.827284631520867,3.390954253823435,0.8737943590597943,-7.194411455615628e-28,-9.024568755728375e-28,-1.6408306828597046e-27,0.0,5.510366027062771,-1.664120845429264,5.9
119,38.666753928028044,9.240809401279847,11.477106179624393,40.736064693275274,24.297838998179905,38.666753928028044,28.19364715703763,-14.493877551020411,-20.551020408163257,-11.064683546951455,-26.076650621617645,-11.659430327780287,-13.959427550677717,-16.82346627352021,-11.064683546951455,9.527733701380846,-24.71428571428574,-10.857142857142861,3.9670472405199657,3.2995471150812605,5.493744589683253,6.6628944820521445,2.057231456271133,0.6456838986298499,8.041083669827973,-0.8260960074423997,3.3949759034898155,0.8743229901447931,4.0602442043433717e-14,5.075305255429215e-14,9.135549459772586e-14,0.0,5.526365984106913,-1.6862013818545283,5.95
120,38.927445107766175,9.3436983516917,11.647161999499648,41.01367327933068,24.495902512075943,38.927445107766175,28.595569582692743,-14.493877551020411,-20.551020408163257,-10.731118953550185,-26.044362350014026,-11.615673821003229,-14.045555167286373,-16.658400327205516,-10.731118953550185,9.486519644107283,-24.714285714285722,-10.857142857142861,3.961317181540871,3.301304540817117,5.241288474097401,6.639242250786337,2.057774562618944,0.6457647700951703,8.03846990815,-0.824295880480679,3.4010665423439157,0.8751235822630077,-4.0602442043434436e-14,0.0,0.0,0.0,5.542799704381984,-1.7046981170388282,6.0
121,39.17520386611327,9.446624348921286,11.817633279051178,41.292143524459945,24.69357516246724,39.17520386611327,28.997313716282488,-14.493877551020411,-20.551020408163257,-10.399399765663192,-26.012068561939415,-11.57186270357691,-14.132447513829097,-16.493214501918388,-10.399399765663192,9.445428378577352,-24.714285714285722,-10.857142857142861,3.9544848874784413,3.3034000252552764,4.9919382638308605,6.601041973354266,2.05842214099267,0.6458611980089409,8.03535336284771,-0.8221494808017998,3.4083287774851745,0.8760781764122689,-4.0602442043434436e-14,0.0,-9.13554945977275e-14,0.0,5.557473000062139,-1.7173210625564312,6.050000000000001
122,39.41098248841135,9.549584614457252,11.988488858803258,41.57116798865069,24.89088626411668,39.41098248841135,29.3988929297118,-14.493877551020411,-20.551020408163257,-10.07036414278277,-25.979769671129077,-11.528001071300013,-14.219581901979943,-16.32791778858178,-10.07036414278277,9.404450695410297,-24.714285714285722,-10.857142857142861,3.947394623502918,3.305574629815172,4.753663859644656,6.5471860779160105,2.05909417026618,0.6459612667935799,8.032119144782223,-0.8199220385721373,3.4158652160129046,0.8770688135900132,0.0,0.0,0.0,0.0,5.568191683321062,-1.7217802299819054,6.1000000000000005
123,39.63573326000252,9.652576369788289,12.159697579280152,41.85043923189059,25.087865131787105,39.63573326000252,29.800320594885566,-14.493877551020425,-20.551020408163257,-9.744850244401263,-25.947466091318372,-11.484093019971256,-14.30643564341307,-16.162519178118576,-9.744850244401263,9.363577385225314,-24.714285714285722,-10.857142857142861,3.940749943922893,3.307612572346602,4.533106845506391,6.4767515879383,2.0597239661674562,0.6460550468012666,8.029088179671318,-0.8178345789302239,3.422928030509489,0.8779971946276366,0.0,5.075305255429305e-14,0.0,4.0602442043433717e-14,5.573127264303933,-1.7161672956272536,6.15
124,39.85040846622885,9.755596836403036,12.331228281006194,42.12964981416731,25.28454108024139,39.85040846622885,30.201610083708683,-14.493877551020425,-20.55102040816329,-9.423696230010929,-25.915158236242597,-11.440142645389303,-14.392486049802592,-15.99702766145175,-9.423696230010929,9.322799238641677,-24.714285714285722,-10.857142857142861,3.9346915595997842,3.3094706964192913,4.33159553820946,6.389553908114511,2.0602981918421768,0.6461405521022395,8.026324652658321,-0.8159313069038314,3.429367655491774,0.8788436596912403,-4.0602442043434436e-14,0.0,0.0,-7.194411455615628e-28,5.571914045039626,-1.7001005947550367,6.2
125,40.055960392432425,9.858643235790215,12.503049804505636,42.40849229546843,25.480943424242376,40.055960392432425,30.602774768086046,-14.493877551020411,-20.551020408163257,-9.107740259104096,-25.8828465196371,-11.396154043352858,-14.477210432822615,-15.831452229504219,-9.107740259104096,9.282107046278597,-24.714285714285722,-10.857142857142861,3.929219470533874,3.3111490020334022,4.149129937753888,6.2855930384447145,2.060816847290265,0.6462177826967831,8.023828563743493,-0.8142122224928381,3.4351840909595444,0.8796082087810481,0.0,0.0,0.0,-7.194411455615628e-28,5.564552025528487,-1.673580127365113,6.25
126,40.25334132395528,9.961712789438458,12.675130990302716,42.686659235781654,25.67710147855292,40.25334132395528,31.003828019922597,-14.493877551020411,-20.551020408163257,-8.797820491173047,-25.8505313552372,-11.352131309660614,-14.560086104147256,-15.665801873198898,-8.797820491173047,9.241491598755267,-24.714285714285722,-10.857142857142847,3.9243336767248986,3.312647489188887,3.985710044140015,6.164868978928675,2.061279932511741,0.6462867385847515,8.021599912926696,-0.8126773256973109,3.4403773369131163,0.8802908418968929,0.0,0.0,0.0,-7.194411455615628e-28,5.551041205770219,-1.6366058934575345,6.300000000000001
127,40.44350354613949,10.064802718836463,12.847440678921771,42.963843195094555,25.87304455793587,40.44350354613949,31.40478321112316,-14.493877551020425,-20.551020408163257,-8.494775085710103,-25.818213156778242,-11.308078540111294,-14.640590375450637,-15.500085583458763,-8.494775085710103,9.200943686690941,-24.714285714285722,-10.857142857142861,3.9200341781731227,3.3139661578856536,3.8413358573672833,6.0273817295667245,2.061687447506691,0.646347419766228,8.019638700207826,-0.8113266165172316,3.4449473933521384,0.8808915590389541,4.0602442043434436e-14,0.0,0.0,4.0602442043433717e-14,5.53138158576478,-1.5891778930323865,6.3500000000000005
128,40.62739934432713,10.167910245472878,13.019947710887017,43.23973673339491,26.068801977154095,40.62739934432713,31.805653713592708,-14.493877551020411,-20.551020408163257,-8.199442202207544,-25.78589233799554,-11.263999830503543,-14.718200558406886,-15.334312351206698,-8.199442202207544,9.16045410070486,-24.714285714285722,-10.857142857142861,3.916320974878303,3.315105008123734,3.7160073774361937,5.87313129035864,2.0620393922751457,0.646399826241028,8.017944925586987,-0.8101600949526538,3.4488942602767327,0.8814103602069815,7.194411455615628e-28,0.0,9.13554945977275e-14,0.0,5.505573165512316,-1.5312961260894835,6.4
129,40.80598100386035,10.271032590836361,13.192620926722848,43.51403241067027,26.264403050970394,40.80598100386035,32.20645289923614,-14.493877551020411,-20.551020408163257,-7.912660000157736,-25.753569312624414,-11.2198992766361,-14.79239396469008,-15.16849116736567,-7.912660000157736,9.120013631416239,-24.714285714285722,-10.857142857142861,3.9131940668405907,3.3160640399032206,3.6097246043463365,5.702117661304483,2.0623357668168367,0.6464439580092969,8.016518589064184,-0.8091777610035816,3.4522179376868065,0.8818472454010958,7.194411455615628e-28,0.0,0.0,0.0,5.473615945012713,-1.462960592628974,6.45
130,40.980200810081065,10.37416697641563,13.3654291669534,43.78642278690826,26.459877094147696,40.980200810081065,32.6071941399583,-14.493877551020411,-20.551020408163257,-7.635266639052912,-25.721244494400192,-11.175780974307623,-14.862647905974406,-15.002631022858598,-7.635266639052912,9.079613069444283,-24.714285714285722,-10.857142857142847,3.9106534540599154,3.3168432532239813,3.5224875380978755,5.514340842404236,2.062576571132007,0.6464798150710247,8.015359690639402,-0.8083796146699138,3.454918425582649,0.8822022146213225,-4.0602442043433717e-14,0.0,0.0,-4.0602442043433717e-14,5.435509924266156,-1.384171292650828,6.5
131,41.15101104833152,10.477310623699339,13.538341272103052,44.05660042209662,26.655253421448798,41.15101104833152,33.00789080766413,-14.493877551020425,-20.551020408163257,-7.368100278385402,-25.688918297058237,-11.131649019316859,-14.928439693933912,-14.83674090860844,-7.368100278385402,9.039243205408248,-24.714285714285722,-10.857142857142861,3.908699136536368,3.3174426480862382,3.4542961786909325,5.309800833657925,2.062761805220722,0.6465073974261979,8.01446823031273,-0.8077656559516868,3.4569957239640283,0.8824752678677386,4.0602442043435156e-14,0.0,0.0,4.0602442043435156e-14,5.391255103272615,-1.2949282261550326,6.550000000000001
132,41.319364003953645,10.580460754176109,13.71132608269602,44.32425787622288,26.850561347636585,41.319364003953645,33.408556274258515,-14.493877551020411,-20.551020408163257,-7.111999077647524,-25.656591134333844,-11.087507507462474,-14.989246640242756,-14.67082981553809,-7.111999077647524,8.998894829927343,-24.714285714285722,-10.857142857142861,3.9073311142698066,3.317862224489736,3.4051505261254973,5.0884976350655045,2.062891469082607,0.6465267050749197,8.013844208084016,-0.8073358848489276,3.4584498328310818,0.8826664051401887,7.194411455615628e-28,0.0,0.0,4.0602442043435156e-14,5.340851482031736,-1.1952313931415108,6.6000000000000005
133,42.603136259549885,10.68361458933466,13.884352439256642,44.58908770927481,27.04583018747389,41.48621196228954,33.809203911646385,-14.493877551020425,-20.551020408163257,-6.035673280268288,-25.624263419962343,-11.043360534543151,-15.044546056575046,-14.504906734570506,-6.867801196331566,8.958558733620798,-24.714285714285722,-10.857142857142861,3.9065493872604447,3.3181019824345728,3.3750505804011355,4.8504312466270685,2.062965562718184,0.646537738016965,8.013487623953178,-0.8070903013616502,3.4592807521834805,0.8827756264387163,7.194411455615628e-28,0.0,2.0301221021716858e-14,4.0602442043435156e-14,5.284299060543857,-1.0850807936104432,6.65
134,43.819086584661804,10.786769350663715,14.05738918230918,44.85078248123997,27.241089255723598,41.652507208681314,34.20984709173261,-14.493877551020411,-20.551020408163257,-5.016209977844908,-25.591935567679073,-10.999212196357586,-15.093815254604898,-14.33898065662858,-6.636344793929831,8.918225707107851,-24.714285714285722,-10.857142857142847,3.906353955508079,3.3181619219208205,3.3639963415185137,4.595601668342515,2.0629840861269773,0.6465404962524285,8.013398477920614,-0.8070289054898274,3.459488482021631,0.8828029317633057,7.194411455615628e-28,0.0,2.0301221021716858e-14,2.5376526277147244e-14,5.221597838808958,-0.9644764275616355,6.7
135,44.967214979289444,10.88992225965179,14.230405152377894,45.10903475210602,27.436367867148526,41.819202028471054,34.61049918642211,-14.493877551020411,-20.551020408163257,-4.053609170377423,-25.55960799121932,-10.955066588704478,-15.136531546006415,-14.173060572635292,-6.418468029934619,8.877886541007735,-24.714285714285722,-10.857142857142847,3.9067448190127694,3.318042042948399,3.3719878094769618,4.324008900211917,2.062947039309255,0.6465349797814219,8.013576769985965,-0.8071516972334747,3.459073022345317,0.8827483211141142,4.0602442043434436e-14,0.0,2.0301221021716858e-14,6.597896832058096e-14,5.152747816826942,-0.8334182949952215,6.75
136,46.04752144343272,10.993070537787727,14.403369189987068,45.36353708186062,27.63169533651155,41.98724870700075,35.01117356761976,-14.493877551020411,-20.55102040816325,-3.1478708578658385,-25.527281104318476,-10.91092780738255,-15.172172242453735,-14.007155473513567,-6.215009063838259,8.83753202593966,-24.714285714285722,-10.857142857142847,3.9077219777745382,3.3177423455173116,3.399024984277072,4.03565294223517,2.0628544222650316,0.6465211886038302,8.014022500149379,-0.8074586765925986,3.4580343731547343,0.8826117944909442,0.0,0.0,-3.597205727807814e-28,4.060244204343444e-14,5.077748994597983,-0.6919063959111893,6.800000000000001
137,47.06000597709167,11.096211406560073,14.576250135660972,45.6139820304914,27.827100978575526,42.15759952961255,35.41188360723052,-14.493877551020411,-20.55102040816325,-2.29899504031013,-25.494955320711842,-10.866799948190465,-15.200214655620979,-13.841274350186309,-6.0268060551330285,8.797152952522843,-24.714285714285722,-10.857142857142838,3.909285431793455,3.3172628296275963,3.445107865918568,3.7305337944124117,2.0627062349941605,0.6464991227196958,8.014735668410687,-0.8079498435671243,3.456372534449641,0.8823933518938438,4.0602442043434436e-14,0.0,-3.597205727807814e-28,4.060244204343444e-14,4.996601372121811,-0.5399407303094048,6.8500000000000005
138,48.004668580266255,11.199342087457577,14.749016829923912,45.86006215798605,28.022614108103266,42.331206781648454,35.81264267715922,-14.493877551020411,-20.55102040816325,-1.506981717710307,-25.46263105413474,-10.822687106926919,-15.22013609718224,-13.675426193576502,-5.854697163311233,8.756740111376532,-24.714285714285722,-10.857142857142838,3.911435181069328,3.316603495279184,3.5102364544015017,3.408651456743568,2.0625024774965763,0.6464687821290269,8.015716274770098,-0.8086251981571417,3.4540875062301013,0.8820929933228666,0.0,0.0,2.03012210217165e-14,0.0,4.909304949398595,-0.37752129819004654,6.9
139,48.88150925295653,11.302459801968869,14.921638113300176,46.10147002433217,28.218264039857672,42.50902274845062,36.213464149310795,-14.493877551020411,-20.551020408163257,-0.7718308900663646,-25.430308718322504,-10.778593379390644,-15.231413878811672,-13.509619994607032,-5.699520547865216,8.716284293119934,-24.714285714285722,-10.857142857142847,3.914171225602329,3.315764342472092,3.5944107497257294,3.070005929228522,2.0622431497726237,0.646430166831685,8.016964319227545,-0.8094847403626648,3.4511792884961467,0.8817107187778752,0.0,0.0,-7.194411455615628e-28,0.0,4.815859726428341,-0.20464809955307803,6.95
140,49.69052799516247,11.405561771582615,15.094082826314015,46.33789818951744,28.414080088601597,42.691999715361035,36.61436139559012,-14.493877551020411,-20.551020408163257,-0.09354255737830783,-25.39798872701045,-10.734522861380306,-15.233525312183337,-13.343864744200848,-5.562114368287223,8.675776288372305,-24.714285714285722,-10.857142857142847,3.917493565392346,3.314745371206447,3.6976307518914533,2.714597211867608,2.0619282518218864,0.6463832768278932,8.018479801783116,-0.8105284701836478,3.447647881247804,0.8812465282591332,0.0,0.0,-2.0301221021717578e-14,-4.0602442043434436e-14,4.716265703211028,-0.02132113439837463,7.0
141,50.431724806884084,11.508645217787517,15.266319809489717,46.56903921352948,28.610091569097865,42.88108996772184,37.01534778790215,-14.493877551020411,-20.55102040816325,0.5278832803538682,-25.365671493933913,-10.690479648694582,-15.225947708971415,-13.178169433280864,-5.44331678406958,8.635206887752851,-24.714285714285722,-10.857142857142847,3.921402200439481,3.313546581482039,3.8198964608985353,2.3424253046605004,2.06155778364475,0.6463281121175772,8.02026272243652,-0.8117563876200615,3.44349328448511,0.8807004217664229,0.0,0.0,-2.0301221021717578e-14,-2.5376526277146528e-14,4.610522879746713,0.17245959727396576,7.050000000000001
142,51.105099688121385,11.61170736207221,15.438317903351548,46.79458565635594,28.806327796109343,43.07724579087506,37.416436698151756,-14.493877551020411,-20.551020408163257,1.0924466231301588,-25.33335743282823,-10.64646783713222,-15.208158380849992,-13.012543052770058,-5.343965954704634,8.594566881880802,-24.714285714285722,-10.857142857142847,3.9258971307437753,3.3121679732990703,3.9612078767471655,1.9534902076073564,2.0611317452409055,0.6462646727006068,8.022313081188026,-0.8131684926718875,3.4387154982079826,0.8800723992997821,0.0,0.0,-2.0301221021717578e-14,-2.5376526277146528e-14,4.498631256035103,0.3766940954639668,7.1000000000000005
143,51.7106526388743,11.714745425925386,15.610045948423798,47.01423007798448,29.00281808439887,43.28141947016276,37.817641498243844,-14.493877551020411,-20.551020408163257,1.600147470950559,-25.301046957428714,-10.602491522491853,-15.179634639493166,-12.846994593591312,-5.264900039684598,8.553847061375384,-24.714285714285722,-10.857142857142861,3.9309783563050957,3.31060954665743,4.121564999437048,1.54779192070813,2.060650136610454,0.646192958577153,8.02463087803755,-0.8147647853391998,3.4333145224163784,0.8793624608593107,0.0,0.0,-3.597205727807814e-28,0.0,4.380590832076574,0.5913823601716404,7.15
144,52.24838365914296,11.817756630835735,15.78147278523076,47.22766503840275,29.199591748729343,43.49456329092703,38.2189755600833,-14.493877551020411,-20.551020408163257,2.050985823815078,-25.26874048147069,-10.558554800572217,-15.13985379657509,-12.681533046667596,-5.206957198501854,8.513038216855822,-24.714285714285722,-10.857142857142847,3.9366458771233415,3.3088713015571862,4.30096782896843,1.125330443962813,2.060112957753502,0.6461129697470868,8.027216112985258,-0.8165452656220585,3.427290357110364,0.8785706064449259,0.0,0.0,-3.597205727807814e-28,-4.0602442043434436e-14,4.256401607870923,0.8165243913968104,7.2
145,52.71829274892726,11.920738198291893,15.952567254296705,47.434583097598335,29.396678103863586,43.71762953850996,38.620452255575024,-14.493877551020411,-20.551020408163257,2.4449616817236977,-25.236438418689527,-10.514661767171996,-15.088293163769851,-12.516167402921829,-5.170975590648658,8.472131138941371,-24.714285714285722,-10.857142857142847,3.9428996931988576,3.3069532379981714,4.4994163653411885,0.6861057773713768,2.059520208669933,0.6460247062104895,8.03006878603076,-0.8185099335203113,3.420643002290017,0.8776968360565828,0.0,0.0,-2.0301221021717218e-14,-4.0602442043434436e-14,4.1260635834182935,1.0521201891398444,7.25
146,53.120379908227235,12.023687349782529,16.12329819614591,47.634676815558976,29.594106464564458,43.95157049825359,39.02208495662394,-14.493877551020411,-20.551020408163257,2.782075044676446,-25.2041411828205,-10.470816518089885,-15.024430052751597,-12.35090665327693,-5.15779337561737,8.431116618251213,-24.714285714285722,-10.857142857142847,3.949739804531278,3.3048553559806217,4.7169106085553425,0.23011792093401,2.0588718893598332,0.6459281679673782,8.033188897174401,-0.8206587890340352,3.4133724579551257,0.8767411496944489,0.0,0.0,0.0,-4.0602442043434436e-14,3.9895767587184583,1.2981697534004473,7.300000000000001
147,53.454645137042874,12.126601306796342,16.293634451302644,47.827638752272264,29.79190614559477,44.19733845549999,39.42388703513497,-14.493877551020411,-20.551020408163257,3.062325912673309,-25.17184918759897,-10.427023149124581,-14.947741775194453,-12.185759788655831,-5.168248712900238,8.389985445404584,-24.714285714285722,-10.857142857142861,3.957166211120939,3.3025776555043485,4.953450558610965,-0.24263312534959322,2.0581679998231417,0.6458233550176429,8.036576446415962,-0.8229918321631764,3.4054787241059796,0.8757035473582682,0.0,0.0,0.0,0.0,3.846941133771614,1.5546730841786702,7.3500000000000005
148,53.72108843537416,12.229477290821993,16.463544860291222,48.01316146772588,29.990106461717463,44.455885695591256,39.825871863012914,-14.493877551020411,-20.551020408163257,3.2857142857142865,-25.139562846760242,-10.383285756074779,-14.85770564277247,-12.020735799981505,-5.203179761989599,8.348728411020742,-24.714285714285722,-10.857142857142861,3.394955741605303,2.829830378579445,4.344468213570183,-0.40818410015743267,1.7638502715078588,0.5535191379947186,6.889907698303225,-0.706395133535856,2.9156877618003727,0.7501700561593089,0.0,0.0,0.0,-4.0602442043434436e-14,3.2371269611479865,1.4410135329841691,7.4
149,53.72108843537416,12.33231252334815,16.63299826363584,48.1909375219074,30.18873672769529,44.72816450386943,40.228052812162794,-14.493877551020411,-20.551020408163257,3.2857142857142865,-25.107282574039647,-10.339608434739164,-14.753798967159836,-11.855843678176841,-5.263424682377731,8.30733630571889,-24.714285714285722,-10.857142857142861,2.831851869793179,2.3573571107343936,3.707136077618958,-0.5109886940237068,1.4696172216331198,0.4612275300485383,5.742831425469725,-0.5895177680659964,2.426846421611956,0.6247613893015317,0.0,0.0,0.0,-4.0602442043434436e-14,2.64593250630345,1.2936974392549125,7.45
150,53.72108843537416,12.435104225863485,16.80196350186089,48.36065947480454,30.3878262582912,45.015127165676596,40.63044325448943,-14.493877551020411,-20.551020408163257,3.2857142857142865,-25.07500878317254,-10.29599528091646,-14.635499060030632,-11.69109241416479,-5.349821633556955,8.265799920118273,-24.714285714285722,-10.857142857142861,2.2677708392192666,1.8851835403204034,3.0387333354943182,-0.5486521655416731,1.1754767888027362,0.3689497132798904,4.595309422472834,-0.47233342323697475,1.9390437306142332,0.49948924906693165,0.0,0.0,0.0,-4.0602442043434436e-14,2.074236169273055,1.1112314077741903,7.5
151,53.72108843537416,12.435104225863485,16.80196350186089,48.36065947480454,30.3878262582912,45.015127165676596,40.63044325448943,-14.493877551020411,-20.551020408163257,3.2857142857142865,-25.07500878317254,-10.29599528091646,-14.635499060030632,-11.69109241416479,-5.349821633556955,8.265799920118273,-24.714285714285722,-10.857142857142861,1.702628893418376,1.4133353556886923,2.3365391719331723,-0.518779773304908,0.8814369116204119,0.27668686978980206,3.4473034838699004,-0.3548157865323187,1.4523687158807062,0.3743653377374923,0.0,0.0,0.0,0.0,1.5229163500922283,0.892122043325206,7.550000000000001
152,53.72108843537416,12.435104225863485,16.80196350186089,48.36065947480454,30.3878262582912,45.015127165676596,40.63044325448943,-14.493877551020411,-20.551020408163257,3.2857142857142865,-25.07500878317254,-10.29599528091646,-14.635499060030632,-11.69109241416479,-5.349821633556955,8.265799920118273,-24.714285714285722,-10.857142857142861,1.136342275924962,0.941838245190616,1.5978327716724046,-0.41897677590673255,0.5875055286899789,0.18444018167915302,2.298775404218621,-0.23693854543562848,0.9669104044847676,0.24940135759519866,0.0,0.0,0.0,0.0,0.992851448796183,0.6348759506909649,7.6000000000000005
153,53.72108843537416,12.435104225863485,16.80196350186089,48.36065947480454,30.3878262582912,45.015127165676596,40.63044325448943,-14.493877551020411,-20.551020408163257,3.2857142857142865,-25.07500878317254,-10.29599528091646,-14.635499060030632,-11.69109241416479,-5.349821633556955,8.265799920118273,-24.714285714285722,-10.857142857142861,0.5688272302740285,0.47071789717728824,0.8198933194490495,-0.2468484319406408,0.29369057861524284,0.0922108310488823,1.1496869780761025,-0.11867538743033473,0.48275782350014057,0.12460901092201322,0.0,0.0,0.0,0.0,0.4849198654204064,0.33799973465487015,7.65
154,53.72108843537416,12.435104225863485,16.80196350186089,48.36065947480454,30.3878262582912,45.015127165676596,40.63044325448943,-14.493877551020411,-20.551020408163257,3.2857142857142865,-25.07500878317254,-10.29599528091646,-14.635499060030632,-11.69109241416479,-5.349821633556955,8.265799920118273,-24.714285714285722,-10.857142857142861,0.0,0.0,0.0,0.0,0.0,0.0,0.0,0.0,0.0,0.0,0.0,0.0,0.0,0.0,0.0,0.0,7.7
