frame,ball_x,5_x,10_x,11_x,14_x,27_x,66_x,68_x,7621_x,ball_y,5_y,10_y,11_y,14_y,27_y,66_y,68_y,7621_y,10_vx,10_vy,11_vx,11_vy,14_vx,14_vy,27_vx,27_vy,5_vx,5_vy,66_vx,66_vy,68_vx,68_vy,7621_vx,7621_vy
0,12.330612244897956,31.056496733595676,12.330612244897956,32.521088435374146,27.329251700680263,21.11555807413344,15.9360544217687,5.985034013605437,20.118367346938783,17.42857142857143,20.997244625231573,17.42857142857143,12.142857142857146,-0.5714285714285791,11.867098211959133,-27.857142857142858,0.8571428571428541,31.71428571428571,,,,,,,,,,,,,,,,
1,12.82140731823611,30.935272649733584,12.428047225846857,32.29669722551298,27.356594088243025,21.31476404214861,16.188569791808924,6.069851257583791,20.028644354066728,15.771903105106063,20.879478831175646,17.404512863708888,12.097053809327575,-0.773761611712064,11.761515117011035,-27.95139763521881,0.8192267077052222,31.777247090833225,,,,,,,,,,,,,,,,
2,13.3024836772507,30.818491069316416,12.533734576653435,32.085872994777205,27.382900234624802,21.504206758797295,16.436229097718673,6.155302361142592,19.947788094024112,14.148040094976643,20.759392239371778,17.374519974620554,12.047916767099077,-0.9679543150116802,11.660952588498649,-28.030596070949134,0.7808919717522076,31.833719770362023,,,,,,,,,,,,,,,,
3,13.773841321941788,30.706166381649272,12.647515463695102,31.888362684157553,27.408190105071668,21.684224645531557,16.679225332838207,6.241389568792668,19.875627872924024,12.556982398183179,20.637069912099317,17.33870275869539,11.995529506969609,-1.1543837129370271,11.56523659962296,-28.09517838999568,0.7421371670596386,31.883828667080845,,,,,,,,,,,,,,,,
4,14.23548025230933,30.598312976037313,12.769231053349234,31.70391323464482,27.432483664829498,21.855156123803376,16.91775149050767,6.328115125044976,19.81199299687961,10.998730014725652,20.512596911637562,17.29717121332239,11.939975519737112,-1.333426837097772,11.474193123585016,-28.145584818020335,0.702960811403353,31.927698695198263,2.4279584481786487,-0.8262310119008122,-3.699111350624641,-1.1077401127315867,0.4866698049964363,-3.595943747599937,3.432166423517324,-1.8278305927192302,-2.156492540033475,-2.4860575180622893,4.778242886996919,-1.0257375869664387,1.7346009054812885,-0.7835864020922942,-1.2795252763637115,0.8823971306957846
5,14.687400468353369,30.494945241785672,12.898722511993242,31.532271587229715,27.455800879144366,22.0173396150648,17.152000564067286,6.415481274410343,19.75671277200395,9.473282944604087,20.386058300265844,17.25003533589053,11.88133829619957,-1.5054607191035236,11.38764813358576,-28.182255580684867,0.663361422559208,31.965454768923024,2.583475827976151,-0.9383176530779938,-3.442955308671551,-1.1694048388328526,0.46714289613650595,-3.455758904500091,3.2572066833091835,-1.7378608719449822,-2.0667791128269943,-2.5273697362616936,4.692701204799618,-0.751024279764729,1.7474127677428464,-0.7920470658499789,-1.11243225298799,0.760118042842259
6,15.129601970073876,30.39607756819952,13.035831006004504,31.373184682903027,27.478161713262203,22.17111354076785,17.382165546857195,6.50349026139971,19.709616504410214,7.980641187818455,20.257539140263475,17.19740512378878,11.819701327154913,-1.6708623905638964,11.30542760282623,-28.205630903651183,0.623337518302998,31.997221802463805,2.7358165353216686,-1.0482043464755313,-3.1918604469033536,-1.2293997489750803,0.4480152921963613,-3.323114693592775,3.0890153721414033,-1.651371687150781,-1.9767778995178173,-2.566980708874686,4.611019389406192,-0.4851154857999416,1.7602695202221115,-0.8005373740910174,-0.9487531073500576,0.6403372391622497
7,15.56208475747082,30.30172434458396,13.180397701760484,31.22639946265552,27.499586132429016,22.316816322364502,17.608439432217622,6.5921443305238885,19.670533500211484,6.5208047443687756,20.127124493909772,17.139390574406146,11.75514810340109,-1.8300088830885572,11.227357504507403,-28.21615101258111,0.5828876164105511,32.023124710029236,2.8849805702151246,-1.155891092093516,-2.9458267653199193,-1.2877248431581683,0.4292869931758401,-3.198011114878109,2.9275924900141246,-1.5683630383365457,-1.8864889001056797,-2.60489043590138,4.533197440816496,-0.22801120507212747,1.7731711629191236,-0.8090573268153955,-0.7884878394496195,0.5230547196555437
8,15.984848830544278,30.211899960244136,13.33226376563851,31.091662867477936,27.520094101890802,22.454786381306825,17.83101521348879,6.681445726293787,19.63929306552093,5.093773614255056,19.994899423484053,17.07610168513159,11.687762115736076,-1.983277228287096,11.153263811830291,-28.214256133136466,0.5420102346577296,32.043288405828015,3.030967932656741,-1.2613778899318255,-2.704854263921398,-1.3443801213821716,0.41095799907516545,-3.080448168355916,2.7729380369272856,-1.4888349255022857,-1.7959121145907728,-2.64109891734163,4.459235359030669,0.02028856241898727,1.7861176958337082,-0.8176069240231126,-0.6316364492867267,0.40827048432253676
9,16.397894189294185,30.12661880448518,13.49127036401602,30.96872183836103,27.53970558689353,22.585362139046786,18.05008588401084,6.771396693220331,19.615724506451592,3.699547797477277,19.860948991265637,17.00764845335412,11.617626854957798,-2.1310444577691516,11.082972497995875,-28.200386490979113,0.5007038908203515,32.05783780406881,3.1737786226462252,-1.3646647399905727,-2.4689429427076797,-1.3993655836471264,0.3930283098941344,-2.970425854026266,2.625052012880806,-1.4127873486480063,-1.7050475429730478,-2.6756061531956115,4.389133144048631,0.25978381667308814,1.799109118966027,-0.8261861657142802,-0.47819893686140946,0.2959845331628636
10,16.801220833720592,30.045895266612284,13.657258663270396,30.85732331629558,27.558440552683212,22.7088820170365,18.26584443712398,6.861999475814361,19.599657129116657,2.338127294035429,19.725358259533834,16.93414087646266,11.54482581186425,-2.2736876031443654,11.016309536205169,-28.174982311770925,0.45896710267425017,32.066897818960285,3.313412640183791,-1.465751642269605,-2.238092801678775,-1.4526812299530079,0.375497925632869,-2.8679441718892016,2.4839344178746456,-1.3402203077738406,-1.6138951852527077,-2.7084121434632533,4.322890795870486,0.490474557690419,1.8121454323158483,-0.8347950518887873,-0.32817530217370866,0.18619686617664605
11,17.194828763823455,29.969743735930543,13.830069829779093,30.75721424227233,27.576318964505806,22.825684436727926,18.478483866168403,6.9532563185867735,19.590920239629256,1.0095121039295407,19.58821229056799,16.85568895184625,11.469442477253352,-2.4115836960223427,10.953100899659216,-28.13848382117369,0.41679838799526353,32.07059336471115,3.449869985269263,-1.5646385967691752,-2.0123038408347225,-1.5043270602997638,0.3583668462913993,-2.773003121944664,2.349585251909027,-1.2711338028796146,-1.5224550414294669,-2.7395168881445127,4.260508314496109,0.7123607854708778,1.8252266358835354,-0.8434335825466474,-0.18156554522357332,0.07890748336387385
12,17.5787179796028,29.898178601745105,14.00954502991942,30.668141557282027,27.593360787607313,22.93610781957308,18.688197164484308,7.045169466048453,19.589343144102457,-0.28629777284039704,19.44959614664738,16.77240267689383,11.391560341923075,-2.545109768012717,10.893172561558957,-28.091331244849286,0.3741962645592099,32.069049355530026,3.5831506579028174,-1.6613256034890307,-1.7915760601755437,-1.5543030746875375,0.3416350718696241,-2.6856027041926414,2.2220045149837375,-1.2055278339653697,-1.4307271115034275,-2.7689203872394024,4.201985699925522,0.925442500014455,1.8383527296689046,-0.8521017576878757,-0.038369666011094795,-0.025883615275351546
13,17.95288848105858,29.831214253361072,14.19552543006883,30.589852202315456,27.609585987233707,23.040490587023974,18.895177325411865,7.137741162710257,19.594755148649416,-1.5493023362743894,19.309594890051336,16.684392048994418,11.31126289667136,-2.674642850725117,10.836350495105386,-28.033964808459537,0.33115925014192243,32.06239070562563,3.713254658084278,-1.7558126624293633,-1.5759094597011674,-1.602609273116085,0.3253026023676344,-2.6057429186332275,2.1011922070989892,-1.1434024010311052,-1.3387113954744883,-2.796622640747951,4.147322952158744,1.1297197013210993,1.8515237136718705,-0.8607995773124838,0.1014123354639399,-0.12817642974123292
14,18.317340268190875,29.768865080083646,14.387852196604726,30.52209311836337,27.625014528631006,23.139171160532662,19.09961734229126,7.230973653083126,19.606985559383233,-2.7795015863724357,19.168293583059192,16.591767065536935,11.228633632296173,-2.8005599757691897,10.782460673499537,-27.966824737666304,0.28768586251922446,32.05074232920659,3.840181985813819,-1.8480997735899907,-1.3653040394116642,-1.6492456555856698,0.3093694377853291,-2.533423765266275,1.987148328254509,-1.084757504076776,-1.2464078933429634,-2.822623648670149,4.096520071195815,1.3251923893909021,1.8647395878924322,-0.869527041420473,0.2377804592013481,-0.22797096003348616
15,18.672073340999603,29.711145471217936,14.586366495904496,30.464611246416496,27.63966637704517,23.232487961551133,19.301710208462723,7.3248691816779035,19.625863682417048,-3.9768955231345227,19.025777287950262,16.49463772391043,11.143756039595438,-2.9232381747545206,10.731329069942412,-27.890351258131407,0.2437746194669731,32.03422914048164,3.963932641091275,-1.9381869369710358,-1.159759799306944,-1.6942122220960898,0.2938355781227691,-2.468645244091908,1.879872878450399,-1.0295931431026568,-1.1538166051086207,-2.8469234110060575,4.049577057036718,1.5118605642239251,1.8780003523308153,-0.8782841500117748,0.3707347052011098,-0.32526720615245663
16,19.017087699484847,29.65806981606911,14.790909494345517,30.417153527465622,27.6535614977222,23.320779411531433,19.5016489172664,7.419429993005486,19.65121882386397,-5.141484146560678,18.882131067003854,16.39311402150384,11.056713609367169,-3.0430544792907814,10.682781657634989,-27.80498459551673,0.19942403876098214,32.01297605365938,4.084506623916795,-2.0260741525724666,-0.9592767393871479,-1.7375089726474562,0.27870102337994396,-2.4114073551101636,1.7793658576867293,-0.9779093181084063,-1.0609375307714077,-2.8695219277554833,4.00649390968141,1.6897242258199745,1.8913060069868135,-0.8870709030865538,0.5002750734633565,-0.420065168097819
17,19.352383343646544,29.609652503942247,15.001322358305233,30.3794669025015,27.666719855908077,23.40438393192558,19.699626462042517,7.514658331576713,19.68288028983713,-6.273267456650874,18.737439982499282,16.287305955706163,10.967589832409265,-3.160385920987562,10.636644409778297,-27.71116497548411,0.1546326381770845,31.987107982948565,4.201903934290299,-2.1117614203943242,-0.7638548596521538,-1.7791359072397686,0.26396577355687406,-2.361710098320919,1.685627265963591,-0.9297060290941366,-0.9677706703313353,-2.8904191989186097,3.9672706291299114,1.858783374179193,1.9046565518605212,-0.8958873006446448,0.6264015639878856,-0.5123648458697667
18,19.677960273484693,29.565907924142525,15.21744625416104,30.3512983125149,27.679161416848775,23.483639944185565,19.895835836131255,7.610556441902559,19.720677386449644,-7.372245453405114,18.59178909671587,16.177323523906388,10.87646819951972,-3.2756095314545104,10.592743299573286,-27.609332623695316,0.10939893549114231,31.95674984255779,4.316124572211782,-2.1952487404364414,-0.5734941601019932,-1.8190930258730122,0.24962982865351896,-2.3195534737241768,1.5986571032807413,-0.8849832760598427,-0.8743160237885255,-2.909615224495385,3.9319072153823242,2.0190380093015596,1.9180519869518418,-0.9047333426860616,0.7491141767750418,-0.6021662394682993
19,19.99381848899936,29.526850465975112,15.439122348290299,30.332394698496525,27.690906145790294,23.558885869763436,20.0904700328728,7.7071265684938375,19.764439419814632,-8.43841813682343,18.44526347193296,16.063276723493466,10.783432201496465,-3.3891023423012743,10.550904300221015,-27.499927765812295,0.06372144847891605,31.92202654669579,4.427168537681212,-2.2765361126990404,-0.3881946407366143,-1.8573803285470238,0.2356931886698987,-2.284937481320071,1.5184553696383416,-0.843741059005626,-0.7805735911429473,-2.9271100044858187,3.9004036684384635,2.170488131187013,1.931492312260828,-0.9136090292108591,0.8684129118245005,-0.6894693488933255
20,20.29995799019049,29.492494518745104,15.666191807070435,30.3225030014372,27.701974007978613,23.63046013011123,20.283722045607334,7.804370955861439,19.813995696045176,-9.471785506905796,18.297948170429823,15.945275551856405,10.688565329137441,-3.5012413851374387,10.510953384922438,-27.38339062749682,0.01759869491629672,31.883063009571213,4.535035830698755,-2.3556235371819807,-0.20795630155616002,-1.8939978152621244,0.22215585360602363,-2.257862121108455,1.4450220650362917,-0.8059793779313953,-0.6865433723945507,-2.942903538889903,3.8727599882984753,2.313133739835616,1.944977527787456,-0.9225143602190515,0.9842977691363124,-0.7742741741448759
21,20.596378777058057,29.462854471757662,15.89849579687885,30.32137016232767,27.712384968659737,23.69870114668092,20.475784867675074,7.9022918485162705,19.869175521254498,-10.472347563652185,18.149928254485808,15.82343000638418,10.591951073240619,-3.6124036915726516,10.472716526878592,-27.260161434410758,-0.02897080742089713,31.839984145392688,4.639726451264226,-2.432511013885353,-0.03277914256053878,-1.9289454860180852,0.20901782346187348,-2.238327393089464,1.3783571894746718,-0.7716982328371862,-0.5922253675434266,-2.956995827707586,3.848976174962297,2.4469748352474485,1.9585076335319451,-0.9314493357106111,1.0967687487105995,-0.8565807152230824
22,20.883080849602123,29.437944714317904,16.13587548409292,30.32874312215868,27.722158993079635,23.763947340924553,20.666851492416185,8.000891490969193,19.929808201555623,-11.440104307062668,18.001288786380226,15.697850084465765,10.49367292460398,-3.7229662932165457,10.436019699290442,-27.130680412215952,-0.07598854075682765,31.792914868368978,4.741240399377672,-2.5071985428091383,0.13733683625024,-1.9622233408150032,0.1962790982375192,-2.226333297262945,1.3184607429534623,-0.7408976237228717,-0.49761957658939227,-2.9693868709389397,3.829052228429889,2.572011417422218,1.9720826294938758,-0.9404139556855796,1.2058258505472708,-0.9363889721277122
23,21.160064207822657,29.417779635731016,16.37817203509008,30.344368821920966,27.73131604648431,23.826537134294135,20.857114913170868,8.100172127731096,19.99572304306168,-12.375055737137162,17.852114828392388,15.568645783490147,10.393814374025425,-3.833306221678741,10.400688875359,-26.995387786574263,-0.12345598731568601,31.741980092708673,4.839577675039192,-2.5796861239531763,0.302391634876236,-1.9938313796528007,0.18393967793283902,-2.2218798336289947,1.265332725472693,-0.7135775505886548,-0.402725999532661,-2.980076668583992,3.81298814870135,2.6882434863602964,1.985702515673558,-0.9494082201438735,1.3114690746463862,-1.0136989448589062
24,21.427328851719658,29.402373625302047,16.625226616247712,30.36799420260531,27.739876094119733,23.886808948241715,21.04676812327932,8.200136003312894,20.06674935188584,-13.277201853875724,17.702491442801627,15.435927100846289,10.292458912302935,-3.9438005085688745,10.366550028285282,-26.854723783147502,-0.17137462932162947,31.687304732620486,4.934738278248669,-2.649973757317687,0.4623852533173687,-2.0237696025314778,0.1719995625479242,-2.224967002187617,1.2189731370323333,-0.689738013434383,-0.3075446363731412,-2.9890652206426327,3.80078393577662,2.795671042061381,1.9993672920709895,-0.9584321290854929,1.4136984210080474,-1.0885106334166748
25,21.684874781293125,29.391741072336238,16.876880393943225,30.399366205202483,27.747859101231906,23.945101204219277,21.236004116081716,8.300785362225415,20.14271643414119,-14.146542657278355,17.552503691887242,15.29980403392319,10.18969003023447,-4.054826185496541,10.33342913127028,-26.70912862759754,-0.21974594899881056,31.62901370231309,5.026722209006121,-2.7180614429026098,0.6173176915735568,-2.0520380094510866,0.16045875208271398,-2.2355948029387642,1.1793819776323131,-0.6693790122601785,-0.21207548711083332,-2.996352527114974,3.792439589655741,2.8942940845256047,2.0130769586860193,-0.9674856825105212,1.5125138896318897,-1.1608240378009678
26,21.932701996543095,29.38589636613868,17.132974534554016,30.438231770703208,27.755285033066787,24.00175232367888,21.425015884918274,8.402122448979583,20.223453595940867,-14.983078147345013,17.402236637928564,15.160386580109854,10.085591218617985,-4.166760284071422,10.301152157514986,-26.55904254558619,-0.2685714285714397,31.567231915995173,5.115529467311593,-2.7839491807078782,0.7671889496449626,-2.078636600411713,0.14931724653731998,-2.253763235882486,1.146559247272774,-0.6525005470659193,-0.11631855174563557,-3.0019385880009244,3.78795511033853,2.984112613752997,2.026831515518731,-0.9765688804189581,1.6079154805182478,-1.2306391580118763
27,22.170810497469496,29.384853896014505,17.39335020445747,30.48433784009828,27.762173854870387,24.057100728072548,21.61399642312915,8.504149508086286,20.308790143397992,-15.786808324075748,17.2517753432049,15.017784736795214,9.980245968251424,-4.279979835903105,10.269545080220404,-26.404905762775336,-0.3178525502636259,31.502084287875377,5.201160053165058,-2.847636970733575,0.9119990275315972,-2.103565375413176,0.13857504591152905,-2.279472301018733,1.120504945953595,-0.6391026178516263,-0.020273830277750822,-3.0058234033005258,3.7873304978253137,3.06512662974353,2.0406309625691126,-0.9856817228107211,1.6999031936671225,-1.2979559940492085
28,22.3992002840724,29.38862805126887,17.657848570030993,30.537431354378416,27.768545531888687,24.11148483885223,21.803138724054584,8.606868784056378,20.39855538262566,-16.557733187470514,17.101204869995566,14.872108501368267,9.873737769932738,-4.394861872601219,10.23843387258753,-26.247158504826796,-0.3675907962995797,31.43369573216235,5.283613966566544,-2.90912481297956,1.0517479252334185,-2.1268243344555273,0.1282321502055238,-2.3127219983474827,1.101219073674886,-0.62918522461741,0.0760586772930744,-3.0080069730137646,3.7905657521157927,3.13733613249722,2.0544752998372378,-0.9948242096858508,1.7884770290783898,-1.3627745459130434
29,22.61787135635177,29.397233221206932,17.92631079765198,30.597259254534418,27.774420029367697,24.165243077470024,21.99263578103467,8.71028252140075,20.49257861973701,-17.295852737529337,16.9506102805799,14.723467871218007,9.76615011445988,-4.511783425775416,10.20764450781737,-26.086240997402403,-0.4177876489034631,31.36219116306482,5.36289120751595,-2.96841270744596,1.1864356427502134,-2.148413477538834,0.11828855941923315,-2.353512327868895,1.0887016304366166,-0.6227483673631286,0.17267897096658658,-3.008489297140661,3.7976608732102015,3.2007411220139548,2.068364527322893,-1.0039963410443888,1.8736369867519789,-1.4250948136034627
30,22.826823714307622,29.410683795133803,18.19857805369785,30.663568481557025,27.779817312553345,24.218713865377893,22.182680587409727,8.814392964630285,20.590689160845173,-18.001166974252204,16.800076637237204,14.571972843733397,9.657566492630814,-4.6311215270352974,10.177002959110931,-25.922593466164027,-0.4684445902994383,31.28769549479145,5.438991776013343,-3.0255006541328595,1.316062180082318,-2.1683328046630987,0.1087442735527182,-2.401843289582742,1.082952616238616,-0.6197920460889299,0.2695870507428768,-3.0072703756811787,3.80861586110829,3.25534159829384,2.0822986450263916,-1.013198116886184,1.9553830666880039,-1.4849167971205186
31,23.026057357939916,29.428994162354623,18.474491504546002,30.736105976437006,27.784757346691666,24.272235624027925,22.37346613651985,8.919202358255927,20.692716312063276,-18.673675897639143,16.64968900224681,14.417733416303443,9.548070395243501,-4.753253207990493,10.146335199669188,-25.756656136773476,-0.5195631027116772,31.21033364155092,5.511915672058832,-3.08038865304008,1.4406275372295387,-2.186582315828228,0.09959929260596868,-2.4577148834892086,1.083972031081056,-0.6203162607946665,0.36678291662202644,-3.004350208635416,3.823430715810371,3.3011375613369345,2.0962776529474167,-1.0224295372114567,2.033715268886432,-1.5422404964640377
32,23.21557228724872,29.452178712174543,18.753892316573808,30.814618680165058,27.789260097028638,24.326146774872093,22.565185421705287,9.024712946788428,20.79848937950438,-19.313379507690126,16.49953243788801,14.260859586317103,9.437745313095878,-4.878555500250655,10.115467202693186,-25.588869234892655,-0.5711446683643467,31.13023051755188,5.581662895652318,-3.133076704167607,1.5601317141919888,-2.2031620110342542,0.09085361657891361,-2.521127109588186,1.0917598749639983,-0.6243210114803741,0.4642665686039649,-2.9997287960031738,3.8421054373161425,3.33812901114317,2.110301551086218,-1.031690602020097,2.108633593347358,-1.5970659116339805
33,23.39536850223396,29.480251833898688,19.036621656158687,30.89885353373202,27.79334552881024,24.380785739362395,22.758031436306176,9.13092697473882,20.90783766928167,-19.920277804405163,16.34969200644015,14.101461351163353,9.3266747369859,-5.007405435425382,10.08422494138386,-25.419672986183347,-0.6231907694816042,31.04751103700299,5.6482334467937445,-3.1835648075155945,1.6745747109695133,-2.2180718902812107,0.08250724547158333,-2.5920799678796826,1.1063161478873191,-0.6318062981461282,0.5620380066886101,-2.993406137784665,3.8646400256258224,3.3663159477123688,2.1243703394426108,-1.0409813113120765,2.1801380400706254,-1.6493930426305987
34,23.565446002895698,29.513227916832214,19.32252068967806,30.98855747812862,27.797033607282476,24.436490938950918,22.952197173662782,9.237846686617882,21.020590487508244,-20.49437078778425,16.200252770182505,13.939648708231186,9.214942157711544,-5.140180045124328,10.05243438894227,-25.249507616307408,-0.6757028882876358,30.962300114112963,5.711627325483203,-3.2318529630839254,1.783956527562204,-2.231311953569097,0.07456017928408948,-2.6705734583637937,1.1276408498510695,-0.6427721207919084,0.6600972308761855,-2.9853822339797826,3.8910344807392896,3.385698371044846,2.138484018016803,-1.0503016650873946,2.248228609056346,-1.69922188945372
35,23.725804789233905,29.55112135028026,19.611430583509303,31.083477454345612,27.800344297691307,24.49360079508963,23.147875627115233,9.345474326936554,21.136577140297234,-21.03565845782739,16.051299791394456,13.775531654909605,9.10263106607075,-5.277256360957084,10.019921518569399,-25.078813350926687,-0.7286825070066135,30.874722663090456,5.771844531720597,-3.2779411708726856,1.8882771639699714,-2.242882200897981,0.06701241801627993,-2.7566075810404875,1.155733980855109,-0.6572184794175937,0.7584442411663667,-2.975657084588598,3.9212888026565786,3.396276281140301,2.152642586808458,-1.0596516633461364,2.3129053003044313,-1.7465524521034475
36,23.87644486124858,29.593946523547945,19.90319250402979,31.183360403373747,27.80329756528275,24.552453729230585,23.34525979000371,9.453812140205663,21.25562693376173,-21.544140814534586,15.90291813235527,13.60922018858755,8.989824952861456,-5.419011414533305,9.986512303466226,-24.908030415703074,-0.7821311078626897,30.784903598144112,5.828885065506077,-3.321829430881822,1.987536620193119,-2.2527826322676545,0.05986396166815462,-2.8501823359096576,1.1905955408996196,-0.6751453740234172,0.8570790375594479,-2.9642306896109654,3.9554029913776576,3.3980496779990776,2.1668460458180605,-1.069031306088203,2.374168113815073,-1.7913847305797397
37,24.01736621893972,29.641717825940468,20.197647617616973,31.287953266203797,27.805913375302776,24.613388162825768,23.54454265566848,9.562862370936166,21.377569174014894,-22.019817857905835,15.75519285534428,13.440824306654022,8.87660730888163,-5.565822237462625,9.952032716833763,-24.73759903629833,-0.8360501730800265,30.692967833482648,5.882748926839505,-3.363517743111332,2.0817348962312727,-2.2610132476783265,0.05311481023978463,-2.9512977229714403,1.2322255299846017,-0.6965528046090902,0.9560016200553386,-2.951103049047046,3.9933770469025998,3.3910185616208928,2.1810943950450232,-1.0784405933137067,2.432017049588019,-1.8337187248824152
38,24.14856886230735,29.694449646762852,20.49463709064821,31.397002983826496,27.808211692997364,24.676742517327213,23.74591721744965,9.672627263638887,21.502233167169827,-22.46268958794113,15.6082090226408,13.270454006498003,8.763061624929207,-5.718065861354664,9.91630873187303,-24.56795943837437,-0.890441184882825,30.599040283314714,5.93343611572094,-3.4030061075611773,2.1708719920846513,-2.2675740471298607,0.046764963731180026,-3.059953742225663,1.280623948109911,-0.7214407711748394,1.0552119886539957,-2.9362741628967006,4.035210969231234,3.3751829320058224,2.1953876344898653,-1.0878795250224935,2.486452107623416,-1.8735544350117037
39,24.270052791351425,29.75215637532035,20.794002089500935,31.51025649723265,27.810212483612492,24.74285521418696,23.949576468687468,9.78310906282475,21.629448219339658,-22.872756004640486,15.462051696524172,13.098219285508465,8.649271391802198,-5.876119317819035,9.87916632178499,-24.399551847592978,-0.9453056254952179,30.50324586184897,5.9809466321503,-3.440294524231483,2.254947907753077,-2.2724650306224086,0.04081442214229013,-3.176150393672581,1.3357907952756518,-0.7498092737205855,1.154710143355483,-2.9197440311601683,4.080904758363784,3.350542789153862,2.2097257641523216,-1.0973481012147175,2.5374732879211175,-1.9108918609675785
40,24.381818006072017,29.814852400918056,21.095583780552513,31.627460747412965,27.811935712394163,24.812064674857005,24.155713402722085,9.894310013004578,21.759043636637475,-23.250017108003885,15.316805939273685,12.924230141074387,8.535320100298486,-6.040359638465386,9.840431459770679,-24.232816489616035,-1.0006449771414014,30.405709483294146,6.025280476127751,-3.4753829931221967,2.333964655383991,-2.275687436677626,0.035263185473196144,-3.2998876773119905,1.3973444618252988,-0.7814620767341349,1.2544960841597186,-2.901512653837152,4.130458414300154,3.3170981330651026,2.2240808370178256,-1.1068278663144848,2.585080590481479,-1.9457310027499282
41,24.483864506469047,29.882552112861113,21.39922333018039,31.748362675358248,27.81340134458839,24.884709320789387,24.364521012893714,10.006232358689335,21.89084872517644,-23.594472898031317,15.17255681316866,12.748596570584773,8.421291241216093,-6.211163854903311,9.799930119031076,-24.06819359010537,-1.0564607220455087,30.306556061858867,6.066437647653128,-3.5082715142332472,2.407932295713531,-2.277247457904845,0.03011125372367473,-3.43116559314395,1.4633768994768046,-0.8154180026544514,1.354569811066649,-2.881580030927765,4.183871937040248,3.2748489637394367,2.2383131180124436,-1.1162265424431423,2.629274015304007,-1.9780718603588192
42,24.576192292542558,29.955269900454677,21.70476190476191,31.87270922205919,27.81462934544111,24.96112757343611,24.576192292542558,10.118878344389866,22.024692791069626,-23.906123374722835,15.029389380488396,12.571428571428585,8.307268305352906,-6.388908998742488,9.757488272767194,-23.906123374722835,-1.1127543424317647,30.205910511751803,6.104418146726587,-3.5389600875646985,2.4768629016252985,-2.27715252543501,0.02535862689407103,-3.5699841411684132,1.5315984502914508,-0.8504996384083952,1.454931324076583,-2.859946162432112,4.241145326584371,3.223795281177005,2.2522549250479944,-1.125433396145856,2.670053562389054,-2.0079144337943493
43,24.76643417827362,30.033020153003847,22.0120406706745,32.000248032758144,27.81563968019837,25.04152429086944,24.790920235008763,10.232240433161902,22.160405140430246,-23.367308476731594,14.887388703512267,12.392836140994781,8.193334350024287,-6.573972101592501,9.713000576609279,-23.74704606913029,-1.1695208610727592,30.103897747181637,6.139221973347984,-3.567448713116521,2.5407685460026377,-2.275410070399319,0.021005304984121106,-3.7163433213854837,1.5997194563306032,-0.8855295709225984,1.5555806231891713,-2.8366110483501004,4.302278582932114,3.1639370853776376,2.265738576036067,-1.1343376939681624,2.7074192317364,-2.035258723056248
44,24.95099720174405,30.115817259813795,22.320900794295568,32.13072956970353,27.816452314106062,25.12557007764265,25.008897833632567,10.346271962240522,22.297815079371297,-22.844577605546053,14.746639844519562,12.212929276672385,8.079570698614933,-6.766730195063008,9.666636415904705,-23.591401898989528,-1.2267294629351264,30.00064268235706,6.170849127517386,-3.5937373908887222,2.5996613017292183,-2.2720275239287138,0.017051287993946763,-3.8702431337950056,1.665450259655614,-0.9193303871240028,1.6565177084046208,-2.811574688681704,4.367271706083752,3.0952743763412562,2.2785963888884497,-1.1428287024555321,2.7413710233463964,-2.060104728144825
45,25.129881362953867,30.203675610189656,22.631183442002516,32.26390499939535,27.81708721241029,25.21280197492922,25.23031808175418,10.460916487405685,22.436751914005995,-22.337930761166234,14.607227865789561,12.031817975850359,7.966058241026954,-6.967560310763608,9.618633858430092,-23.43963108996242,-1.2843428735338744,29.896270231486692,6.199299609234753,-3.6178261208813454,2.6535532416883805,-2.2670123171542724,0.013496575923476997,-4.031683578397217,1.7265012023279012,-0.9507246739393181,1.7577425797229385,-2.784837083426947,4.43612469603924,3.0178071540681977,2.290660681516466,-1.1507956881532937,2.7719089372186434,-2.0824524490599057
46,25.30308666190303,30.29660959343656,22.94272978017273,32.39952548833357,27.817564340356935,25.30275702390267,25.45537397271371,10.576117564437373,22.577044950447398,-21.84736794359213,14.469237829601637,11.849612235917682,7.852877867162436,-7.176839480303955,9.56923097196208,-23.292173867710805,-1.3423238183840749,29.790905308779283,6.224573418500165,-3.6397149030943496,2.7024564387638397,-2.26037188120702,0.010341168772711738,-4.200664655191878,1.7805826264087643,-0.9785350182954233,1.8592552371438427,-2.756398232585779,4.508837552798447,2.9315354185581444,2.3017637718318538,-1.1581279176068895,2.799032973353528,-2.1023018858015003
47,25.470613098591606,30.394633598859674,23.2553809751836,32.53734220301819,27.817903663192045,25.39497226573647,25.6842584998514,10.691818749115535,22.718523494808714,-21.3728891528237,14.332754798235088,11.666422054263334,7.740110466923436,-7.394944735293638,9.518665824277278,-23.149470457896594,-1.4006350230008378,29.684672828443457,6.246670555313653,-3.6594037375276645,2.746380953691657,-2.252112408696176,0.0075850665416611705,-4.377186364179119,1.8257864836161273,-1.0017802426311255,1.9610556806677182,-2.7262581361583154,4.585410276361585,2.836459169811362,2.311765924760972,-1.1647331129374185,2.8227431317505025,-2.1196530383697003
48,25.632460673019494,30.497762015764142,23.568978193412555,32.67710630994918,27.818125146161606,25.488984741604153,25.91716465650745,10.807963597220098,22.861016853202965,-20.914494388861023,14.197863833969228,11.482357428276302,7.627836930212097,-7.622253107342337,9.467176483152315,-23.0119610861815,-1.4592392128991616,29.5776977046879,6.265591019675052,-3.6768926241814155,2.785328798619112,-2.2422351381435712,0.005228269230497876,-4.561248705358902,1.8617311642933942,-1.0202641114343838,2.0631439102943405,-2.694416794144522,4.665842866728562,2.7325784078275452,2.320639193289173,-1.170592818569194,2.843039412410104,-2.134505906764384
49,25.788629385186802,30.606009233455023,23.883362601236968,32.81856897562653,27.818248754511558,25.584331492679176,26.154285436022015,10.924495664531015,23.00435433174336,-20.472183651704032,14.064649999083374,11.297528355345563,7.516138146930449,-7.859141628059645,9.415001016363796,-22.880085978227484,-1.5180991135941762,29.470104851721278,6.281334811584406,-3.692181563055533,2.8192999735462356,-2.2307400695492055,0.0032707768388766916,-4.752851678731218,1.888416668440738,-1.0339866247050669,2.1655199260237414,-2.6608742065443067,4.750135323899167,2.619893132606958,2.3283835774163,-1.1757070345021485,2.8599218153321098,-2.146860490985521
50,25.939119235093457,30.719389641237548,24.19837536503428,32.961481366550224,27.81829445348795,25.680549560135084,26.395813831735317,11.041358506828242,23.148365236542922,-20.045956941352742,13.933198355856856,11.112044832860098,7.405095006980625,-8.105987329055193,9.362377491688385,-22.75428535969631,-1.5771774506008558,29.362019183752242,6.293901931041785,-3.7052705541500823,2.848294478473027,-2.217627202913171,0.0017125893671833762,-4.951995284296115,1.9058429960579046,-1.042947782443362,2.2681837278559507,-2.625630373357802,4.838287647873714,2.498403344149368,2.334999077142424,-1.1800757607364873,2.8733903405165195,-2.156716791033283
51,26.083930222739504,30.837917628416815,24.513857651181837,33.10559464922022,27.818282208336736,25.777175985145337,26.641942836987564,11.158495679891733,23.292878873714834,-19.635814257807176,13.803593966568979,10.92601685820889,7.294788400264683,-8.363167241938624,9.30954397690267,-22.634999456249886,-1.6364369494343445,29.253565614989526,6.303292378047178,-3.716159597464937,2.872312313399467,-2.2028965382352963,0.0005537068151539854,-5.158679522053576,1.9140101471453004,-1.0471475846490967,2.371135315790888,-2.5886852945848857,4.930299838652141,2.368109042455149,2.3404856924675084,-1.18369899727188,2.883444987963201,-2.164074806907702
52,26.2230623481249,30.961607584297965,24.82965062605706,33.25065999013653,27.818231984303896,25.87374780888348,26.89286544511889,11.27585073950139,23.437724549372234,-19.241755601067307,13.675921893499053,10.739554428780922,7.185299216684732,-8.631058398319535,9.256738539783319,-22.522668493549983,-1.6958403356096265,29.14486905964176,6.309506152600563,-3.7248486930002684,2.8913534783255783,-2.18654807551572,-0.00020587081726221386,-5.37290439200354,1.9129181217024203,-1.046586031322364,2.474374689828596,-2.550038970225693,5.026171896234344,2.229010227523868,2.3448434233916036,-1.1865767441085766,2.890085757672544,-2.1689345386084744
53,26.356515611249698,31.090473898186143,25.145595456037356,33.39642855579913,27.81816374663545,25.96980207252294,27.14877464946951,11.393367241437222,23.58273156962818,-18.863780971133156,13.550267198926406,10.552767541965153,7.076708346142826,-8.910037829807596,9.204199248106903,-22.417732697258526,-1.7553503346418455,29.036054431917634,6.312543254701928,-3.7313378407559314,2.9054179732513714,-2.1685818147544005,-0.0005661435297302627,-5.594669894146083,1.902566919729703,-1.0412631224630884,2.5779018499692077,-2.509691400280087,5.125903820620364,2.081106899355832,2.348072269914658,-1.188709001246379,2.89331264964402,-2.171295986135918
54,26.48429001211383,31.224530959386485,25.461533307500112,33.542651512708005,27.81809746057735,26.064875817237326,27.40986344337965,11.510988741479164,23.727729240595835,-18.501890368004688,13.426714945130378,10.365766195150606,6.969096678541082,-9.20048256801239,9.152164169650094,-22.320632293037292,-1.814929672045996,28.92724664602576,6.312403684351232,-3.735627040731996,2.9145057981768563,-2.148997755951343,-0.0005271113225851257,-5.823976028481131,1.8829565412269433,-1.0311788580713503,2.6817167962125303,-2.4676425847481696,5.229495611810179,1.9243990579508354,2.3501722320367477,-1.1900957686855964,2.8931256638781875,-2.171159149489746
55,26.606385550717345,31.36379315720415,25.77730534682275,33.68908002736313,27.818053091375564,26.1585060842,27.676324820189468,11.628658795407159,23.872546868388355,-18.156083791681972,13.305350194390236,10.178660385726209,6.862545103781596,-9.502769644543575,9.100871372189488,-22.231807506548147,-1.874541073337163,28.818570616174934,6.309087441548643,-3.737716292928406,2.9186169531019894,-2.127795899106502,-8.877419561364427e-05,-6.060822795008795,1.85408698619421,-1.016333238147052,2.785819528558681,-2.4238925236298816,5.336947269803784,1.7588867033091509,2.3511433097577585,-1.1907370464258389,2.889524800374678,-2.168524028670241
56,26.722802227060242,31.508274880944246,26.092752740382643,33.835465266264514,27.818050604276152,26.250229914584573,27.948351773239143,11.746320959001146,24.01701375911877,-17.826361242164957,13.186258008985343,9.991560111080986,6.757134511766409,-9.817276091010775,9.050558923501715,-22.151698563452943,-1.934147264030409,28.710151256573706,6.302758239757069,-3.7376580595010305,2.9178786597638444,-2.1053306328998715,0.0006211582198899029,-6.3038618644917515,1.8167021531375527,-0.9971087983571736,2.889957479366884,-2.3786116224344354,5.447822202533446,1.5853392262482349,2.351013826420731,-1.1906515385617251,2.8825999981277293,-2.1634564412557356
57,26.833540041142506,31.657990519911934,26.407716654557213,33.981558395912124,27.818109964525046,26.339584349564515,28.22613729586888,11.863918788041104,24.160959218900288,-17.512722719453627,13.069523451194996,9.8045753686039,6.652945792397655,-10.14437893902359,9.001464891363412,-22.08074568941352,-1.9937109696408146,28.60211348143083,6.29423464629204,-3.735714651228702,2.9129270268485055,-2.083373900731171,0.0009641377685401914,-6.546351590743619,1.7745215345881722,-0.975418217035598,2.9928678104333253,-2.332651908708017,5.559937449659443,1.407603580857742,2.349925398739407,-1.1899327655646608,2.872800952108679,-2.15628547513856
58,26.938598992964128,31.812954463412353,26.722038255723863,34.12711058280592,27.81825113736827,26.42610643031331,28.50987438141889,11.981395838306948,24.30421255384597,-17.215168223548012,12.95523158329852,9.617816155683947,6.550059835577407,-10.484455220191704,8.953827343551202,-22.019389110091684,-2.053194915683388,28.49458220495494,6.284498941931824,-3.732200841046017,2.9045253847787316,-2.0640520346800724,0.00017390666386064022,-6.780201998340828,1.732008521582985,-0.9535567081834168,3.0930351159133798,-2.2870358155058814,5.670673458774482,1.2302961120446452,2.3480479667706278,-1.188692952000353,2.8606672962828426,-2.147406035789326
59,27.03797908252514,31.973092702076375,27.035616009972035,34.27191752105388,27.818449389680858,26.509593562481623,28.799603216005597,12.098705578748646,24.44663454871694,-16.933697754448108,12.843407825647,9.43137410795556,6.448433495169777,-10.837410050891648,8.907750460358308,-21.9677997643631,-2.1125683741062304,28.387659305202252,6.274533407454883,-3.727431401887726,2.893437063977524,-2.049491366826303,-0.0025157928808080734,-6.997323111859917,1.6936265051595099,-0.9338194858014196,3.188943989962475,-2.2427857758832808,5.777410677471224,1.0580331647162509,2.3455514705712837,-1.1870443224348282,2.846738664615376,-2.137213028679281
60,27.131680309825505,32.137977631837806,27.348577582239567,34.41595301519611,27.818501194854438,26.590884609628798,29.094752756850312,12.215841130996013,24.588211902866217,-16.668311312153907,12.7338390308786,9.245267414035109,6.347527480886917,-11.20126088656786,8.862802872144444,-21.925071443958316,-2.1718268025894765,28.28135451561914,6.265320323639754,-3.7217211066884093,2.8804253948678946,-2.041818229249433,-0.007871218652155652,-7.189624955877104,1.6638388763546272,-0.9185017638905786,3.2790790267360634,-2.200924222895689,5.87752955334232,0.8954310837795989,2.3426058501982228,-1.1850991014336918,2.8315546910720806,-2.126101359278718
61,27.219702674865257,32.30709324995617,27.66110793717625,34.55923539738056,27.8181583279097,26.67107879979137,29.39459915395072,12.332805529848883,24.72896279429483,-16.419008896665442,12.62625240970332,9.0594959007845,6.246678466403057,-11.57355326743168,8.818419321785898,-21.890028653821666,-2.2309722052461196,28.175654533499497,6.25784197126481,-3.7153847283827335,2.8662537078729136,-2.043158954029262,-0.016658628436618177,-7.349017554968977,1.6471090262055954,-0.9098987564518013,3.3619248203896333,-2.1624735895983647,5.968410533980403,0.7471062141419689,2.3393810457080164,-1.1829695135627385,2.8156550096179584,-2.114465933058744
62,27.30204617764436,32.479923553691016,27.97339203943196,34.70178299975527,27.81717256386728,26.751275361005828,29.698418557304397,12.449601810107108,24.868905401003737,-16.18579050798265,12.520375172831088,8.874059395065505,6.1452231253923895,-11.951832733694546,8.77403455215899,-21.86149589889746,-2.290006586189353,28.070546056137186,6.253080631108499,-3.708737039905486,2.851685333415356,-2.055639873245433,-0.029644280020814304,-7.467410933711758,1.6479003457497163,-0.9103056774860119,3.4359659650785326,-2.1284563090465696,6.047434066978015,0.6176749007104432,2.336046997157692,-1.1807677833880639,2.799579254218586,-2.102701655490033
63,27.378710818162865,32.65595254030187,28.285614853656558,34.84361415446828,27.815295677747898,26.832573521308692,30.005487116908956,12.566233006570524,25.008057900993997,-15.9686561461056,12.415934530971851,8.688957723740042,6.042498131529107,-12.333644825567763,8.729083306140012,-21.838297684130083,-2.348931949532201,27.966015780826154,6.251854870486214,-3.7020403520353584,2.8373563801814523,-2.0810329302976696,-0.04746672156011905,-7.538063445919249,1.6699323275178959,-0.9216352053271845,3.4999396225989026,-2.099724408786534,6.112417191995678,0.5109840975743956,2.3327453212610996,-1.1785874313809517,2.7837771198449994,-2.0911376144648126
64,27.449696596420733,32.834664207048306,28.597961344499897,34.984747193667644,27.81227944457223,26.916072508736473,30.315080982762023,12.68270215403891,25.146438472266574,-15.767605811034235,12.312657694835568,8.504190713669942,5.937840158487413,-12.716535083262732,8.683000326605281,-21.81925851446383,-2.4077502993877733,27.86205040486027,6.254328402860987,-3.6953471269281444,2.823394069907882,-2.1196925138658753,-0.07025366268578641,-7.559626762354181,1.7139488700162222,-0.9442698756423237,3.5535932253101308,-2.07644829432726,6.162923316965661,0.427803195551683,2.3295043413611585,-1.1764471616356085,2.7683385454916007,-2.079839627561779
65,27.515003512417945,33.01554255118984,28.910616476611835,35.12520044950129,27.807875639360986,27.00287155132571,30.626476304861193,12.79901228731214,25.284065292822476,-15.582639502768583,12.210271875132221,8.319758191717028,5.8305858799415065,-13.098049046990816,8.635220356431098,-21.80320289484303,-2.46646363986921,27.75863662553343,6.260501228232867,-3.6886573645839977,2.8097984025947844,-2.171618623950143,-0.09800510339779567,-7.532100883016586,1.7799499732448856,-0.9782096884313007,3.59692677321204,-2.0586279656690203,6.198952441887774,0.36813219464230573,2.326324057457824,-1.1743469741522712,2.753263531158194,-2.0688076947807787
66,27.574631566154554,33.19807156998599,29.22376521464221,35.26499225411739,27.801836037134816,27.094069877112887,30.938949233204085,12.915166441190031,25.42095654066269,-15.413757221308641,12.108504282571714,8.135659984743185,5.720071969565592,-13.475732256963386,8.585178138493793,-21.78895533021206,-2.5250739750895637,27.655761140139568,6.270373346601849,-3.681971065002717,2.796569378242443,-2.236811260550377,-0.13072104369603568,-7.45548580790628,1.8679356372037752,-1.0234546436941319,3.629940266304864,-2.046263422811662,6.220504566762037,0.3319710948461715,2.3232044695509906,-1.1722868689307457,2.7385520768450324,-2.0580418161216882
67,27.628580757630548,33.38173526069635,29.537592523240914,35.40414093966387,27.793912412914413,27.190766714134476,31.251775917788294,13.031167650472419,25.557130393788277,-15.260958966654409,12.00708212786406,7.951895919610258,5.605635101033861,-13.847130253391825,8.53230841566963,-21.775340325515227,-2.5835833091619396,27.553410645972516,6.283944757967964,-3.6752882281844923,2.7837069968504964,-2.315270423666626,-0.16840148358061788,-7.329781537023455,1.9779058618928929,-1.080004741430848,3.652633704588404,-2.0393546657551926,6.227579691588561,0.31931989616345374,2.320145577640767,-1.1702668459711962,2.724204182551804,-2.047541991584796
68,27.676851086845883,33.56601762058038,29.852283367057755,35.54266483828874,27.78385654172047,27.29406129042708,31.56423250861144,13.147018949959122,25.6926050302002,-15.124244738805888,11.905732621719162,7.7684658231801,5.4866119480205064,-14.209788576487487,8.476045930834943,-21.76118238569686,-2.6419936461994147,27.451571840326224,6.301088630551944,-3.6684185946539483,2.7713286007487166,-2.4064810855987107,-0.2106253273755648,-7.156717150852438,2.1089503512593653,-1.1473960669858176,3.6652597978598007,-2.037728344755725,6.220725750289952,0.32929785687067725,2.3171473817271853,-1.1682869052735811,2.710219848278713,-2.0373082211699103
69,27.719442553800587,33.75040264689772,30.16802271074261,35.68058228214012,27.77142019857367,27.40505283402715,31.87559515567111,13.262723374449955,25.8273986278995,-15.003614537763077,11.804182974847006,7.585369522314553,5.362339184199757,-14.561252766461745,8.415825426866045,-21.7453060157013,-2.7003069903151142,27.350231420494595,6.321170805457854,-3.6604108670345816,2.7600209015860893,-2.5078681078459852,-0.2552870967011347,-6.944938051815377,2.2565176250384305,-1.2233090470812613,3.669082095104718,-2.0405177110940538,6.202682412479153,0.3575012683509929,2.3142098818101475,-1.1663470468377617,2.696599074025748,-2.027340504877049
70,27.75635515849468,33.93437433690781,30.484995518945343,35.81791160336595,27.75635515849468,27.524840572971204,32.18514000896495,13.378283958744792,25.961529364887127,-14.89906836352597,11.702160397957535,7.402606843875471,5.2321534832457885,-14.89906836352597,8.351081646639216,-21.726535720472874,-2.7585253456221195,27.249376083771477,6.343430292010733,-3.650123488474647,2.7504879533404583,-2.616341324207448,-0.2998602175016375,-6.704818722818598,2.415145906912608,-1.3049601937836532,3.665616855106036,-2.046682666306734,6.176737281692001,0.3986456802646437,2.3113330778897576,-1.1644472706639326,2.683341859792836,-2.0176388427063627
71,28.50529670872889,34.117505136299236,30.803342365193078,35.954712203929695,27.738560579990782,27.65420513167725,32.49233499536351,13.493703737643425,26.095015419164124,-15.228933382287565,11.599452774171064,7.22024420554106,5.095571778527864,-15.221386086061086,8.281411703160245,-21.704004264559092,-2.816650716233527,27.1489925274508,6.367106099535227,-3.636414902122452,2.7434338099905418,-2.7288105684823822,-0.3418181157213747,-6.446733646768547,2.5793734205645276,-1.3895660191595733,3.6563803366462757,-2.0551831119308153,6.146177961464229,0.44744664227137715,2.3085169699659036,-1.1625875767518612,2.670448205580098,-2.0082032346575973
72,29.237829523903176,34.29972128447649,31.123026258522085,36.091207765056424,27.71852515551559,27.792652720089162,32.7974151492289,13.608985745945692,26.227874968731488,-15.551571311436229,11.496090676249302,7.038614388254924,4.9528320421954115,-15.5287773651262,8.207062189952657,-21.67807745092018,-2.874685106262427,27.049067448826463,6.3914372373564845,-3.6181435511263067,2.7395625255147573,-2.8421856744697727,-0.378634217304586,-6.181057306571911,2.7437383896763,-1.4743430352755396,3.642888798508611,-2.0649789495029753,6.114292055331303,0.4986197040310921,2.30576155803865,-1.160767965101905,2.657918111387273,-1.9990336807309683
73,29.953953604017588,34.481037469273105,31.443965816845967,36.22766303778655,27.696884961009243,27.9393709445323,33.100807281796286,13.724133018451447,26.360126191590183,-15.866982150971953,11.392165349364356,6.858116763777058,4.804352506092985,-15.822418809949896,8.128442070669514,-21.649429342119436,-2.9326305198219402,26.94958754519234,6.415662714799238,-3.5941678786343028,2.739578153891081,-2.9533764759687884,-0.4077819481956622,-5.9181641851349545,2.9027790379305722,-1.5565077541981807,3.6266584994752837,-2.075030080559986,6.084367166829359,0.5468804152037366,2.3030668421080227,-1.1589884357137703,2.645751577214525,-1.9901301809263767
74,30.653668949072088,34.66146837852255,31.766079658078244,36.36434277316056,27.67427607241193,28.09354741133206,33.402938204300774,13.839148589960486,26.491787265741312,-16.17516590089475,11.287768038688274,6.679150703867399,4.650551402065027,-16.103487029760817,8.04596030896378,-21.618734000720245,-2.990488961025091,26.850539513842357,6.439021541188307,-3.5633463277947883,2.7441847490983653,-3.0592928067785676,-0.42673473433889536,-5.668428765364256,3.0510335890097293,-1.633276687993916,3.6092056983295393,-2.084296406638697,6.059690899493768,0.5869443254492421,2.3004328221740007,-1.1572489885874755,2.6339486030619743,-1.981492735243871
75,31.336975559066673,34.841028700058395,32.08928640013252,36.5015117222189,27.651334565663866,28.254369726813785,33.70423472797739,13.954035495272649,26.622876369185743,-16.476122561204633,11.182989989393121,6.502115580285894,4.491846961956087,-16.373158633787654,7.960025868488504,-21.586665489285977,-3.048262433985081,26.751910052070386,6.460879557627894,-3.5247276012312376,2.7539690227849323,-3.157359528398382,-0.4333870973544812,-5.440496449681774,3.1839505626491555,-1.7023302633849946,3.591793944056697,-2.091911179019716,6.043002922937655,0.6144077261508887,2.297859498236555,-1.1555496237231284,2.622509188929445,-1.973121343683428
76,32.00387343400136,35.01973312171407,32.41350466092234,36.639434636002,27.628696516705187,28.42102549730285,34.00512366406139,14.068796769187763,26.753411679924582,-16.769852131901583,11.07792244665101,6.327410764792547,4.328657417610681,-16.63261023125898,7.871047712896681,-21.55389787037999,-3.105952942814934,26.653685857170363,6.481109932338841,-3.4781214394683593,2.769048317280586,-3.2470616131280297,-0.427317941566585,-5.236096318571898,3.300619662795887,-1.7632045657157005,3.5746759464540534,-2.0977010479593003,6.03485117108373,0.6283898755854773,2.295346870295737,-1.1538903411207189,2.611433334816999,-1.9650160062449973
77,32.65436257387614,35.19759633132315,32.73865305836125,36.77837626555038,27.606998001476068,28.59270232912461,34.30603182378777,14.183435446505692,26.88341137595882,-17.0563546129856,10.97265665563399,6.155435629147295,4.16140100087329,-16.88301843140346,7.779434805841345,-21.52110520656564,-3.163562491627736,26.55585362643612,6.499712665321062,-3.423527842506327,2.7894226325853695,-3.328399060967633,-0.40852726697504477,-5.055228372034801,3.401040889449977,-1.8158995949862262,3.5578517055214918,-2.101666013457294,6.035235643931882,0.6288907737527545,2.2928949383513517,-1.1522711407800388,2.6007210407247507,-1.9571767229286117
78,33.28844297869101,35.37463301671908,33.06465021036284,36.91860136190442,27.586875095916714,28.768587828604456,34.607386018391686,14.29795456202622,27.01289363528943,-17.33563000445669,10.867283861514164,5.986589545110126,3.9904959435884297,-17.125559843449707,7.685596110975497,-21.48896156040628,-3.221093084536622,26.4584000571616,6.516687756574552,-3.360946810344953,2.8150919686992157,-3.4013718719170187,-0.3770150735800015,-4.897892610070414,3.4852142426113866,-1.860415351196389,3.5413212212591443,-2.103806075513831,6.044156341482195,0.6159104206527393,2.290503702403682,-1.1506920227015802,2.590372306652348,-1.9496034937343374
79,33.90611464844598,35.55085786573541,33.39141473484068,37.06037467610463,27.568963875967285,28.947869602067723,34.9096130591082,14.4123571505492,27.141876635917438,-17.607678306314863,10.761895309463547,5.821271884440998,3.816360477600601,-17.361411076626364,7.589940591952161,-21.458140994465264,-3.2785467256546785,26.361311846640714,6.532035206099301,-3.290378342984224,2.8460563256221607,-3.4659800459762247,-0.33278136138146575,-4.764089032678509,3.5531397222801324,-1.8967518343462582,3.525084493666764,-2.104121234128723,6.061613263734843,0.5894488162856545,2.2881731624526593,-1.149152986884682,2.580387132600306,-1.9422963186621314
80,34.50737758314107,35.726285566205625,33.71886524970834,37.20396095919143,27.553900417567977,29.12973525583979,35.21313975717244,14.526646246874419,27.270378555843845,-17.872499518560083,10.656582244654304,5.659882018899845,3.6394128347543147,-17.591748740162075,7.492877212424336,-21.429317571305972,-3.3359254190949534,26.264575692167327,6.545755013895362,-3.2118224404242586,2.882315703354285,-3.5222235831454123,-0.27582613037930676,-4.653817639859412,3.6048173284562055,-1.9249090444359032,3.5091415227446774,-2.1026114893021686,6.087606410689464,0.5495059606513815,2.285903318498151,-1.1476540333298333,2.5707655185683054,-1.9352551977119445
81,35.09223178277622,35.90093080596325,34.046920372879335,37.34962496220528,27.54232079665893,29.313372396246045,35.51839292381954,14.640824885801774,27.398417573069633,-18.13009364119237,10.551435912258434,5.502819320246666,3.4600712468940715,-17.81774944328546,7.394814936045044,-21.403165353491787,-3.393231168970644,26.16817829103534,6.557847179962793,-3.1252791026649556,2.92387010189537,-3.570102483424492,-0.20614938057357365,-4.567078431612958,3.640247061139639,-1.9448869814652572,3.493492308492643,-2.0992768410341,6.122135782346242,0.4960818537498972,2.2836941705402474,-1.1461951620368762,2.561507464556252,-1.928480130883798
82,35.66067724735149,36.074808272841764,34.37549872226728,37.49763143618666,27.534861089180353,29.497968629611833,35.82579937028459,14.754896102131081,27.52601186559585,-18.380460674211736,10.446547557448067,5.350483160241414,3.2787539458644064,-18.040589795225134,7.296162726467313,-21.380358403585998,-3.4504659793947203,26.07210634053864,6.568311704301548,-3.0307483297064306,2.970719521245666,-3.6096167468133373,-0.12375111196431841,-4.503871407939199,3.6594289203303614,-1.9566856454342705,3.478136850910731,-2.0941172893244873,6.1652013787051185,0.42917649558120313,2.2815457185789025,-1.1447763730058036,2.5526129705643053,-1.9219711181777064
83,36.21271397686682,36.247932654674706,34.70451891578572,37.648245132176,27.53215737107243,29.682711562262522,36.1357859078027,14.868862930662116,27.65317961142349,-18.623600617618163,10.342008425395251,5.203272910644056,3.095879163509786,-18.261446405209774,7.197329547344115,-21.361570784152008,-3.5076318544803757,25.97634653797118,6.577148586911552,-2.9282301215486304,3.022863961404944,-3.6407663733121187,-0.028631324551519573,-4.464196568838073,3.6623629060285046,-1.960305036343051,3.4630751499990127,-2.0871328341732993,6.216803199766277,0.34878988614520634,2.279457962614167,-1.1433976662366885,2.5440820365925303,-1.9157281595936348
84,36.74834197132228,36.42031863929557,35.03389957134823,37.80173080121376,27.534845718275317,29.866788800523484,36.448779347608955,14.982728406194779,27.779938988553507,-18.859513471411667,10.237909761272055,5.06158794321456,2.911865131674717,-18.481495882467996,7.098724362328505,-21.347476557753176,-3.564730798340643,25.880885580626792,6.584151465467939,-2.8180839875709407,3.0802910896510887,-3.663634846289807,0.07884909724497496,-4.4471143649300595,3.6495792755686085,-1.956000074115257,3.448381787828585,-2.0784240492643358,6.2765946724695,0.2554094410857743,2.2774309026462105,-1.142059041729522,2.5359146626407694,-1.9097512551317026
85,37.267561230717845,36.591980914537835,35.36355930686838,37.958353194340404,27.543562206729202,30.04938795072008,36.765206500938476,15.096495563528835,27.906308174986936,-19.088199235592235,10.134342810250594,4.9258276297128765,2.7271300822037627,-18.701914836228426,7.000756135073503,-21.33874978695286,-3.621764815088653,25.785710165799404,6.588288528347052,-2.7021074746710183,3.1429392423727367,-3.6786395825916007,0.1968857313267083,-4.447927049317421,3.623729315624041,-1.9450453583695417,3.4344296747548793,-2.0684938030157003,6.34284293151415,0.15147223862130493,2.2754645386746337,-1.140760499484057,2.528110848709119,-1.9040404047917974
86,37.77037175505346,36.76293416823506,35.69341674025972,38.11837706259636,27.558942912374253,30.229696619177698,37.0854941790264,15.210167437464158,28.032305348724822,-19.309657910159892,10.031398817502893,4.796391341898978,2.5420922469413605,-18.923879875719688,6.903833829232094,-21.336064534314442,-3.678735908837519,25.690806990782942,6.58832160159971,-2.5824576391257694,3.2107344232362145,-3.686281482431932,0.3233132711748661,-4.460997325722943,3.587994570203162,-1.928970408648386,3.421666303204736,-2.057945537529334,6.413468538539732,0.03990277261382079,2.2735588706996444,-1.1395020395006685,2.520670594797608,-1.8985956085739195
87,38.2567735443292,36.93321919194563,36.02331826262212,38.28206284056931,27.58149760160372,30.407088002288805,37.40994789253677,15.323747062800594,28.157948687768116,-19.523889495114595,9.929133827411786,4.673552623250014,2.35714063855288,-19.148238767887598,6.808277186483995,-21.33992426692595,-3.7356460837002867,25.59616275287123,6.583012511277414,-2.461291537212167,3.2836026359077137,-3.687061446024856,0.4559664102711132,-4.480687897869113,3.545556583313776,-1.9093047444940394,3.410539165604733,-2.0473826949072125,6.486392055185476,-0.07637446307457812,2.271713898721388,-1.1382836617791026,2.5135939009060415,-1.8934168664781397
88,38.72676659854504,37.10298119212746,36.352821357800806,38.44965369703574,27.61123080262328,30.58167765671446,37.738387949849496,15.437237474337897,28.283256370117826,-19.73089399045639,9.827463081202938,4.557081704111808,2.1725473929870094,-19.37452391054656,6.714049060615704,-21.35015006997433,-3.7924973437900644,25.50176414935821,6.571123083431166,-2.3407662252072514,3.361469884053913,-3.681480373584733,0.5926798420969611,-4.501361469478842,3.4995968989640893,-1.8875778854490648,3.4014957543814752,-2.0374087172510427,6.559534043090784,-0.19443497458164616,2.2699296227395465,-1.1371053663195125,2.50688076703471,-1.888504178504403
89,39.180350917700956,37.27239147896342,36.68141128282718,38.62138848431933,27.648020734091556,30.75376672918294,38.070513358773496,15.550641706875956,28.408246573775013,-19.930671396185243,9.726266619312801,4.446622986547395,1.9885554270132315,-19.601938859228163,6.621023083440378,-21.36639243317116,-3.849291693219954,25.407597877537768,6.551415144112279,-2.2230387593879306,3.4442621713407657,-3.670039165325917,0.7312882601338074,-4.517380744274628,3.4532970611622207,-1.8653193510557635,3.3949835619618134,-2.028627046662934,6.630815063895058,-0.3113542680453809,2.2682060427544233,-1.1359671531217579,2.5005311931834346,-1.8838575446526837
90,39.61752650179701,37.44162136263636,37.00857329473281,38.7975060547437,27.69174561466732,30.923656366422343,38.406023127117614,15.663962795214601,28.532937476740603,-20.123221712301163,9.625424482177728,4.341820872619799,1.805407657401088,-19.829687169463963,6.529072886771202,-21.38830184622811,-3.9060311361030613,25.313650634703833,6.5226505193720135,-2.1102661960312643,3.5319055014350242,-3.653238721462537,0.8696263578632002,-4.52310842597935,3.4098386139161407,-1.8440586608565692,3.3914500807722594,-2.021641125244634,6.698155679237701,-0.4242078496035411,2.2665431587658262,-1.1348690221858446,2.4945451793521665,-1.879476964923174
91,40.038293350833115,37.61084215332909,37.333792650549135,38.978245260632626,27.742283663009253,31.091647715160914,38.74461626269073,15.77720377415362,28.657347257015655,-20.308544938804157,9.524816710234191,4.242319764392023,1.623347000920062,-20.05697239678559,6.438072102421333,-21.41552879885675,-3.962717676552472,25.21990911815025,6.483797397586332,-2.004246082034744,3.624338210725206,-3.6314964588399317,1.005889713186587,-4.513846767695289,3.371872843899292,-1.825070414470114,3.391268221168331,-2.0169538214145044,6.759823023818081,-0.5305586410379604,2.2649409707738166,-1.1338109735119097,2.488922725541019,-1.87536243931559
92,40.442651464809344,37.78022516122447,37.65655460730768,39.163844954309674,27.799513097776035,31.25804192212686,39.08599177330175,15.890367678492884,28.78149409260114,-20.48664107569421,9.424323343918566,4.1477640639271,1.44261637433969,-20.282998096724548,6.347894362203984,-21.447723780768744,-4.019353318681269,25.126360025170964,6.434649416430264,-1.905337926777837,3.7215479664887785,-3.6048958608271233,1.1397174416838154,-4.488656220042714,3.3399300084466366,-1.8086095318202176,3.3945125652214343,-2.0146657088560276,6.815470524576096,-0.6299192267047213,2.263399478778444,-1.1327930070999768,2.483663831750028,-1.8715139678300745
93,40.83060084372565,37.949941696505356,37.97634442203993,39.35454398809862,27.863312137626373,31.42314013404835,39.4298486667596,16.003457543032198,28.905396161498082,-20.657510122971345,9.32382442366727,4.057798173288035,1.2634586944294706,-20.506967824812463,6.258413297932294,-21.48453728167568,-4.075940066602565,25.03299005305983,6.375206575904237,-1.8135417302604637,3.8235347687260237,-3.5734369274240727,1.271109543355257,-4.447536783021688,3.3140101075576363,-1.79467601290671,3.4011831129312644,-2.0147767875694527,6.865098181511746,-0.7222896066038317,2.261918682779673,-1.131815122949755,2.4787684979790123,-1.8679315504665868
94,41.20214148758203,38.12016306935455,38.29264735177733,39.55058121432313,27.933559001219024,31.587243497653557,39.775885950873096,16.11647640257143,29.02907164170747,-20.821152080635553,9.22319998991671,3.9720664945378545,1.0861168779589054,-20.728085136580948,6.1695025414194555,-21.525619791289238,-4.132479924429455,24.939785899110774,6.305468876007814,-1.7288574924828304,3.9302986174369012,-3.5371196586308535,1.4000660182006772,-4.390488456632352,3.294113141232725,-1.7832698577297352,3.4112798642978803,-2.017287057554525,6.908705994625086,-0.8076697807353472,2.2604985827774486,-1.1308773210615561,2.474236724228056,-1.8646151872252779
95,41.55727339637855,38.29106058995496,38.604948653551396,39.752195485306814,28.010131907212614,31.750653159670783,40.12380263345113,16.22942729191035,29.152538711230335,-20.97756694868683,9.122330083103328,3.890213429739566,0.9108338416975176,-20.94555358756151,6.081035724478628,-21.570621799320982,-4.188974896275056,24.846734260617684,6.225436316741266,-1.6512852134447438,4.04183951262126,-3.4959440544473033,1.5265868662201938,-4.317511240874524,3.2802391094717516,-1.7743910662892146,3.4248028193214957,-2.022196518811453,6.946293963916139,-0.8860597490993263,2.2591391787718775,-1.129979601435154,2.4700685104972724,-1.86156487810589
96,41.895996570115116,38.462805568489365,38.91273358439366,39.95962565337344,28.092909074265897,31.913670266828113,40.47329772230261,16.342313245848842,29.27581554806767,-21.12675472712516,9.021094743663491,3.8118833809562322,0.7378525024148042,-21.158576733285756,5.992886478923029,-21.619193795482502,-4.245426986252369,24.75382183487446,6.135108898104487,-1.5808248931463154,4.158157454279351,-3.449910114873653,1.650672087413728,-4.22860513574838,3.272388012274674,-1.768039638585242,3.4417519780018355,-2.0295051713401,6.977862089385004,-0.9574595116957604,2.2578404707628126,-1.129121964070768,2.466263856786579,-1.8587806231086106
97,42.218311008791815,38.63556931514062,39.21548740133555,40.17311057084662,28.181768721037557,32.0765959658538,40.8240702252364,16.45513729918671,29.398920330220424,-21.268715415950574,8.919374012033643,3.7367207502508073,0.5674157768802873,-21.366358129285288,5.904928436565793,-21.670986269485482,-4.301838198474607,24.661035319174985,6.034486620097524,-1.5174765315874188,4.279252442411036,-3.3990178399097744,1.7723216817814773,-4.12377014125375,3.270559849641567,-1.7642155746176709,3.4621273403390247,-2.03921301514046,7.00341037103122,-1.021869068524565,2.256602458750562,-1.1283044089682228,2.462822763095952,-1.8562624222333688
98,42.52421671240862,38.80952314009161,39.51269536140858,40.39288909005007,28.27658906618632,32.23973140347603,41.17581915006138,16.567902486723778,29.5218712356897,-21.403449015163073,8.817047928650181,3.6643699396863614,0.3997665818635039,-21.568101331091675,5.817035229220107,-21.725649711041516,-4.358210537054776,24.56836141081319,5.923569482720218,-1.461240128768181,4.405124477016168,-3.3432672295556394,1.8915356493230937,-4.003006257390632,3.274754621572491,-1.7629188743866842,3.4859289063330627,-2.0513200502126354,7.022938808855251,-1.079288419585739,2.255425142734644,-1.1275269361276339,2.4597452294254105,-1.8540102754802459
99,42.81371368096549,38.98483835352511,39.80384272164425,40.619200063307446,28.37724832837084,32.403377726422995,41.5282435045865,16.680611843259868,29.64468644247644,-21.53095552476263,8.713996533949532,3.59447535132589,0.23514783413391285,-21.76300989423648,5.72908048869915,-21.78283460986226,-4.414546006106037,24.47578680708295,5.802357485972841,-1.412115684688543,4.535773558095056,-3.2826582838112524,2.008313990038994,-3.8663134841591114,3.284972328067209,-1.7641495378920447,3.5131566759839674,-2.0658262765566318,7.036447402857014,-1.1297175648792173,2.2543085227154607,-1.1267895455488088,2.457031255774989,-1.85202418284913
100,43.08680191446249,39.16168626562401,40.08841473907406,40.85228234294248,28.48362472624989,32.5678360814229,41.88104229662052,16.793268403594894,29.767384128581664,-21.651234944749252,8.61009986836811,3.5266813872324385,0.07380245046105074,-21.950287374251275,5.64093784681611,-21.84219145565928,-4.470846609741443,24.38329820527815,5.670850629855109,-1.3701031993486117,4.671199685647435,-3.217191002676696,2.1226567039288535,-3.713691821559262,3.3012129691259853,-1.7679075651339884,3.5438106492915553,-2.082731694172275,7.0439361530362845,-1.1731565044053542,2.253252598692839,-1.126092237232083,2.4546808421445654,-1.850304144340031
101,43.343481412899564,39.34023818657112,40.36589667072941,41.09237478127879,28.595596478482108,32.73340761520393,42.23391453397244,16.905875202528556,29.889982472006366,-21.764287275122935,8.505237972342286,3.4606324494689904,-0.08402665238557006,-22.12913732666767,5.552480935384115,-21.903370738144247,-4.527114352074127,24.290882302692687,5.529048914367256,-1.3352026727481459,4.811402859673507,-3.1468653861519105,2.234563790992815,-3.5451412695908893,3.3234765447486914,-1.7741929561124454,3.5778908262560942,-2.1020363030597187,7.045405059393352,-1.2096052381637292,2.252257370666779,-1.1254350111770792,2.45269398853436,-1.848850159953
102,43.58375217627675,39.52066542654935,40.635773773641894,41.339716230640086,28.713041803726263,32.90039347449431,42.586559224451086,17.018435274860764,30.012499650751582,-21.8701125158837,8.399290886308506,3.395972940098575,-0.23809655763642268,-22.2987633070172,5.463583386216412,-21.96602294702871,-4.58335123721714,24.198525796620487,5.376952339509156,-1.3074141048873855,4.95638308017306,-3.0716814342369334,2.34403525123073,-3.3606618282540857,3.3517630549353363,-1.783005710827278,3.6153972068774904,-2.1237401032189567,7.040854121928112,-1.239063766154588,2.2513228386373356,-1.1248178673840985,2.4510706949440957,-1.8476622296881033
103,43.807614204594024,39.70313929574141,40.89753130484295,41.594545543350044,28.835838920640995,33.06909480602221,42.93867537586531,17.130951655391335,30.134953842818266,-21.96871066703154,8.292138650703196,3.3323472611842186,-0.3881643485220383,-22.458368870831496,5.374118831126133,-22.029798572024376,-4.639559269283597,24.10621538435545,5.214560905280796,-1.2867374957662256,5.106140347146262,-2.9916391469317025,2.4510710846428356,-3.1602534975489154,3.3860724996859095,-1.794345829278642,3.656329791155756,-2.147843094649946,7.030283340640305,-1.2615320883777954,2.2504490026045043,-1.1242408058529367,2.449810961374019,-1.8467403535452445
104,44.01506749785137,39.88783110433025,41.15065452136409,41.85710157173234,28.96386604788504,33.23981275651584,43.28996199602407,17.24342737892008,30.25736322620745,-22.06008172856644,8.183661305962742,3.2693998147889567,-0.5339871082728803,-22.607157573642098,5.283960901926438,-22.094348102842787,-4.695740452386584,24.013937763191436,5.041874611682159,-1.2731728453847477,5.260674660593079,-2.906738524236244,2.5556712912290243,-2.943916277475352,3.4264048790004713,-1.8082133114665866,3.7006885790907664,-2.1743452773527334,7.013692715530451,-1.277010204833429,2.249635862568133,-1.1237038265837014,2.4489147878239406,-1.8460845315243923
105,44.20611205604884,40.074912162498734,41.394628680236785,42.12762316811064,29.097001404117076,33.412848472703395,43.640118092736216,17.355865480246845,30.379745978920134,-22.144225700488416,8.073738892523547,3.206775002975777,-0.6753219201194218,-22.744332970980604,5.19298323043056,-22.15932202919562,-4.75189679063921,23.921679630422354,4.858893458713531,-1.2667201537428139,5.4199860205134085,-2.8169795661506023,2.657835870989224,-2.7116501680332643,3.47276019287906,-1.8246081573908937,3.7484735706827452,-2.203246651327224,6.991082246598084,-1.2854981155214378,2.2488834185284974,-1.1232069295763618,2.4483821742940317,-1.8456947636255772
106,44.38074787918637,40.26455378042963,41.62893903849253,42.40634918480864,29.235123207995834,33.588503101313066,43.98884267381061,17.468268994171446,30.50212027895735,-22.221142582797448,7.962251450822049,3.14411722780771,-0.8119258672921845,-22.8690986183786,5.1010594484516245,-22.22437084079449,-4.808030288154566,23.829427683342114,4.666290993960429,-1.267221899655134,5.583001059197805,-2.7224767612229535,2.7573461578175316,-2.464065771857776,3.524588031509121,-1.8433263592691105,3.79918281236278,-2.2342359359970456,6.962269699298659,-1.2871344090934007,2.2481916704854115,-1.12275011483091,2.448213120784078,-1.8455710498488813
107,44.53897496726403,40.45692726830578,41.85307085316282,42.69351847415006,29.37810967818005,33.76707778907306,44.33583474705618,17.58064095549374,30.624504304320045,-22.29083237549357,7.849079021294652,3.081070891347776,-0.9435560330216365,-22.98065807136765,5.0080631878028035,-22.28914502735098,-4.864142949045739,23.737168619244613,4.46743495535251,-1.2738904771951287,5.744352938097914,-2.6238025521945207,2.8531088211847258,-2.2042161021228135,3.5791363458294496,-1.8633478781877286,3.85030653628842,-2.2657567284801794,6.926343900908679,-1.2826120288064415,2.247560618438872,-1.1223333823473436,2.4484076272943893,-1.8457133901942584
108,44.680793320281765,40.65220393631008,42.06650938127915,42.989369888458484,29.525839033328335,33.9488736827116,44.680793320281765,17.69298439901353,30.746916233009276,-22.35329507857675,7.734101644377758,3.017280395659006,-1.0699695005382799,-23.078214885479312,4.913868080297303,-22.35329507857675,-4.9202367774258535,23.644889135423735,4.266366628405256,-1.2857807592508717,5.897601450956194,-2.5216438703545414,2.943811864455326,-1.9357647746377564,3.6331026769659602,-1.8834486674507231,3.898833021047772,-2.2959413453179995,6.882211444159511,-1.27276250656973,2.246990262389026,-1.121956732125802,2.4489656938246656,-1.846121784661633
109,44.79070181650644,40.85037941087632,42.26897562152804,43.293766601359316,29.678112958962398,34.1339992855225,45.023353619205615,17.805302359530657,30.86937424302601,-20.962159494731026,7.617308308709541,2.9524452752192785,-1.1909634240644555,-23.16118632716742,4.8184191604722235,-22.4165199902114,-4.976313777407958,23.55257592917338,4.067127298634059,-1.301947618710222,6.036306391515031,-2.4166876469925462,3.0281432909942403,-1.662375405211669,3.6831845660448588,-1.9024046803621777,3.941750545229563,-2.32292210305203,6.828778921782877,-1.2584173742918563,2.246480602335731,-1.1216201641660748,2.4498873203750615,-1.8467962332511052
110,44.89732946209748,41.050746583442354,42.46113353921633,43.60506907168431,29.83442700805565,34.32179252706251,45.362895741183344,17.91759787184494,30.9918965123713,-19.61255034622404,7.499123795735134,2.886485594165924,-1.3064952417901199,-23.22984450657448,4.721947073760429,-22.47871278210663,-5.032375953105167,23.46021569778746,3.8737582515543916,-1.3214459284614197,6.15402755351633,-2.309620813397886,3.104791104166055,-1.3877116096536537,3.7260795541923115,-1.9189918702260593,3.9760473874223567,-2.3448313182238496,6.764952926510451,-1.2404081638816586,2.2460316382790393,-1.121323678468236,2.4511725069455053,-1.8477367359626147
111,45.000676257055005,41.252422661696976,42.64388284130593,43.921262079567015,29.994200200444407,34.51139869345393,45.6987360014799,18.029873970756242,31.114501219046083,-18.304467633055665,7.380081835101441,2.819376549051151,-1.4165624628969713,-23.284675244765314,4.624753868318684,-22.539814980142193,-5.088425308630615,23.367795138559863,3.690300772681581,-1.3433305613922768,6.244324730702497,-2.201130300859973,3.172443307335212,-1.1154370037729078,3.758485182534509,-1.931986190346146,3.998711826214718,-2.35980130737485,6.689640051073722,-1.2195664072480092,2.2456433702189083,-1.1210672750323358,2.4528212535361074,-1.8489432927962128
112,45.10074220137891,41.45452485332908,42.81812323475871,44.2403304051409,30.156851555965062,34.7019630708191,46.03019071536023,18.142133691064352,31.237206541051407,-17.03791135522601,7.260716156455335,2.7510933364271986,-1.5211625965668143,-23.32616436280469,4.5271415923037965,-22.599768110197772,-5.144463848097337,23.275300948784466,3.520796147531069,-1.3666563903910158,6.300757716816043,-2.0919030406680688,3.2297879038668933,-0.849215203378476,3.777098992197506,-1.9401635940265693,4.006732140194978,-2.3659643870464944,6.601746888204399,-1.1967236362996974,2.245315798155405,-1.1208509538582345,2.4548335601467817,-1.850415903751813
113,45.19752729506929,41.65617036602745,42.98475442653657,44.560258828539354,30.321800094453952,34.892630945280374,46.356576198089265,18.25438006756911,31.360030656388275,-15.812881512735013,7.141560489443703,2.6816111528462137,-1.6202931519814439,-23.35479768175738,4.429412293872504,-22.65851369815307,-5.200493575618448,23.1827198257552,3.3686121140325347,-1.3906358095309228,6.317959673308503,-1.9825114755635211,3.2757315632313877,-0.5920992216446103,3.7791689341199777,-1.9425040423539128,3.9975985615203196,-2.3617641543568233,6.500362265178969,-1.1725727942941975,2.245048922088513,-1.120674714946163,2.457209426777533,-1.852154568829512
114,45.29103153812612,41.85647640748093,43.14467612360137,44.87903212989593,30.488464835747372,35.08254760296014,46.67720876493198,18.36661613507036,31.48299174305768,-14.629378105582688,7.023148563713455,2.6109051948604796,-1.7139516383226263,-23.371061022688167,4.331868021181653,-22.715993269887782,-5.256516495307056,23.09003846676594,3.2344222197718,-1.4151112976267124,6.294857232470486,-1.873070094094257,3.310055619322913,-0.34469966120624795,3.764144598489283,-1.938803527545603,3.970809136622297,-2.3468893287292443,6.385303947452405,-1.147252469882785,2.2448427420181734,-1.1205385582959724,2.4599488534282403,-1.854159288029228
115,45.381254930549325,42.05456018537832,43.29878803291502,45.1946350893441,30.656264799681747,35.270858329980726,46.9914047311533,18.47884492836792,31.60610797906065,-13.487401133769048,6.906014108911486,2.538950659022151,-1.8021355647721033,-23.37544020666178,4.234810822388004,-22.772148351281643,-5.312534611276235,22.9972435691106,3.118226464748744,-1.4400828546782356,6.231450394301892,-1.76357889626065,3.332760072141539,-0.10701652206332134,3.732025985305767,-1.929062049601532,3.926363865500909,-2.3213399101639505,6.256571935024995,-1.1207626630656529,2.244697257944456,-1.1204424839075866,2.4630518400991894,-1.8564300613510725
116,45.46819747233898,42.249538907408436,43.44798986143943,45.505052487017295,30.824619006093386,35.456708412464494,47.29848041201826,18.591069482261638,31.729397542398146,-12.386950597294115,6.790690854684652,2.4657227418834546,-1.884842440511689,-23.368421054743035,4.138542745648353,-22.826920468214368,-5.3685499276391155,22.90432183008305,3.0200248489635513,-1.4655504806856854,6.127739158802688,-1.6540378820624553,3.3438449216870456,0.12095019578416513,3.682813094569248,-1.9132796085217425,3.8642627481559533,-2.2851158986607416,6.114166227896563,-1.0931033738425922,2.244612469867351,-1.120386491781154,2.4665183867902054,-1.8589668887948938
117,45.55185916349504,42.44052978126016,43.59318131613646,45.808269103048985,30.99294647481867,35.639243136533764,47.59775212279169,18.703292831551302,31.852878611071187,-11.328026496157833,6.677712530679897,2.391196639996574,-1.962069774723111,-23.350489387996667,4.043365839119467,-22.880251146565605,-5.424564448508758,22.81125994697723,2.939817372415968,-1.4915141756488801,5.983723525973014,-1.5444470514997333,3.343310167959585,0.3392004923361173,3.616505926279797,-1.8914562043061336,3.7845057845875005,-2.238217294219721,5.958086826067186,-1.064274602213738,2.244588377786721,-1.1203705819167007,2.4703484935012727,-1.8617697703608083
118,45.63224000401754,42.62665001462229,43.73526210396799,46.102269717572675,31.160666225693944,35.817607788310944,47.88853617873865,18.8155180110368,31.9765693630808,-10.310628830360235,6.567612866544059,2.315347549913769,-2.033815076588198,-23.322131027487476,3.949582150958148,-22.93208191221517,-5.48058017799827,22.71804461708699,2.8776040351061893,-1.5179739395680576,5.7994034958128555,-1.4348064045724105,3.3311558109592605,0.5477343675927454,3.533104480437262,-1.8635918369548699,3.6870929747956023,-2.180644096840875,5.788333729536828,-1.0342763481791892,2.2446249817027426,-1.120394754314082,2.4745421602324074,-1.8648387060487408
119,45.709339993906475,42.807016815183665,43.87513193189595,46.38503911072184,31.327197278555527,35.99094765391833,48.17014889512402,18.927748055517924,32.10048797642798,-9.334757599901316,6.4609255919240764,2.238150668187209,-2.100075855288673,-23.283831794280232,3.8574937293211873,-22.98235429104268,-5.536599120220741,22.624662537706254,2.833384837034372,-1.5449297724429822,5.574779068321954,-1.32511594128066,3.307381850685894,0.7465518215538016,3.432608757041783,-1.8296865064678194,3.5720243187802976,-2.112396306524278,5.6049069383055805,-1.0031086117387271,2.2447222816153674,-1.1204590089733921,2.47909938698363,-1.8681736958587911
120,45.78315913316184,42.98074739063308,44.013690506882156,46.65456206262991,31.491958653239806,36.1584080194783,48.44190658721278,19.03998599979446,32.22465262911372,-8.400412804781052,6.358184436466801,2.159581191369106,-2.16084962000635,-23.23607750943974,3.767402622365358,-23.031009808927877,-5.592623279289293,22.531100406128918,2.8071597781999484,-1.5723816742737757,5.309850243500516,-1.215375661624261,3.2719882871395796,0.9356528542194558,3.3150187560933615,-1.7897402128451445,3.4392998165415873,-2.033473923269722,5.40780645237324,-0.9707713928924032,2.244880277524595,-1.1205633458945372,2.4840201737549528,-1.8717747397908386
121,45.85369742178363,43.146958948659396,44.15183753588854,46.908823353430435,31.654369369583115,36.319134171113184,48.703125570269876,19.15223487866632,32.349081499139025,-7.507594444999491,6.259923129819148,2.0796143160116585,-2.2161338799229706,-23.179353994030706,3.6796108782474475,-23.0779899917505,-5.6486546593169855,22.43734491964888,2.798928858603553,-1.6003296450603333,5.004617021348651,-1.105585565603455,3.2249751203202064,1.115037465589555,3.1803344775919973,-1.7437529560866813,3.2889194680794307,-1.9438769470774597,5.197032271740102,-0.9372646916404351,2.2450989694304337,-1.12070776507759,2.4893045205464426,-1.8756418378450253
122,45.92095485977184,43.30476869695143,44.29047272587705,47.145807763256784,31.81384844742181,36.47227139494535,48.95312215956026,19.2644977269333,32.47379276450492,-6.656302520556594,6.166675401627987,1.9982252386671062,-2.265926144220335,-23.114147069117948,3.5944205451242666,-23.1232363653902,-5.704695264416923,22.343382775560023,2.808692078244847,-1.6287736848028525,4.659079401866152,-0.9957456532180238,3.166342350227876,1.2847056556641503,3.0285559215375177,-1.6917247361924521,3.1208832733936758,-1.843605377947324,4.972584396405836,-0.9025885079825517,2.245378357332789,-1.1208922665226453,2.494952427357904,-1.8797749900211935
123,45.984931447126485,43.45329384319799,44.43049578380941,47.36350007224247,31.969814906592237,36.61696497709717,49.19121267034889,19.376777579395245,32.59880460321238,-5.846537031452387,6.07897498154025,1.9153891558876337,-2.31022392208018,-23.040942555766225,3.512133671152553,-23.16669045572671,-5.760747098702203,22.249200671156256,2.836449437123803,-1.6577137935011235,4.2732373850530525,-0.8858559244681747,3.09608997686259,1.4446574244434298,2.8596830879300597,-1.6336555531625714,2.935191232484499,-1.7326592158793703,4.734462826370614,-0.8667428419188625,2.245718441231735,-1.1211168502294995,2.500963894189482,-1.8841741963194303
124,46.04562718384755,43.59165159508796,44.5728064166477,47.55988506052101,32.12168776693074,36.75236020369096,49.41671341790072,19.489077470851953,32.72413519326244,-5.078297977686859,5.997355599202787,1.8310812642254577,-2.34902472268432,-22.960226275040323,3.433052304489129,-23.208293788639757,-5.8168121662859145,22.154785303731472,2.8814341109194483,-1.6865615377419996,3.8492466069848295,-0.7758923604387097,3.014739890189685,1.5948697327628514,2.674621407629867,-1.5698619979306065,2.7328022004283072,-1.6116154004824548,4.483334162935986,-0.8298120890112909,2.2461192211274867,-1.1213815161982723,2.5073145805919808,-1.8888216443388037
125,46.10304206993506,43.71895916031008,44.718304331353686,47.73294750822583,32.2688860482737,36.877602360849075,49.62894071748069,19.601400436103276,32.849802712656064,-4.35158535925999,5.922350984262496,1.745276760232771,-2.3823260552145062,-22.872484048005024,3.3574784932907904,-23.247987890009064,-5.872892471281196,22.06012337057957,2.939811978026007,-1.7123747504589024,3.3978852480381847,-0.665734866554614,2.9249015400365086,1.7352273848004542,2.477898034937477,-1.5019270251651589,2.51851045260657,-1.4833586298003625,4.222531412609552,-0.7922182270688954,2.246580697019608,-1.121686264428946,2.513882784319567,-1.8936282720747923
126,46.157176105388984,43.83433374655324,44.86788923488928,47.88067219549041,32.410828770457435,36.991836734693855,49.82721088435374,19.713749509949032,32.9758253393943,-3.6663991761718004,5.854494866366296,1.657950840461815,-2.4101254288525347,-22.77820169572503,3.2857142857142865,-23.28571428571428,-5.928990017801066,21.965201568994452,3.006982092516112,-1.7316228311722923,2.932087124665477,-0.5552393293257225,2.829706266195731,1.865592145569865,2.2749455550135997,-1.431750180468542,2.298069119477335,-1.3513505414857832,3.956054183200454,-0.7544676294630351,2.2471028689084624,-1.1220310949215202,2.5205224626771354,-1.8984872051218022
127,46.20802929020938,43.937228160782986,45.022192445703965,48.0017983750746,32.5471176148062,37.094525512148756,50.011073544240375,19.826127727189082,33.102212732320915,-3.022739428422305,5.794119046297941,1.5692846531594054,-2.432411946159899,-22.67787310297274,3.217950923089645,-23.32144404008183,-5.985106809958689,21.870012830610335,3.078343508463331,-1.7407751794023052,2.4647860533190795,-0.44426163526203016,2.732285408459826,1.9858257800848702,2.0711965530188907,-1.36123100944279,2.0772313314988584,-1.2190527731916243,3.6879020825178115,-0.717066669564761,2.247685736793772,-1.122416007676018,2.527087572969661,-1.9032915690743346
128,46.25560162439614,44.028437607071695,45.18077172819764,48.0980831902438,32.67808490859589,37.1863984833413,50.18101156468322,19.938538122623182,33.22894047365087,-2.420606116011474,5.740747609389022,1.4802831533510432,-2.4491410832170852,-22.572024409350547,3.1539364194396424,-23.355266371224612,-6.041244851867116,21.774575024422703,3.1492952799400795,-1.7363011946692433,2.0089158504507436,-0.33265767087329096,2.6357703066217,2.095790053359056,1.8720836141142754,-1.2922690576903486,1.8617502191288362,-1.0899269625704158,3.4220747183706837,-0.6805217207451305,2.248329300675744,-1.122841002692449,2.5334320725021655,-1.907934489526912
129,46.29989310794941,44.109092888768494,45.34291645825769,48.1720382568897,32.80424564059032,37.26850233920011,50.337741123680416,20.05098373105126,33.35597562644192,-1.859999238939327,5.693702712107964,1.3921572477568045,-2.460259909484338,-22.461189818168496,3.0933079819602773,-23.38730003570226,-6.097406147639455,21.678912253767393,3.215236461019652,-1.714670276493325,1.5774103325132227,-0.2202833226694567,2.543292300473686,2.195346730406288,1.6830393234605692,-1.2267638708133932,1.6573789128255223,-0.9674347472749092,3.1625716985683328,-0.645339156375297,2.2490335605542877,-1.1233060799706767,2.539409918579529,-1.9123090920740609
130,46.34090374086902,44.18032480922259,45.50791601177158,48.22617519090415,32.926114799553176,37.34188377065378,50.48197839923012,20.163467587273065,33.48328525375176,-1.3409187972058545,5.652306510923181,1.3061178430968274,-2.4657154944218904,-22.34590353273652,3.035702817847577,-23.417663790074375,-6.153592701388809,21.58304862198024,3.2715661057750194,-1.6723518243949427,1.1832033159581121,-0.10699447716035124,2.4579827298087586,2.2843575762398944,1.5094962662182576,-1.1666149944140547,1.469870543046781,-0.8550377649578002,2.913392630919868,-0.612025349826401,2.249798516429465,-1.123811239510897,2.5448750685068404,-1.9163085023102784
131,46.37863352315509,44.24326417178305,45.67505976462673,48.26300560817877,33.04420737424834,37.40758946863096,50.614439569330465,20.275992726088464,33.6108364186382,-0.8633647908110658,5.615881162303141,1.2233758460912216,-2.465454907489972,-22.226699756364653,2.9807581342975062,-23.446476390900553,-6.209806517228272,21.487008232397052,3.3144500926006137,-1.6064036713075034,0.8370729811627861,0.0073289602290811245,2.382451044454178,2.36270739503819,1.3559815966881077,-1.1134053831610922,1.304019385174352,-0.75562071366296,2.6778705219329497,-0.5810022789077308,2.2506241683011114,-1.1243564813129718,2.5497058200379916,-1.919843658230992
132,46.41308245480758,44.29904177979901,45.843637092710566,48.285041124605456,33.15903835343949,37.466666124060275,50.73584081197961,20.388562182297278,33.7385961841589,-0.42733721975493694,5.583748822716277,1.1451421634601062,-2.4594252181488163,-22.104112692362822,2.928111138506102,-23.47385659474042,-6.266049599270933,21.39081518835365,3.3431215971747044,-1.5162373838178331,0.5411749642023673,0.12271100841383302,2.3172191343751303,2.4303731476366686,1.223400745730236,-1.067451627987995,1.1607842942843922,-0.6697605329993047,2.4566719729089943,-0.5523543391811465,2.251510516169609,-1.1249418053769498,2.553877832724053,-1.9228967474351442
133,46.44425053582651,44.348788436619614,46.01293737191054,48.29479335607575,33.2711227258905,37.520160427870245,50.84689830517569,20.501178990699344,33.86653161337169,-0.032836084037506624,5.555231648631066,1.0726277019235857,-2.4475734958586575,-21.97867654404107,2.8773990376693677,-23.49992315815352,-6.32232395162988,21.294493593185855,3.357580619497708,-1.4018529619259155,0.2955092650771614,0.23915166739387755,2.2622869995715704,2.4873548340355467,1.111753713344661,-1.0287537288948565,1.040165270377204,-0.5974572229667698,2.2497969838479364,-0.5260815306465962,2.252457560034454,-1.1255672117028335,2.5573911065649173,-1.9254677699229126
134,46.4721377662119,44.39363494559401,46.18224997811418,48.294773918481575,33.38097548036516,37.56911907098959,50.94832822691691,20.61384618609447,33.99460976933421,0.32013861634125423,5.529651796515905,1.0070433682017796,-2.4298468100797206,-21.850925514709374,2.828259038983263,-23.524794837699535,-6.378631578418228,21.19806755022949,3.357827159569519,-1.2632504056316993,0.10007588378672047,0.35665093716932816,2.2176546400439343,2.5336524542344625,1.0210404995314277,-0.997311685881751,0.9421623134524872,-0.5387107835653221,2.057245554750068,-0.5021838533041229,2.253465299895963,-1.1262327002906865,2.560245641560759,-1.9275567256941954
135,46.49674414596366,44.43471211007123,46.350864287208786,48.28749442771463,33.48911160562719,37.61458874434688,51.040846755201365,20.726566803282545,34.12279771510429,0.6315868813813359,5.506331422839265,0.949600069014802,-2.406192230272244,-21.721393807677714,2.7803283496438445,-23.548590389938013,-6.434974483749048,21.101561162820403,3.343861217390037,-1.100429714935159,-0.045125179668790635,0.4752088177401377,2.183322055791818,2.569266008233791,0.951261104290476,-0.9731254989485129,0.8667754235103645,-0.4935212147949164,1.879017685615129,-0.4806613071537471,2.254533735754145,-1.1269382711403746,2.562441437711193,-1.929163614749084
136,46.51806967508189,44.473150733400516,46.51806967508189,48.275466499666706,33.59604609044037,37.65761613887074,51.125170068027195,20.83934387706332,34.25106251373964,0.9015087110827334,5.484592684069594,0.9015087110827334,-2.3765568258964804,-21.590615626256053,2.733244176847077,-23.57142857142857,-6.491354671735447,21.004998534294373,3.3156827929596315,-0.9133908898364933,-0.14009392528937567,0.5948253091062958,2.1592892468153706,2.5941954960331945,0.9024155276217181,-0.9561951680953431,0.8140046005510126,-0.46188851665567854,1.7151133764432471,-0.4615138921953137,2.2556628676088075,-1.1276839242519858,2.563978495016652,-1.9302884370874773
137,48.41886629238128,44.51008161893096,46.68315551762091,48.2612017502295,33.702293923568554,37.69924794548978,51.20201434339265,20.952180442236653,34.37937122829803,-0.05265926227838236,5.463757736675318,0.8639802011257319,-2.3408876664126255,-21.459125173754458,2.6866437277889634,-23.59342813873082,-6.54777414649055,20.90840376798727,3.2732918862778835,-0.7021339303355405,-0.18483035307478904,0.7155004112678294,2.1455562131145376,2.6084409176328927,0.874503769525401,-0.9465206933220656,0.7838498445741502,-0.44381268914756733,1.565532627234389,-0.44474160842911853,2.256852695460097,-1.1284696596254875,2.564856813476778,-1.9309311927093598
138,50.03954551344697,44.54663557001168,46.84541119071324,48.247211795294696,33.80837009377547,37.740530855132626,51.27209575929576,21.065079533602415,34.50769092183712,-0.8662130079862851,5.44314873712492,0.8382254458639165,-2.2991318212809237,-21.327456653482827,2.640164209665527,-23.614707848404365,-6.604234912127403,20.811800967234873,3.2166884973449283,-0.4666588364322198,-0.17933446302515282,0.8372341242246807,2.1421229546892526,2.6120022730328287,0.8675258300012989,-0.9441020746287062,0.7763111555799171,-0.4392937322705231,1.4302754379884908,-0.43034445585483566,2.258103219308049,-1.1292954772608794,2.5650763930919305,-1.9310918816148381
139,51.38010733827916,44.583943389991866,47.004126070246436,48.236008250754175,33.91478958982487,37.782511558727876,51.33613049373474,21.17804418596036,34.63598865741473,-1.5391525260409697,5.42208784188679,0.8254553520173338,-2.251236359961613,-21.196144268751205,2.5934428296727323,-23.635386457008778,-6.660738972759128,20.715214235373033,3.145872626160861,-0.2069656081267211,-0.12360625514068999,0.9600264479768545,2.1489894715396285,2.6048795622329743,0.8814817090494981,-0.9489393120153784,0.79138853356846,-0.448331646024566,1.3093418087056794,-0.4183224344726906,2.259414439152482,-1.1301613771581573,2.5646372338618364,-1.9307705038039324
140,52.44055176687775,44.623135882220566,47.1585895321078,48.230102732499574,34.02206740048059,37.826236747204135,51.39483472470773,21.291077434110377,34.76423149808856,-2.071477816442437,5.399897207429418,0.8268808263061465,-2.1971483519149175,-21.065722222869557,2.546116795006645,-23.655582721103713,-6.7172883324988,20.61866767573758,3.060844272725562,0.07694575458117252,-0.017645729421299786,1.083877382524475,2.166155763665787,2.5870727852333504,0.9163714066700185,-0.9610324054819873,0.8290819785393929,-0.4709264304097189,1.202731739385896,-0.4086755442825616,2.2607863549935887,-1.1310673593173588,2.5635393357865794,-1.9299670592764497
141,53.22087879924274,44.66534385004698,47.308090952184905,48.23200685642277,34.1307185145064,37.87275311149005,51.44892463021288,21.40418231285229,34.89238650691639,-2.463188879190681,5.375898990221222,0.8437127754505027,-2.1368148666010818,-20.936724719147882,2.4978233128632152,-23.675415397248727,-6.773884995459537,20.522185391664294,2.961603437039075,0.385075251691231,0.13854711413305953,1.208786927867371,2.193621831067371,2.558581942034065,0.9721949228628151,-0.9803813550285143,0.8893914904930773,-0.5070780854260023,1.1104452300290506,-0.401403785284558,2.262218966831266,-1.1320134237384758,2.5617826988660224,-1.9286815480325936
142,53.72108843537416,44.71169809682019,47.45191970636509,48.244232238415385,34.24125792066606,37.92310734251421,51.49911638824835,21.517361856985914,35.020420746955935,-2.7142857142857215,5.349415346730667,0.8771621061704493,-2.0701829734803443,-20.80968596089617,2.4481995904384615,-23.695003242003455,-6.830530965754404,20.425791486489025,2.8481501191015086,0.717422883203452,0.34497227552261084,1.3347550840055753,2.2313876737446314,2.519407032634811,1.0489522576278696,-1.0069861606550439,0.9723170694293325,-0.556786611073463,1.0324822806353504,-0.3965071574785185,2.263712274665429,-1.1329995704214784,2.559367323100456,-1.926913970072257
143,53.72108843537416,44.7633294258893,47.589365170535835,48.26929049436925,34.35420060772339,37.97834613120525,51.54612617681226,21.630619101311076,35.14830128126494,-2.7142857142857215,5.3197684334261925,0.928439725186144,-1.9971997420129144,-20.68514015142438,2.3968828349283817,-23.714465011927466,-6.887228247496522,20.329510063547616,2.7204843189125336,1.0739886491181472,0.6016297547469236,1.4617818509392604,2.279453291697763,2.469548057035947,1.146643410965138,-1.040846822361421,1.0778587153481545,-0.6200520073518931,0.9688428912045499,-0.3939856608646553,2.2652662784964273,-1.1340257993663128,2.556293208489673,-1.9246643253954656
144,53.72108843537416,44.82136864060354,47.719716720584586,48.309693240176074,34.47006156444213,38.039516168491765,51.590670173902815,21.743957080627595,35.27599517290113,-2.7142857142857215,5.286280406776218,0.9987565392176626,-1.917812241659046,-20.563621494042536,2.343510253528984,-23.733919463580413,-6.943978844799016,20.233365226175863,2.578606036472649,1.4547725494350934,0.9085195518064728,1.589867228668145,2.337818684926374,2.4090050152372515,1.2652683828748712,-1.081963340147889,1.2060164282497947,-0.6968742742615106,0.9195270617368562,-0.39383929544279783,2.266880978323794,-1.1350921105731546,2.5525603550337865,-1.9219326140022701
145,53.72108843537416,44.88694654431195,47.84226373239877,48.36795209172761,34.58935577958609,38.10766414530238,51.63346455751813,21.857378829735314,35.403469484922276,-2.7142857142857215,5.248273423249208,1.089323454985124,-1.831967541878973,-20.445664192060644,2.287719053436262,-23.753485353521846,-7.00078476177492,20.137381077709584,2.4225152717813487,1.8597745841541489,1.2656416667007269,1.7190112171924918,2.406483853430625,2.3377779072388063,1.4048271733567839,-1.1303357140142618,1.3567902081337238,-0.7872534118022381,0.8845347922321278,-0.3960680612129867,2.268556374147855,-1.1361985040418645,2.5481687627326544,-1.918718835892558
146,53.72108843537416,44.96119394036372,47.956295581865824,48.4465786649156,34.71259824191909,38.183836752565675,51.675225505656336,21.97088738343411,35.530691280386115,-2.7142857142857215,5.205069639313627,1.2013513792086863,-1.7396127121328708,-20.331802448788622,2.2291464418462343,-23.773281438311407,-7.057648002537338,20.04158172148462,2.2522120248389825,2.2889947532756003,1.6729960994300712,1.849213816512115,2.4854487972105663,2.25586673304064,1.5653197824110536,-1.1859639439605958,1.5301800550004852,-0.8911894199741188,0.8638660826903797,-0.400671958175291,2.2702924659684673,-1.1373449797725357,2.5431184315862225,-1.9150229910664018
147,53.72108843537416,45.045241632107995,48.061101644873226,48.54808457563184,34.84030394020482,38.26908068121034,51.71666919631563,22.084485776523707,35.65762762235039,-2.7142857142857215,5.155991211437889,1.3360512186084297,-1.640694821881066,-20.222570467536517,2.1674296259548833,-23.793426474508692,-7.114570571199405,19.945991260836784,2.067696295645335,2.7424330567991726,2.130582849994404,1.9804750266271123,2.574713516266102,2.1632714926425645,1.7467462100375006,-1.2488480299868905,1.7261859688497565,-1.0086822987770447,0.8575209331117971,-0.4076509863296711,2.272089253785585,-1.1385315377650416,2.537409361594823,-1.9108450795238057
148,53.72108843537416,45.14022042289378,48.155971297308376,48.674981439768025,34.972987863207116,38.36444262216492,51.75851180749412,22.198177043804037,35.784245573872816,-2.7142857142857215,5.100360296090439,1.4946338799044545,-1.53516094058371,-20.1185024516143,2.102205812958224,-23.814039218673273,-7.171554471874189,19.8506337991019,1.6952632955060465,2.541527873851976,2.0151464334034817,1.75365359704463,2.243682211355411,1.8160753286944349,1.571974674933169,-1.0963549402743245,1.560359641094799,-0.9130022226342592,0.7302523699959201,-0.3520668387498207,1.9482664557383862,-0.9763869740436302,2.1725696712057045,-1.6361455441759387
149,53.72108843537416,45.24726111607036,48.24019391505873,48.82978087321591,35.111164999689755,38.470969266358075,51.801469517189986,22.311964220074877,35.91051219801111,-2.7142857142857215,5.037499049739726,1.6783102698169086,-1.4229581377011047,-20.02013260433195,2.0331122100522534,-23.835238427364807,-7.228601708674791,19.755533439615785,1.3451289760369471,2.282765257373514,1.8486925718276657,1.5083830262444207,1.9028415966583827,1.4790544658890266,1.3772661697599844,-0.9369515114379762,1.3729942019279164,-0.8044108411285178,0.6079827025235878,-0.2961642960600131,1.6242043154306172,-0.8140843541124758,1.8083573511452957,-1.3619051199865695
150,53.72108843537416,45.36749451498672,48.3130588740117,49.01499449186729,35.25535033841653,38.589707304718374,51.84625850340139,22.42585034013603,36.03639455782313,-2.7142857142857215,4.966729628854227,1.888291295065853,-1.304033482693426,-19.927995128999484,1.9597860244329706,-23.85714285714285,-7.2857142857142865,19.660714285714285,1.0193236918453696,1.9626854738776263,1.624045219861985,1.2445120841127042,1.5507202757069702,1.1537351993975407,1.159630149007715,-0.7696011926093277,1.1608587846371359,-0.6809714584554297,0.4886657078430055,-0.2396040538041238,1.299894162005489,-0.6516179519341413,1.444866506962903,-1.088192673629529
151,53.72108843537416,45.36749451498672,48.3130588740117,49.01499449186729,35.25535033841653,38.589707304718374,51.84625850340139,22.42585034013603,36.03639455782313,-2.7142857142857215,4.966729628854227,1.888291295065853,-1.304033482693426,-19.927995128999484,1.9597860244329706,-23.85714285714285,-7.2857142857142865,19.660714285714285,0.7198777975385059,1.577828789878358,1.334028332101294,0.961889540536118,1.1858468520334537,0.8416438243915261,0.9160760671658132,-0.5932674329197527,0.9207225225106371,-0.5407473788104632,0.3702551631021692,-0.1820468075261677,0.9753273246066418,-0.4889820414710924,1.0821912442078319,-0.8150770717785734
152,53.72108843537416,45.36749451498672,48.3130588740117,49.01499449186729,35.25535033841653,38.589707304718374,51.84625850340139,22.42585034013603,36.03639455782313,-2.7142857142857215,4.966729628854227,1.888291295065853,-1.304033482693426,-19.927995128999484,1.9597860244329706,-23.85714285714285,-7.2857142857142865,19.660714285714285,0.4488216477237894,1.124735471889714,0.9714658631407638,0.6603641654008143,0.8067499291697471,0.5443066360423356,0.6436133787241487,-0.4069136815007254,0.6493545488369556,-0.38180190638917655,0.2507048454493251,-0.12315325277022326,0.650495132377125,-0.3261708966859938,0.720425668429469,-0.5426271811074728
153,53.72108843537416,45.36749451498672,48.3130588740117,49.01499449186729,35.25535033841653,38.589707304718374,51.84625850340139,22.42585034013603,36.03639455782313,-2.7142857142857215,4.966729628854227,1.888291295065853,-1.304033482693426,-19.927995128999484,1.9597860244329706,-23.85714285714285,-7.2857142857142865,19.660714285714285,0.20818559700848505,0.5999457864255577,0.5291817675753783,0.33978472859336917,0.41195811064791943,0.26324992952132714,0.33925153817228265,-0.20950338748366595,0.34352399690387225,-0.20219834538713877,0.12796853203257486,-0.06258408508012457,0.3253889144604381,-0.16317879154141585,0.35966388517719367,-0.27091186829000274
154,53.72108843537416,45.36749451498672,48.3130588740117,49.01499449186729,35.25535033841653,38.589707304718374,51.84625850340139,22.42585034013603,36.03639455782313,-2.7142857142857215,4.966729628854227,1.888291295065853,-1.304033482693426,-19.927995128999484,1.9597860244329706,-23.85714285714285,-7.2857142857142865,19.660714285714285,0.0,0.0,0.0,0.0,0.0,0.0,0.0,0.0,0.0,0.0,0.0,0.0,0.0,0.0,0.0,0.0
155,53.72108843537416,45.36749451498672,48.3130588740117,49.01499449186729,35.25535033841653,38.589707304718374,51.84625850340139,22.42585034013603,36.03639455782313,-2.7142857142857215,4.966729628854227,1.888291295065853,-1.304033482693426,-19.927995128999484,1.9597860244329706,-23.85714285714285,-7.2857142857142865,19.660714285714285,0.0,0.0,0.0,0.0,0.0,0.0,0.0,0.0,0.0,0.0,0.0,0.0,0.0,0.0,0.0,0.0
156,53.72108843537416,45.36749451498672,48.3130588740117,49.01499449186729,35.25535033841653,38.589707304718374,51.84625850340139,22.42585034013603,36.03639455782313,-2.7142857142857215,4.966729628854227,1.888291295065853,-1.304033482693426,-19.927995128999484,1.9597860244329706,-23.85714285714285,-7.2857142857142865,19.660714285714285,0.0,0.0,0.0,0.0,0.0,0.0,0.0,0.0,0.0,0.0,0.0,0.0,0.0,0.0,0.0,0.0
