frame,ball_x,5_x,7_x,9_x,10_x,27_x,66_x,8101_x,9623_x,9626_x,9627_x,ball_y,5_y,7_y,9_y,10_y,27_y,66_y,8101_y,9623_y,9626_y,9627_y,10_vx,10_vy,27_vx,27_vy,5_vx,5_vy,66_vx,66_vy,7_vx,7_vy,8101_vx,8101_vy,9_vx,9_vy,9623_vx,9623_vy,9626_vx,9626_vy,9627_vx,9627_vy,Time [s]
0,32.07054985852442,34.9744132833398,32.07054985852442,26.355600852231078,29.063640467978605,33.58211848041906,29.440810719764258,6.129251700680264,12.042176870748296,3.9659863945578255,15.35918367346939,-7.44768081962427,-4.675265404813835,-7.44768081962427,-7.703142478304549,1.6526040656113596,17.063947226404654,-27.970416632482742,-8.857142857142854,12.714285714285715,2.285714285714297,22.42857142857143,,,,,,,,,,,,,,,,,,,,,0.0
1,32.07054985852442,34.9744132833398,32.07054985852442,26.355600852231078,29.063640467978605,33.58211848041906,29.440810719764258,6.129251700680264,12.042176870748296,3.9659863945578255,15.35918367346939,-7.44768081962427,-4.675265404813835,-7.44768081962427,-7.703142478304549,1.6526040656113596,17.063947226404654,-27.970416632482742,-8.857142857142854,12.714285714285715,2.285714285714297,22.42857142857143,,,,,,,,,,,,,,,,,,,,,0.05
2,32.07054985852442,34.9744132833398,32.07054985852442,26.355600852231078,29.063640467978605,33.58211848041906,29.440810719764258,6.129251700680264,12.042176870748296,3.9659863945578255,15.35918367346939,-7.44768081962427,-4.675265404813835,-7.44768081962427,-7.703142478304549,1.6526040656113596,17.063947226404654,-27.970416632482742,-8.857142857142854,12.714285714285715,2.285714285714297,22.42857142857143,,,,,,,,,,,,,,,,,,,,,0.1
3,32.07054985852442,34.9744132833398,32.07054985852442,26.355600852231078,29.063640467978605,33.58211848041906,29.440810719764258,6.129251700680264,12.042176870748296,3.9659863945578255,15.35918367346939,-7.44768081962427,-4.675265404813835,-7.44768081962427,-7.703142478304549,1.6526040656113596,17.063947226404654,-27.970416632482742,-8.857142857142854,12.714285714285715,2.285714285714297,22.42857142857143,,,,,,,,,,,,,,,,,,,,,0.15000000000000002
4,32.07054985852442,34.9744132833398,32.07054985852442,26.355600852231078,29.063640467978605,33.58211848041906,29.440810719764258,6.129251700680264,12.042176870748296,3.9659863945578255,15.35918367346939,-7.44768081962427,-4.675265404813835,-7.44768081962427,-7.703142478304549,1.6526040656113596,17.063947226404654,-27.970416632482742,-8.857142857142854,12.714285714285715,2.285714285714297,22.42857142857143,0.6351630411730623,0.07269056346875771,0.2798288774772979,0.1358607558941064,0.8033249082462086,0.3266353949651802,0.343426452377906,0.2085552746115736,0.753142471971192,-0.5302017570631484,0.0,-4.0602442043434304e-14,0.8230526146989398,0.6386202896447203,0.16482021379980594,-0.11502782931352891,-2.1570047335574472e-14,0.0,0.2659598904496719,-0.08905380333954685,0.2
5,32.07054985852442,34.9744132833398,32.07054985852442,26.355600852231078,29.063640467978605,33.58211848041906,29.440810719764258,6.129251700680264,12.042176870748296,3.9659863945578255,15.35918367346939,-7.44768081962427,-4.675265404813835,-7.44768081962427,-7.703142478304549,1.6526040656113596,17.063947226404654,-27.970416632482742,-8.857142857142854,12.714285714285715,2.285714285714297,22.42857142857143,1.2762041261624446,0.14900830251365604,0.5683197174084245,0.2422146030364709,1.5896833988586172,0.6320942502877409,0.7231178783712673,0.4253269733948174,1.4759069408053858,-1.0317682273169866,0.0,0.0,1.6463708866560722,1.2603978073395212,0.32964042759962203,-0.23005565862708827,0.0,0.0,0.5319197808993031,-0.17810760667904296,0.25
6,32.07054985852442,34.9744132833398,32.07054985852442,26.355600852231078,29.063640467978605,33.58211848041906,29.440810719764258,6.129251700680264,12.042176870748296,3.9659863945578255,15.35918367346939,-7.44768081962427,-4.675265404813835,-7.44768081962427,-7.703142478304549,1.6526040656113596,17.063947226404654,-27.970416632482742,-8.857142857142854,12.714285714285715,2.285714285714297,22.42857142857143,1.9229774769970782,0.22855489065258933,0.8653530213923741,0.31987899924452284,2.359536474059415,0.9168972139220166,1.1379883795437706,0.6499981615243555,2.1690375695755755,-1.505383655229528,0.0,0.0,2.4698341815067693,1.8657717980004944,0.49446064139942797,-0.34508348794064764,-2.1570047335574472e-14,0.0,0.7978796713490207,-0.2671614100185188,0.30000000000000004
7,32.33414972371434,35.25557700122597,32.33414972371434,26.643669267375707,29.285947532389176,33.68005858753612,29.561009978096525,6.129251700680264,12.099863945578228,3.965986394557818,15.452269635126775,-7.633251434596372,-4.560943016576022,-7.633251434596372,-7.4796253769288965,1.6780457628254248,17.11149849096759,-27.89742228636869,-8.857142857142868,12.67402597402598,2.285714285714297,22.39740259740259,2.575337315705702,0.3109320014036886,1.1708092910283647,0.36967140233586404,3.113345136070913,1.1815649338222403,1.5869520574589404,0.8822519041747818,2.8332785213549583,-1.951732285268683,4.5677747298863585e-14,1.0150610510858576e-14,3.2933218648864937,2.455181506543549,0.659280855199305,-0.46011131725415116,4.187126835729163e-14,1.268826313857322e-14,1.0638395617987788,-0.3562152133580656,0.35000000000000003
8,32.58711728780631,35.530802472940316,32.58711728780631,26.931830662560703,29.51031191213546,33.78103038151201,29.6939019771942,6.129251700680264,12.157551020408164,3.9659863945578255,15.545355596784146,-7.808799699185215,-4.454032417213126,-7.808799699185215,-7.262003245735716,1.7047569714911393,17.14872233746742,-27.821552191794556,-8.857142857142854,12.633766233766234,2.285714285714297,22.366233766233766,3.233137864317368,0.39574130828473575,1.4845690279154715,0.39240927012789334,3.8515703871152995,1.4266180579424972,2.0689230136805032,1.1217712665205275,3.4693739592167514,-2.371498361902586,4.5677747298863585e-14,1.0150610510858576e-14,4.116713302430637,3.0290661778846557,0.8241010689990296,-0.5751391465677307,5.048709793414476e-29,1.4199496293978212e-29,1.3297994522484453,-0.4452690166976022,0.4
9,32.829713007875874,35.800251049260595,32.829713007875874,27.220042815758447,29.736682584927582,33.88499203790639,29.839106652604578,6.129251700680264,12.215238095238096,3.965986394557818,15.638441558441547,-7.974565098954605,-4.3543513799411295,-7.974565098954605,-7.050122349004376,1.732598277339766,17.175904876140237,-27.742917275949218,-8.857142857142854,12.593506493506489,2.285714285714297,22.33506493506495,3.896233344860837,0.4825844848139031,1.806512733652811,0.3889100604381416,4.574673229414928,1.6525772342370713,2.582815349772065,1.3682393137364302,4.078068046234071,-2.765366129599272,5.048709793414476e-29,1.0150610510858576e-14,4.939887859774611,3.5878650569396844,0.9889212827988252,-0.6901669758812594,5.048709793414476e-29,1.4199496293978212e-29,1.5957593426980763,-0.5343228200371084,0.45
10,33.06219734099866,36.06408408096462,33.06219734099866,27.50826350494135,29.9650085284756,33.99190173227899,29.996243939874887,6.12925170068028,12.272925170068053,3.96598639455784,15.731527520098963,-8.130787119468309,-4.261717677976051,-8.130787119468309,-6.843828951014307,1.7614302661026506,17.193332217222206,-27.66162846602157,-8.85714285714285,12.553246753246762,2.2857142857143016,22.303896103896108,4.564477979365153,0.5710632045091124,2.13652090983948,0.35999123108415987,5.283114665191988,1.8599631106603225,3.1275431672973038,1.6213391109969117,4.660104945480177,-3.1340198328267097,5.048709793414476e-29,1.0150610510858576e-14,5.762724902553943,4.132017388624826,1.1537414965986517,-0.8051948051947935,5.048709793414476e-29,1.4199496293978212e-29,1.861719233147794,-0.6233766233766249,0.5
11,33.284830744250286,36.322462918830155,33.284830744250286,27.7964505080818,30.195238720489684,34.10171764018948,30.164933774552434,6.12925170068028,12.330612244897956,3.9659863945578255,15.824613481756346,-8.277705246290175,-4.175949084533961,-8.277705246290175,-6.642969316044919,1.7911135235110172,17.201290470949417,-27.577796689200557,-8.85714285714285,12.51298701298701,2.285714285714297,22.27272727272727,4.602562948685918,0.5880885774195146,2.1946451805973153,0.17060948398936254,5.1740307884225185,1.7226609402011253,3.3585941154419774,1.6721984488650117,4.4630863480568905,-2.947941958989809,5.048709793414476e-29,4.0602442043434316e-14,5.76205118170503,4.023342128211156,1.1537414965986412,-0.805194805194824,7.573064690121713e-29,1.4199496293978212e-29,1.861719233147799,-0.6233766233766045,0.55
12,33.49787367470635,36.575548913635025,33.49787367470635,28.084561603152192,30.427322138679898,34.214397937197546,30.34479609218448,6.129251700680264,12.388299319727885,3.9659863945578255,15.917699443413717,-8.415558964984015,-4.09686337283086,-8.415558964984015,-6.447389708375659,1.8215086352962258,17.200065747558003,-27.49153287267499,-8.85714285714285,12.472727272727274,2.285714285714297,22.241558441558443,4.639627472208961,0.602325664955884,2.2519329625488234,-0.013050058382901908,5.06817392720876,1.5890033054216532,3.5820437745321954,1.7208392429553196,4.2712768921455995,-2.7666537964288853,4.5677747298863686e-14,1.01506105108586e-14,5.760533020304085,3.9177415822093185,1.1537414965986312,-0.8051948051947886,9.781875224740546e-29,1.4199496293978212e-29,1.8617192331478856,-0.623376623376635,0.6000000000000001
13,33.701586589442485,36.823503416156996,33.701586589442485,28.372554568124958,30.661207760756408,34.32990079886288,30.535450828318314,6.129251700680264,12.445986394557824,3.9659863945578255,16.01078540507112,-8.544587761113618,-4.0242783160827225,-8.544587761113618,-6.256936392285859,1.852476187189549,17.18994415728411,-27.402947943633823,-8.85714285714285,12.432467532467538,2.285714285714297,22.210389610389612,4.67567154993425,0.6137744671181925,2.3083842556942455,-0.1909873960325825,4.965544081550794,1.4589902063216935,3.797892144567833,1.7672614932677022,4.084676577746627,-2.590155345144157,4.5677747298863686e-14,3.470987982972452e-29,5.758170418351176,3.8152157506191915,1.1537414965986412,-0.8051948051947884,2.1570047335574573e-14,1.4199496293978212e-29,1.8617192331478447,-0.6233766233766654,0.65
14,33.89622994553425,37.066487777173855,33.89622994553425,28.660387180972467,30.896844564429248,34.44818440074518,30.736517918501217,6.129251700680264,12.503673469387753,3.965986394557818,16.103871366728505,-8.665031120242805,-3.9580116875056284,-8.665031120242805,-6.071455632054992,1.883876764922255,17.171211810363868,-27.312152829265937,-8.857142857142854,12.392207792207792,2.285714285714297,22.179220779220778,4.710695181861876,0.6224349839063431,2.3639990600334615,-0.3632025289597301,4.866141251448537,1.3326216429012478,4.006139225549074,1.8114651998020999,3.9032854048597327,-2.418446605135662,-4.5677747298863434e-14,-1.0150610510858541e-14,5.754963375846284,3.7157646334408425,1.1537414965985702,-0.8051948051948441,-6.344131569286598e-14,-1.2688263138573206e-14,1.8617192331477936,-0.6233766233766247,0.7000000000000001
15,34.08206420005727,37.30466334746338,34.08206420005727,28.948017219667133,31.134181527408597,34.5692069184041,30.94761729828047,6.12925170068028,12.561360544217685,3.9659863945578255,16.196957328385906,-8.777128527935325,-3.8978812603155473,-8.777128527935325,-5.890793691962455,1.9155709542256987,17.144154817033403,-27.219258456760194,-8.85714285714285,12.351948051948058,2.285714285714297,22.148051948051943,4.744698367991589,0.6283072153205582,2.41877737556635,-0.5296954571642334,4.769965436902157,1.209897615160562,4.20678501747588,1.8534503625588272,3.727103373484916,-2.251527576403259,2.0194839173657902e-28,4.733165431326071e-29,5.750911892789443,3.619388230674248,1.1537414965987227,-0.8051948051947633,-2.1570047335574403e-14,0.0,1.8617192331477943,-0.6233766233766045,0.75
16,34.259349810087194,37.53819147780337,34.259349810087194,29.23540246218136,31.37316762740457,34.69292652739938,31.16836890320332,6.12925170068028,12.61904761904762,3.9659863945578255,16.290043290043293,-8.88111946975506,-3.8437048077285367,-8.88111946975506,-5.714796836287658,1.9474193408311333,17.109059287528833,-27.12437575330552,-8.857142857142854,12.311688311688313,2.285714285714297,22.116883116883116,4.777681108323638,0.6313911613606425,2.4727192022930717,-0.690466180646183,4.677016637911343,1.090818123099406,4.399829520348279,1.8932169815375182,3.5561304836222973,-2.0893982589468205,4.5677747298863737e-14,-1.0150610510858518e-14,5.746015969180586,3.526086542319542,1.1537414965986517,-0.8051948051947936,4.733165431326071e-29,0.0,1.86171923314784,-0.6233766233766249,0.8
17,34.428347232699565,37.76723351897161,34.428347232699565,29.52250068648755,31.613751842127257,34.8193014032907,31.398392668817063,6.129251700680264,12.676734693877552,3.965986394557818,16.38312925170069,-8.97724343126579,-3.7953001029606144,-8.97724343126579,-5.543311329310011,1.9792825104698708,17.0662113320863,-27.027615646090833,-8.857142857142854,12.271428571428567,2.285714285714297,22.08571428571429,4.8096434028577715,0.6316868220265702,2.5258245402136277,-0.8455146994055494,4.58729485447632,0.9753831667178186,4.585272734166119,1.9307650567383152,3.3903667352717344,-1.9320586527666908,1.0097419586828951e-28,-5.075305255429287e-14,5.740275605019727,3.43585956837649,1.1537414965986619,-0.8051948051948139,-2.157004733557445e-14,-5.5828357809722224e-14,1.8617192331477994,-0.6233766233766147,0.8500000000000001
18,34.58931692497001,37.99195082174591,34.58931692497001,29.809269670558106,31.85588314928674,34.9482897216377,31.637308530668992,6.12925170068028,12.73442176870751,3.965986394557818,16.476215213358074,-9.065739898031316,-3.7524849192277645,-9.065739898031316,-5.376183435308932,2.0110210488732125,17.015897060941935,-26.929089062304968,-8.85714285714285,12.231168831168842,2.285714285714297,22.05454545454546,4.840585251594395,0.6291941973185753,2.578093389327896,-0.994841013442362,4.500800086597049,0.8635927460158411,4.763114658929471,1.9660945881613197,3.2298121284333092,-1.7795087578625461,4.5677747298863636e-14,-4.417621069237666e-29,5.733690800306955,3.348707308845249,1.1537414965986517,-0.8051948051948139,0.0,-5.5828357809722224e-14,1.8617192331477994,-0.6233766233766045,0.9
19,34.74251934397415,38.212504736903995,34.74251934397415,30.095667192365397,32.09951052659317,35.07984965800012,31.88473642430638,6.12925170068028,12.792108843537413,3.9659863945578255,16.56930117501546,-9.146848355615402,-3.7150770297460682,-9.146848355615402,-5.213259418563819,2.0424955417724506,16.95840258433184,-26.82890692913686,-8.857142857142854,12.190909090909097,2.285714285714297,22.023376623376624,4.87050665453307,0.623913287236437,2.629525749636078,-1.1384451227565604,4.417532334273549,0.7554468609934324,4.933355294638366,1.9992055758063383,3.074466663107061,-1.6317485742346647,-4.5677747298863535e-14,-1.0150610510858633e-14,5.726261555042159,3.2646297637257824,1.153741496598641,-0.8051948051948238,-4.733165431326071e-29,-1.199068575935938e-28,1.8617192331477481,-0.6233766233765841,0.9500000000000001
20,34.88821494678759,38.42905661522371,34.88821494678759,30.381651029881862,32.34458295175663,35.21393938793765,32.140296285276456,6.129251700680264,12.849795918367356,3.965986394557818,16.662387136672848,-9.22080828958196,-3.682894207731486,-9.22080828958196,-5.054385543354088,2.0735665748988485,16.894014012492168,-26.727180173775412,-8.857142857142868,12.150649350649353,2.2857142857142776,21.992207792207797,4.899407611673973,0.6158440917802788,2.6801216211379333,-1.2763270273482261,4.337491597505881,0.6509455116506337,5.095994641292874,2.0300980196735954,2.9243303392927897,-1.488778101882845,0.0,-6.941975965944904e-29,5.717987869225423,3.1836269330180413,1.1537414965986512,-0.8051948051948187,-4.733165431326071e-29,-1.199068575935938e-28,1.86171923314788,-0.6233766233766348,1.0
21,35.02666419048591,38.64176780748282,35.02666419048591,30.6671789610799,32.591049402487286,35.35051708700994,32.40360804912653,6.12925170068028,12.90748299319728,3.965986394557818,16.755473098330235,-9.287859185494696,-3.655754226400084,-9.287859185494696,-4.899408073959155,2.1040947339837563,16.82301745565904,-26.624019723409475,-8.857142857142854,12.110389610389607,2.2857142857142776,21.961038961038966,4.927288123017184,0.6049866109500456,2.7298810038335413,-1.408486727217318,4.260677876293784,0.55008869798739,5.251032698892885,2.058771919762867,2.7794031569907163,-1.350597340807152,0.0,-6.941975965944904e-29,5.7088697428566535,3.1056988167221244,1.1537414965986612,-0.8051948051948136,2.1570047335574403e-14,-1.199068575935938e-28,1.8617192331477885,-0.6233766233766043,1.05
22,35.15812753214474,38.850799664459124,35.15812753214474,30.95220876393189,32.83885885649517,35.48954093077673,32.6742916514039,6.129251700680264,12.96517006802721,3.9659863945578255,16.84855905998762,-9.348240528917458,-3.633474858967846,-9.348240528917458,-4.748173274658431,2.1339406047584517,16.745699024068607,-26.519536505227975,-8.857142857142854,12.07012987012987,2.285714285714297,21.92987012987014,4.954148188562511,0.5913408447457259,2.778803897723086,-1.5349242223637967,4.187091170637436,0.4528764200036862,5.398469467438391,2.085227276074337,2.63968511620076,-1.2172062910075352,-4.5677747298863636e-14,-5.0753052554293094e-14,5.698907175935913,3.0308454148379886,1.1537414965985704,-0.8051948051948494,-1.4199496293978212e-28,-1.199068575935938e-28,1.86171923314784,-0.623376623376635,1.1
23,35.28286542883967,39.05631353693043,35.28286542883967,31.236698216410257,33.08796029149046,35.630969094797656,32.951967027655826,6.12925170068028,13.022857142857148,3.9659863945578255,16.94164502164505,-9.402191805414056,-3.615873878650815,-9.402191805414056,-4.6005274097313436,2.162964772954231,16.662344827956954,-26.413841446419763,-8.857142857142854,12.029870129870126,2.285714285714297,21.898701298701294,4.979987808310153,0.5749067931673452,2.826890302806281,-1.655639512787711,4.116731480536881,0.3593086776997317,5.538304946929447,2.1094640886079015,2.5051762169229415,-1.0886049524842178,-4.5677747298863636e-14,-4.060244204343453e-14,5.6881001684631975,2.959066727365557,1.1537414965986617,-0.8051948051948139,-1.4199496293978212e-28,-1.199068575935938e-28,1.8617192331477994,-0.6233766233765843,1.1500000000000001
24,35.401138337646316,39.25847077567443,35.401138337646316,31.52060509648738,33.33830268518327,35.77475975463244,33.236254113429574,6.129251700680264,13.080544217687084,3.9659863945578255,17.034730983302417,-9.449952500548294,-3.602769058665028,-9.449952500548294,-4.4563167434572675,2.191027824302387,16.57324097756024,-26.30704547417383,-8.857142857142854,11.989610389610382,2.285714285714297,21.867532467532477,5.004806982260133,0.5556844562149861,2.8741402190833902,-1.770632598489082,4.049598805992298,0.2693854710752623,5.670539137366106,2.131482357363623,2.375876459157219,-0.9647933252367934,4.5677747298863535e-14,4.060244204343408e-14,5.676448720438642,2.8903627543049373,1.1537414965986106,-0.8051948051947934,2.1570047335574355e-14,5.5828357809722104e-14,1.861719233147799,-0.6233766233766348,1.2000000000000002
25,35.833723872955915,39.45743273146901,35.51320671564027,31.803887182135675,33.58983501528362,35.92087108584078,33.52677284427243,6.129251700680264,13.138231292517009,3.965986394557818,17.127816944959818,-10.066856967382723,-3.5939781722264743,-9.491762099883953,-4.315387540115636,2.2179903445342166,16.478673583114606,-26.19925951567895,-8.857142857142868,11.949350649350645,2.285714285714297,21.836363636363636,5.028605710412067,0.5336738338884824,2.920553646554131,-1.8799034794678189,3.9856931470030625,0.18310680013050037,5.795172038748289,2.151282082341359,2.2517858429036144,-0.8457714092656281,-4.5677747298863535e-14,1.0150610510858388e-14,5.6639528318619305,2.824733495656093,1.153741496598641,-0.8051948051947934,-9.466330862652142e-29,5.5828357809722104e-14,1.8617192331477888,-0.6233766233765841,1.25
26,36.25629916447326,39.6533607550919,35.61933101989718,32.086502251327516,33.842506259501725,36.06926126398232,33.823143155731685,6.129251700680264,13.195918367346945,3.9659863945578255,17.22090290661719,-10.669485958951563,-3.589318992551162,-9.527860088984879,-4.177586063985874,2.2437129193810215,16.37892875485614,-26.090594498124094,-8.857142857142868,11.909090909090912,2.285714285714297,21.80519480519482,5.051383992766459,0.5088749261879181,2.966130585218767,-1.9834521557240534,3.925014503569943,0.10047266486518325,5.912203651075943,2.168863263541262,2.1329043681621473,-0.7315392045706962,0.0,-4.0602442043434436e-14,5.650612502733319,2.762178951418977,1.1537414965986055,-0.8051948051948137,-2.1570047335574545e-14,0.0,1.8617192331477885,-0.6233766233766653,1.3
27,36.66886421219831,39.84641619732101,35.71977170749262,32.36840808203539,34.096265395547675,36.21988846461684,34.124984983354594,6.12925170068028,13.25360544217687,3.9659863945578255,17.313988868274578,-11.257839475254837,-3.588609292855144,-9.558485953414838,-4.0427585793473595,2.2680561345740937,16.27429260302099,-25.981161348698144,-8.857142857142854,11.868831168831175,2.285714285714297,21.774025974025975,5.07314182932303,0.4812877331132678,3.0108710350772387,-2.0812786272576194,3.867562875692253,0.021483065279503593,6.021633974349135,2.1842259009631912,2.0192320349328394,-0.6220967111517188,-4.5677747298863535e-14,-4.0602442043434436e-14,5.636427733052706,2.702699121593724,1.1537414965986368,-0.8051948051948192,-2.1570047335574545e-14,0.0,1.8617192331476984,-0.6233766233766352,1.35
28,37.07141901613104,40.036760408933894,35.814789235502175,32.64956245223158,34.35106140113151,36.37271086330389,34.431918262688434,6.129251700680264,13.311292517006805,3.965986394557818,17.40707482993196,-11.831917516292522,-3.591666846354409,-9.583879178737666,-3.9107513504795217,2.2908805758447253,16.165051237845304,-25.87107099459,-8.85714285714285,11.82857142857143,2.285714285714297,21.74285714285716,5.093879220081673,0.4509122546645818,3.0547749961294213,-2.173382894068646,3.8133382633704738,-0.053861998626468593,6.123463008567916,2.1973699946074388,1.9107688432156276,-0.5174439290088478,4.5677747298863535e-14,-1.7670484276950664e-28,5.621398522820119,2.646294006180164,1.1537414965986317,-0.8051948051947634,-9.466330862652142e-29,0.0,1.8617192331477594,-0.6233766233766352,1.4000000000000001
29,37.46396357627148,40.224554740708605,35.90464406100149,32.92992313988855,34.60684325396343,36.527686635603295,34.74356292928048,6.129251700680264,13.368979591836721,3.965986394557818,17.500160791589344,-12.391720082064625,-3.5983094262650317,-9.604279250517202,-3.7814106416617883,2.312046828924223,16.051490769565188,-25.760434362988534,-8.857142857142868,11.788311688311685,2.285714285714297,21.711688311688306,5.113596165042831,0.4177484908418233,3.0978424683753545,-2.259764956157143,3.762340666604504,-0.12556252685295557,6.217690753732186,2.208295544473648,1.8075147930106328,-0.41758085814224527,4.5677747298863535e-14,4.060244204343426e-14,5.605524872035595,2.5929636051783405,1.153741496598636,-0.8051948051947883,0.0,0.0,1.8617192331477583,-0.6233766233766449,1.4500000000000002
30,37.84649789261965,40.40996054342272,35.989596641066164,33.209447922978704,34.86355993175352,36.68477395707469,35.05953891867802,6.129251700680264,13.426666666666671,3.965986394557818,17.593246753246746,-12.937247172571102,-3.6083548058029886,-9.619925654317157,-3.6545827171735406,2.3314154795438746,15.933897308416787,-25.649362381082646,-8.857142857142868,11.74805194805194,2.285714285714297,21.68051948051947,5.132292664206089,0.38179644164496107,3.1400734518151032,-2.3404248135230326,3.714570085394248,-0.19361851939984673,6.304317209841951,2.2170025505619755,1.7094698843175336,-0.32250749855172944,0.0,0.0,5.588806780699133,2.5427079185884116,1.1537414965986308,-0.8051948051947985,0.0,0.0,1.861719233147799,-0.6233766233766652,1.5
31,38.21902196517553,40.5931391678541,36.069907432771785,33.48809457947442,35.12116041221186,36.84393100327774,35.379466166428344,6.12925170068028,13.484353741496605,3.9659863945578255,17.686332714904133,-13.468498787811987,-3.621620758184292,-9.63105787570139,-3.5301138412942104,2.3488471134349904,15.812556964636213,-25.537965976061226,-8.857142857142854,11.707792207792215,2.285714285714297,21.649350649350655,5.14996871757142,0.343056107074066,3.1814679464485445,-2.415362466166308,3.670026519739499,-0.25802997626711177,6.383342376897309,2.223491012872439,1.6166341171366325,-0.2322238502373455,0.0,0.0,5.5712442488104665,2.4955269464101075,1.1537414965986765,-0.8051948051948492,0.0,0.0,1.8617192331478396,-0.6233766233766146,1.55
32,38.581535793939146,40.77425196478059,36.145836893193994,33.765820887348134,35.37959367304861,37.005115949772154,35.702964608078695,6.12925170068028,13.542040816326532,3.965986394557818,17.779418676561534,-13.985474927787317,-3.6379250566250088,-9.637915400233739,-3.4078502783032167,2.364202316328855,15.687755848459606,-25.426356075113173,-8.857142857142854,11.66753246753247,2.285714285714297,21.61818181818181,5.166624325139255,0.3015274871291382,3.222025952276045,-2.484577914087077,3.62870996964093,-0.3187968974548638,6.454766254898164,2.227760931405152,1.5290074914679312,-0.1467299131990326,1.0658141036401519e-13,4.5753932502818685e-29,5.552837276370063,2.4514206886436396,1.1537414965986976,-0.8051948051947888,2.157004733557445e-14,0.0,1.8617192331478407,-0.6233766233766658,1.6
33,38.93403937891045,40.95346028497989,36.21764547940832,34.042584624572214,35.63880869197386,37.168286972117606,36.02965417917637,6.129251700680264,13.599727891156466,3.9659863945578255,17.87250463821892,-14.488175592497042,-3.6570854743411085,-9.640737713477984,-3.28763829247993,2.377341673956758,15.559780070123079,-25.314643605427403,-8.857142857142868,11.627272727272732,2.285714285714297,21.587012987012987,5.182259486909119,0.2572105818100949,3.2617474692971133,-2.5480711572852357,3.5906204350976636,-0.37591928296296784,6.51858884384465,2.2298123061598685,1.446590007311285,-0.06602568743683647,2.6505726415425997e-28,4.0602442043434304e-14,5.5335858633775326,2.4103891452889905,1.1537414965987025,-0.8051948051947938,0.0,0.0,1.8617192331478916,-0.6233766233766047,1.6500000000000001
34,39.276532720089456,41.13092547922984,36.28559364849044,34.31834356911905,35.89875444669767,37.33340224587383,36.35915481526865,6.12925170068028,13.657414965986407,3.9659863945578255,17.96559059987632,-14.976600781941166,-3.678919784548633,-9.639764300997909,-3.1693241481038217,2.388125772050017,15.42891573986278,-25.20293949419279,-8.857142857142854,11.587012987012978,2.285714285714297,21.55584415584416,5.196874202881258,0.2101053911170324,3.3006324975120336,-2.6058421957608595,3.5557579161103687,-0.42939713279144304,6.574810143736644,2.229645137136689,1.3693816646667751,0.00988882704915187,2.6505726415425997e-28,4.0602442043434304e-14,5.5134900098331165,2.3724323163460252,1.1537414965985902,-0.8051948051947883,2.157004733557445e-14,0.0,1.8617192331478394,-0.6233766233765738,1.7000000000000002
35,39.609015817476184,41.30680889830822,36.34994185751595,34.5930554989611,36.15937991493025,37.5004199466005,36.69108645190279,6.129251700680301,13.71510204081635,3.9659863945578255,18.058676561533705,-15.450750496119706,-3.703245760463611,-9.635234648357327,-3.052754109454248,2.3964151963399236,15.295448967914828,-25.091354668598196,-8.85714285714285,11.546753246753253,2.285714285714297,21.52467532467533,5.210468473055676,0.16021191504983961,3.338681036920729,-2.657891029513861,3.524122412678889,-0.4792304469403811,6.623430154574133,2.227259424335627,1.2973824635343028,0.08101363025901315,-4.567774729886327e-14,4.417621069237666e-29,5.492549715736782,2.3375502018149232,1.1537414965986614,-0.8051948051948188,0.0,0.0,1.8617192331478394,-0.6233766233766348,1.75
36,39.9314886710706,41.48127189299279,36.41095056356044,34.86667819207069,36.420634074381624,37.669298249857285,37.025069024626106,6.129251700680264,13.772789115646267,3.965986394557818,18.151762523191106,-15.910624735032654,-3.7298811753020704,-9.627388241120094,-2.937774440810642,2.4020705325577563,15.159665864515356,-24.98000005583258,-8.857142857142854,11.506493506493507,2.285714285714297,21.493506493506494,5.22304229743227,0.10753015360865323,3.375893087523157,-2.7042176585442936,3.495713924802957,-0.525419225409679,6.664448876357197,2.2226551677567024,1.2305924039139473,0.14734872219280848,2.6505726415425997e-28,4.417621069237666e-29,5.470764981088302,2.305742801695517,1.1537414965986157,-0.8051948051948187,2.157004733557445e-14,0.0,1.861719233147799,-0.6233766233766043,1.8
37,40.24395128087278,41.65447581406135,36.468880223699536,35.139169426420295,36.68246590276196,37.8399953312039,37.36072246898585,6.129251700680264,13.830476190476178,3.9659863945578255,18.24484848484849,-16.35622349868001,-3.7586438022799937,-9.616464564849954,-2.8242314064524314,2.404952366434836,15.021852539900486,-24.868986583084805,-8.857142857142854,11.466233766233763,2.285714285714297,21.46233766233767,5.2345956760111445,0.052060106793395816,3.412268649319483,-2.744822082852135,3.4705324524829,-0.5679634681994641,6.6978663090857555,2.2158323673998943,1.169011485805933,0.20889410285046708,4.56777472988638e-14,4.0602442043434304e-14,5.448135805887884,2.277010115987879,1.1537414965986774,-0.8051948051948141,0.0,0.0,1.8617192331478813,-0.6233766233766048,1.85
38,40.546403646882624,41.82658201229171,36.52399129500879,35.410486979982295,36.944824377781345,38.012469366199994,37.69766672052929,6.129251700680264,13.888163265306137,3.9659863945578255,18.337934446505876,-16.787546787061775,-3.7893514146134253,-9.602703105110736,-2.711971270658987,2.4049212837024343,14.882295104306362,-24.758425177543756,-8.857142857142854,11.425974025974028,2.285714285714297,21.431168831168833,5.24512860879231,-0.0061982253959793066,3.447807722309577,-2.779704302437403,3.4485779957185096,-0.6068631753096386,6.72368245275988,2.20679102326519,1.1126397092099132,0.2656497722319222,-4.567774729886307e-14,-4.060244204343403e-14,5.424662190135639,2.2513521446920848,1.1537414965985904,-0.8051948051947883,-2.1570047335574352e-14,0.0,1.8617192331477888,-0.6233766233766753,1.9000000000000001
39,40.83884576910022,41.997751838461625,36.576544234563876,35.68058863072904,37.207658477149906,38.18667853040526,38.035521714803714,6.12925170068028,13.945850340136047,3.9659863945578255,18.431020408163263,-17.20459460017798,-3.8218217855183965,-9.586343347466256,-2.6008402977097855,2.4018378700918834,14.741279667969103,-24.648426766398327,-8.857142857142854,11.385714285714283,2.285714285714297,21.4,5.254641095775593,-0.06724484295940039,3.482510306493386,-2.8088643173001304,3.4298505545098923,-0.6421183467401762,6.74189730737946,2.1955311353525624,1.0614770741260109,0.3176157303372967,-6.090366306515098e-14,-5.075305255429264e-14,5.400344133831213,2.228768887808017,1.1537414965985648,-0.8051948051948187,1.9248206087392688e-28,0.0,1.8617192331477481,-0.6233766233766349,1.9500000000000002
40,41.12127764752552,42.168146643348905,36.626799499440395,35.94943215663297,37.47091717857776,38.362580999379425,38.37390738735638,6.12925170068028,14.003537414966003,3.9659863945578255,18.52410636982068,-17.607366938028566,-3.855872688210921,-9.56762477748032,-2.4906847518841726,2.3955627113344464,14.599092341124832,-24.53910227683744,-8.857142857142854,11.345454545454547,2.285714285714297,21.368831168831175,5.263133136961217,-0.13107974589684163,3.5163764018709904,-2.832302127440256,3.4143501288570492,-0.67372898249106,6.75251087294474,2.1820527036621233,1.0155235805542469,0.36479197716662554,4.567774729886395e-14,3.597205727807814e-28,5.375181636975029,2.209260345335717,1.153741496598591,-0.8051948051948141,9.781875224740546e-29,0.0,1.86171923314779,-0.6233766233765845,2.0
41,41.3936992821585,42.337927777731316,36.67501754671391,36.216975335666525,37.73454945977498,38.54013494868218,38.71244367373461,6.129251700680264,14.061224489795913,3.965986394557818,18.617192331478048,-17.99586380061355,-3.891321895907007,-9.546786880716736,-2.381350897461592,2.385956393161424,14.45601923400969,-24.430562636049974,-8.857142857142868,11.305194805194802,2.285714285714297,21.337662337662323,5.270604732349031,-0.19770293420837237,3.5494060084425056,-2.850017732857758,3.4020767187599725,-0.7016950825624055,6.755523149455401,2.1663557281937877,0.9747792284945584,0.40717851271973554,4.567774729886395e-14,3.597205727807814e-28,5.349174699566673,2.192826517275233,1.1537414965986816,-0.8051948051948188,0.0,0.0,1.8617192331477985,-0.6233766233766449,2.0500000000000003
42,41.65611067299917,42.50725659238668,36.721458833460055,36.483175945802024,37.99850429845171,38.71929855387319,39.0507505094856,6.12925170068028,14.118911564625847,3.9659863945578255,18.710278293135417,-18.37008518793296,-3.927987181822673,-9.524069142739274,-2.272684998721442,2.3728795013041335,14.312346456859782,-24.3229187712248,-8.857142857142868,11.264935064935067,2.285714285714297,21.306493506493506,5.277055881939086,-0.2671144078940165,3.5815991262075957,-2.862011133552807,3.3930303242185906,-0.7260166469542921,6.750934136911644,2.1484402089475405,0.9392440179470899,0.44477533699665345,4.567774729886395e-14,-4.0602442043434076e-14,5.322323321606382,2.1794674036263664,1.153741496598591,-0.8051948051948243,0.0,0.0,1.8617192331477996,-0.6233766233766657,2.1
43,41.908511820047615,42.676294438092754,36.76638381675443,36.747991765011946,38.26273067231805,38.90002999051213,39.388447830156764,6.12925170068028,14.176598639455774,3.965986394557818,18.803364254792832,-18.73003109998679,-3.9656863191739413,-9.499711049111776,-2.1645333199431414,2.3561926214938618,14.168360119911267,-24.216281609550837,-8.857142857142854,11.224675324675323,2.285714285714297,21.27532467532469,5.282486585731312,-0.33931416695369415,3.6129557551666776,-2.868282329525223,3.387210945232956,-0.7466936756664552,6.738743835313413,2.1283061459233767,0.9089179489116359,0.47758244999754523,4.165185579566942e-28,-4.0602442043434076e-14,5.294627503094162,2.169183004389485,1.1537414965986563,-0.8051948051948137,-2.1570047335574352e-14,0.0,1.8617192331478392,-0.6233766233766043,2.15
44,42.15090272330376,42.84520266562734,36.81005295367263,37.01138057126863,38.52717755908412,39.08228743415878,39.72515557129524,6.12925170068028,14.234285714285717,3.9659863945578255,18.89645021645022,-19.075701536775004,-4.004237081176836,-9.473952085398047,-2.0567421254060996,2.3357563394619056,14.02434633340027,-24.11076207821698,-8.857142857142854,11.184415584415577,2.285714285714297,21.244155844155845,5.286896843725776,-0.4143022113874333,3.643475895319514,-2.8688313207749863,3.3846185818030747,-0.7637261686990241,6.718952244660717,2.105953539121492,0.8838010213883403,0.5055998517223462,4.165185579566942e-28,3.597205727807814e-28,5.266087244030003,2.161973319564273,1.153741496598575,-0.8051948051948188,1.9248206087392688e-28,0.0,1.8617192331477985,-0.6233766233766652,2.2
45,42.38328338276757,43.014142625768216,36.85272670129027,37.27330014254453,38.791793936460024,39.26602906037265,40.060493668448366,6.12925170068028,14.291972789115643,3.9659863945578255,18.989536178107606,-19.407096498297626,-4.043457241047427,-9.447031737161907,-1.949157679389759,2.3114312409395286,13.88059120756288,-24.006471104412118,-8.857142857142868,11.14415584415584,2.285714285714297,21.212987012987,5.2902866559225386,-0.4920785411952186,3.6731595466660427,-2.8636581073022622,3.3852532339289647,-0.7771141260519289,6.691559364953533,2.0813823885416123,0.8638932353771418,0.5288275421709796,4.165185579566942e-28,4.0602442043434436e-14,5.2367025444136805,2.157838349150814,1.153741496598641,-0.8051948051947884,2.1570047335574545e-14,0.0,1.8617192331477883,-0.6233766233765841,2.25
46,42.605653798439135,43.18327566929316,36.89466551668295,37.533708256812,39.056528782155866,39.4512130447136,40.39408205716341,6.12925170068028,14.349659863945577,3.965986394557818,19.082622139765007,-19.724215984554686,-4.083164572001656,-9.419189489967115,-1.8416262461734656,2.2830779116580904,13.737380852635274,-23.903519615325145,-8.857142857142868,11.103896103896098,2.285714285714297,21.181818181818187,5.292656022321395,-0.5726431563770806,3.7020067092064055,-2.8527626891069136,3.3891149016106064,-0.7868575477253726,6.656565196192046,2.0545926941838584,0.8491945908781212,0.547265521343466,6.090366306515206e-14,4.0602442043434436e-14,5.206473404245598,2.156778093149147,1.1537414965986614,-0.8051948051948187,0.0,0.0,1.8617192331478798,-0.6233766233766449,2.3000000000000003
47,42.81801397031838,43.35276314697998,36.936129856926314,37.792562692043475,39.32133107388178,39.637797562741255,40.725540672987634,6.12925170068028,14.407346938775504,3.9659863945578255,19.17570810142241,-20.027059995546146,-4.123176847255579,-9.3906648293775,-1.7339940900366768,2.2505569373488448,13.595001378853587,-23.802018538144917,-8.857142857142854,11.06363636363636,2.285714285714297,21.150649350649342,5.2940049429225695,-0.6559960569330022,3.7300173829405825,-2.836145066189027,3.396203584847999,-0.7929564337192218,6.613969738375887,2.0255844560482106,0.8397050878911977,0.5609137892397849,4.0389678347315804e-28,0.0,5.17539982352541,2.158792551559246,1.153741496598656,-0.805194805194844,2.1570047335574545e-14,0.0,1.8617192331477985,-0.6233766233766956,2.35
48,43.02036389840536,43.522766409606454,36.97738017909591,38.049821226211314,39.58614978934787,39.825740790015296,41.05448945146835,6.129251700680264,14.465034013605438,3.9659863945578255,19.268794063079774,-20.315628531272008,-4.163311840025182,-9.361697240956893,-1.626107475258807,2.2137289037430974,13.453738896453897,-23.70207880006041,-8.857142857142854,11.023376623376626,2.285714285714297,21.11948051948052,5.294333417725859,-0.7421372428630384,3.7571915678683285,-2.813805238548567,3.4065192836410816,-0.795410784033488,6.5637729915052825,1.9943576741346793,0.8354247264163507,0.5697723458600276,4.0389678347315804e-28,-4.0602442043434076e-14,5.143481802253382,2.163881724381097,1.153741496598636,-0.8051948051947881,1.9248206087392688e-28,0.0,1.8617192331477985,-0.6233766233766348,2.4000000000000004
49,43.21270358270009,43.693446807950394,37.0186769402674,38.305441637287984,39.850933906264196,40.01500090209543,41.38054832815282,6.129251700680301,14.522721088435379,3.9659863945578255,19.361880024737175,-20.58992159173228,-4.203387323526553,-9.33252621026906,-1.5178126661192402,2.172454396572155,13.313879515672362,-23.60381132826045,-8.857142857142854,10.98311688311688,2.285714285714297,21.08831168831168,5.293641446731505,-0.8310667141670665,3.7835292639902347,-2.7857432061854523,3.420061997989977,-0.7942205986680327,6.5059749555803315,1.9609123484433044,0.8363535064536618,0.5738411912041841,-4.5677747298863345e-14,3.597205727807814e-28,5.110719340429169,2.172045611614769,1.1537414965986308,-0.8051948051947883,1.9248206087392688e-28,0.0,1.8617192331477985,-0.623376623376574,2.45
50,43.39503302320242,43.86496569278955,37.060280597516346,38.55938170324584,40.11563240234095,40.205536074541335,41.703337238588325,6.12925170068028,14.580408163265304,3.9659863945578255,19.454965986394562,-20.849939176926963,-4.243221070975669,-9.30339122287785,-1.408955926897405,2.126594001567311,13.175709346745107,-23.507327049933963,-8.857142857142854,10.942857142857127,2.285714285714297,21.057142857142846,5.291929029939429,-0.9227844708452249,3.8090304713057104,-2.75195896909983,3.4368317278945417,-0.789385877623039,6.440575630600813,1.925248478974046,0.8424914280031306,0.5731203252721376,6.090366306515111e-14,4.0602442043434436e-14,5.077112438053095,2.1832842132601646,1.153741496598636,-0.8051948051947984,2.1570047335574545e-14,0.0,1.861719233147748,-0.6233766233766145,2.5
51,43.56735221991255,44.03748441490172,37.102451607918354,38.811599202057316,40.380194255288174,40.397304482912695,42.02247611832209,6.12925170068028,14.63809523809524,3.9659863945578255,19.54805194805195,-21.095681286856056,-4.282630855588557,-9.274531764347037,-1.2993835218727154,2.076008304459842,13.039514499908272,-23.41273689226984,-8.857142857142868,10.9025974025974,2.285714285714297,21.025974025974023,5.28919616734963,-1.017290512897391,3.8336951898149594,-2.7124525272916893,3.456828473354939,-0.7809066208984761,6.367575016566968,1.8873660657268123,0.8538384910646558,0.5676097480639439,-5.427363027920561e-28,-4.0602442043434436e-14,5.042661095125017,2.1975975293173393,1.153741496598656,-0.8051948051947628,0.0,0.0,1.861719233147748,-0.623376623376574,2.5500000000000003
52,43.729661172830404,44.21116432506471,37.145450428549054,39.06205191169474,40.64456844281605,40.590264302769235,42.33758490290148,6.129251700680264,14.695782312925164,3.9659863945578255,19.641137909709336,-21.327147921519547,-4.321434450581239,-9.246187320240443,-1.1889417153245896,2.0205578909810553,12.905581085397971,-23.32015178245696,-8.857142857142868,10.862337662337664,2.285714285714297,20.9948051948052,5.285442858961932,-1.1145848403236582,3.8575234195181487,-2.667223880760872,3.4800522343710103,-0.7687828284944391,6.2869731134786235,1.847265108701839,0.8703946956382993,0.5573094595797156,1.0658141036401445e-13,0.0,5.0073653116450245,2.2149855597863115,1.153741496598678,-0.8051948051947944,0.0,0.0,1.8617192331478416,-0.6233766233766154,2.6
53,43.88195988195594,44.38616677405625,37.189537516484044,39.31069761013058,40.908703942634666,40.7843737096706,42.648283527873694,6.129251700680301,14.7534693877551,3.9659863945578255,19.73422387136672,-21.54433908091748,-4.35944962916972,-9.218597376121867,-1.0774767715324076,1.9601033468622615,12.774195213450334,-23.22968264768423,-8.857142857142854,10.822077922077918,2.285714285714297,20.963636363636372,5.280669104776537,-1.2146674531239954,3.880515160414939,-2.6162730295075063,3.5065030109428452,-0.7530145004106281,6.198769921335755,1.8049456078989166,0.892160041724078,0.5422194598192677,-9.466330862652142e-28,0.0,4.971225087612975,2.235448304667029,1.153741496598656,-0.8051948051947628,0.0,0.0,1.8617192331477985,-0.6233766233766043,2.6500000000000004
54,44.02424834728918,44.56265311265421,37.234973328798944,39.55749407533723,41.17254973245415,40.97959087917649,42.954191928786074,6.12925170068028,14.811156462585034,3.9659863945578255,19.82730983302412,-21.74725476504978,-4.396494164570046,-9.192001417555119,-0.9648349547756078,1.8945052578347579,12.645642994301495,-23.141440415140533,-8.857142857142868,10.781818181818194,2.285714285714297,20.93246753246754,5.274874904793306,-1.3175383512984251,3.902670412505548,-2.5595999735315633,3.5361808030703745,-0.7336016366473022,6.1029654401383455,1.7604075633180312,0.9191345293219347,0.5223397487827288,-4.5677747298864683e-14,-4.0602442043434436e-14,4.9342404230289905,2.2589857639594877,1.153741496598636,-0.8051948051947628,0.0,0.0,1.8617192331477985,-0.6233766233766044,2.7
55,44.15652656883013,44.74078469163631,37.282018322569314,39.80239908528707,41.436054789984546,41.175873986846646,43.254930041185865,6.129251700680301,14.868843537414975,3.9659863945578255,19.920395794681518,-21.935894973916522,-4.4323858299982355,-9.166638930103993,-0.8508625293335987,1.8236242096298174,12.520210538187593,-23.055536012014766,-8.857142857142854,10.741558441558448,2.285714285714297,20.901298701298703,5.268060259012453,-1.423197534846859,3.9239891757899708,-2.497204712833069,3.5690856107537363,-0.7105442372044048,5.9995596698866525,1.7136509749593536,0.9513181584319896,0.4976703264700483,-1.3505298697383722e-27,-3.597205727807814e-28,4.896411317892942,2.2855979376637396,1.1537414965986308,-0.8051948051948187,0.0,0.0,1.861719233147758,-0.6233766233765841,2.75
56,44.2787945465788,44.92072286178039,37.330932954870825,40.045370417952526,41.699168092935984,41.37318120824066,43.550117800620335,6.129251700680301,14.926530612244909,3.9659863945578255,20.013481756338905,-22.110259707517667,-4.466942398670273,-9.142749399332317,-0.7354057594857798,1.7473207879787567,12.398183955344734,-22.972080365495827,-8.857142857142854,10.701298701298713,2.285714285714297,20.87012987012987,5.260225167433694,-1.5316450037693685,3.944471450268268,-2.429087247411995,3.605217433992768,-0.6838423020818444,5.888552610580288,1.6646758428227917,0.988710929054162,0.46821119288131163,1.0658141036401406e-13,4.0602442043434076e-14,4.857737772205072,2.315284825779826,1.1537414965986614,-0.8051948051947881,0.0,0.0,1.8617192331478394,-0.6233766233766348,2.8000000000000003
57,44.39105228053516,45.102628973864185,37.381977682779024,40.28636585130599,41.96183861901861,41.57147071891828,43.83937514263675,6.129251700680264,14.984217687074826,3.9659863945578255,20.106567717996292,-22.270348965853216,-4.499981643802225,-9.120572310803896,-0.6183109095115841,1.6654555786128622,12.27984935600906,-22.89118440277265,-8.857142857142868,10.66103896103896,2.285714285714297,20.838961038961035,5.251369630057177,-1.6428807580659404,3.9641172359403027,-2.355247577268324,3.644576272787637,-0.6534958312797994,5.769944262219668,1.6134821669083077,1.0313128411883514,0.43396234801636757,-1.065814103640158e-13,0.0,4.818219785965166,2.3480464283075566,1.1537414965986983,-0.8051948051947891,0.0,0.0,1.8617192331478414,-0.623376623376666,2.85
58,44.49329977069928,45.28666437866553,37.43541296336955,40.525343163319846,42.22401534594253,41.770700694439185,44.12232200278242,6.12925170068028,15.04190476190476,3.9659863945578255,20.199653679653665,-22.41616274892318,-4.531321338610098,-9.10034715008252,-0.4994242436904062,1.5778891672634412,12.165492850416697,-22.812959051034067,-8.857142857142868,10.620779220779214,2.285714285714297,20.807792207792218,5.241105925041131,-1.7565551665689223,3.982517594172633,-2.2759973364644277,3.686566146147213,-0.6198670003557435,5.64396412772729,1.560226802960461,1.0787407563929357,0.3952174754742948,-4.567774729886414e-14,4.0602442043434436e-14,4.777698800991458,2.38358683132883,1.1537414965986512,-0.805194805194844,0.0,0.0,1.8617192331477885,-0.623376623376645,2.9000000000000004
59,44.58553701707106,45.47299042696218,37.49149925371801,40.762260131966514,42.485647251417845,41.97082931036313,44.398578316604585,6.129251700680301,15.099591836734696,3.9659863945578255,20.29273964131108,-22.54770105672754,-4.560779256309885,-9.082313402731984,-0.3785920263016502,1.4844821396617762,12.055400548803773,-22.737515237468983,-8.857142857142854,10.580519480519488,2.285714285714297,20.776623376623377,5.227495443177412,-1.8709200734396485,3.9976278317977725,-2.192894695312119,3.728207149116298,-0.5847666870980915,5.511759721717703,1.5056940297016492,1.1290789824590366,0.3534449932498871,-6.090366306515205e-14,0.0,4.735382026375011,2.420426465251739,1.1537414965985904,-0.8051948051948136,0.0,0.0,1.8617192331477985,-0.6233766233766044,2.95
60,44.667764019650576,45.66176846953192,37.55049701089997,40.99707453521839,42.746683313154676,42.1718147422497,44.667764019650576,6.129251700680264,15.157278911564644,3.9659863945578255,20.385825602968463,-22.66496388926632,-4.588173170117649,-9.066710554316138,-0.25566052162476355,1.385095081539183,11.94985856140642,-22.66496388926632,-8.857142857142854,10.540259740259742,2.285714285714297,20.74545454545454,5.208211853416009,-1.9838776916719507,4.006994317015051,-2.1078094581853226,3.7659233957488008,-0.5503679448529754,5.374708061728036,1.4508249815989107,1.1800286887357045,0.3104070029367584,-6.090366306515205e-14,0.0,4.690318113024918,2.456789846566077,1.1537414965985953,-0.8051948051948441,0.0,0.0,1.8617192331477985,-0.6233766233766044,3.0
61,44.654342092743455,45.852951263805735,37.61253259353647,41.22968865568424,43.00693680621855,42.373472037136914,44.929579373490625,6.129251700680264,15.214965986394562,3.9659863945578255,20.478911564625847,-20.785652970520054,-4.613447614694556,-9.053675301139116,-0.13057956381051694,1.279710949535635,11.849043926538945,-22.59536103410437,-8.857142857142854,10.499999999999998,2.285714285714297,20.714285714285715,5.180928824706925,-2.093330234259537,4.008163418023176,-2.0226114294582276,3.796139000098759,-0.5188438269662955,5.234186165295518,1.396560793119273,1.2292910445723388,0.26786560612887694,4.5677747298863345e-14,0.0,4.641555711850457,2.4909014917618784,1.153741496598641,-0.8051948051947985,-2.1570047335574545e-14,0.0,1.8617192331477985,-0.6233766233766044,3.0500000000000003
62,44.64135313122047,46.04565719382701,37.67719596642998,41.459782794518325,43.26567819509664,42.57504372797587,45.18404594378706,6.12925170068028,15.272653061224482,3.9659863945578255,20.571997526283248,-18.96696498463657,-4.637054170482568,-9.042933182466532,-0.003713266495489904,1.1688021839259404,11.75269739482835,-22.52854310161919,-8.857142857142854,10.459740259740263,2.285714285714297,20.68311688311689,5.1433200260000635,-2.197179914196161,3.998681503021669,-1.9391704135049355,3.8152780762195637,-0.4923673867840687,5.0915710499572295,1.3438425987295954,1.2745672193182969,0.22758290441993898,1.262177448353619e-29,0.0,4.588143473760892,2.520985917328957,1.1537414965986375,-0.8051948051947894,0.0,-5.5828357809722357e-14,1.8617192331478822,-0.6233766233766965,3.1
63,44.628797135081555,46.23879605029247,37.74394299592832,41.68698175751125,43.52204224163159,42.77562921919593,45.43126562222515,6.12925170068028,15.330340136054417,3.9659863945578255,20.665083487940635,-17.20889993161589,-4.659571179368815,-9.034106948304451,0.12447068681234753,1.0529635958935737,11.660450644979871,-22.46429162193621,-8.857142857142854,10.419480519480517,2.285714285714297,20.651948051948057,5.093059126245588,-2.293328944475566,3.9760949402091215,-1.8593562146995317,3.8197647381655426,-0.4731116776524097,4.948239733250605,1.2936115328968099,1.3135583823227286,0.1913209994035826,-6.090366306515164e-14,-4.0602442043434436e-14,4.529130049665285,2.5452676397571286,1.1537414965986308,-0.8051948051948441,0.0,-4.985600920996795e-28,1.8617192331477885,-0.6233766233766145,3.1500000000000004
64,44.61667410432676,46.43127762389875,37.81222954837934,41.91091035045365,43.77516370766603,42.97432791522639,45.67134030049018,6.12925170068028,15.388027210884351,3.965986394557818,20.75816944959802,-15.511457811457982,-4.681576983240428,-9.026819348658789,0.25350461260507356,0.9327899966220241,11.57193535569868,-22.402388125180906,-8.857142857142868,10.37922077922078,2.285714285714297,20.620779220779223,5.027819794393478,-2.3796795380915228,3.9379500977850044,-1.7850386374160867,3.806023099990279,-0.46324975291724696,4.805569232712513,1.2468087300881228,1.3439657029351177,0.16084199267373717,0.0,-4.0602442043434436e-14,4.463564090472929,2.5619711755363657,1.1537414965985497,-0.805194805194844,-2.1570047335574545e-14,-5.5828357809722855e-14,1.8617192331477481,-0.6233766233766348,3.2
65,44.60498403895604,46.62201170534237,37.881511490130954,42.13119337913616,44.02417735504255,43.17023922049677,45.90437187026745,6.12925170068028,15.445714285714283,3.9659863945578255,20.851255411255423,-13.874638624162838,-4.703649923984522,-9.020693133535541,0.3829208273747278,0.8088761972947855,11.48678320568997,-22.34261414147871,-8.857142857142868,10.338961038961038,2.2857142857142776,20.589610389610375,4.945663421235438,-2.454483539205356,3.8822022825819746,-1.71777585196634,3.771073256738596,-0.46459249036696737,4.664707062957598,1.204218469025763,1.3638734889462962,0.137614302225114,0.0,-3.597205727807814e-28,4.390652805274888,2.5696169550748182,1.153741496598641,-0.8051948051947933,-1.9248206087392688e-28,-9.97120184199359e-28,1.8617192331478392,-0.6233766233766044,3.25
66,44.59372693896946,46.80990808532012,37.951244687530966,42.347455649349364,44.2682179456038,43.36246253943632,46.1304622232423,6.12925170068028,15.503401360544217,3.9659863945578255,20.944341372912806,-12.298442369730505,-4.726368343488228,-9.01535105294073,0.512251647613345,0.6818170090953279,11.404625873658937,-22.2847512009551,-8.857142857142868,10.298701298701292,2.285714285714297,20.55844155844156,4.846202284929695,-2.51739131664956,3.808442555966137,-1.6578794924126727,3.714319227419682,-0.4775020655592523,4.525882726908482,1.165997605454275,1.3728986019145035,0.12193161165668132,-4.567774729886375e-14,-4.0602442043434796e-14,4.310237635889168,2.5679090644541733,1.153741496598636,-0.8051948051948187,-2.1570047335574737e-14,-5.5828357809723354e-14,1.8617192331477985,-0.6233766233766348,3.3000000000000003
67,44.582902804366974,46.99387655452852,38.02088500692726,42.559321966883914,44.506420241192394,43.55009727647445,46.349713251099956,6.129251700680264,15.561088435374137,3.965986394557818,21.037427334570175,-10.78286904816093,-4.750310583638686,-9.01041585688033,0.6410293898129646,0.55220724320715,11.32509503831079,-22.228580833735478,-8.857142857142868,10.258441558441547,2.2857142857142776,20.527272727272717,4.729436385476358,-2.5684028704239563,3.7166709179377007,-1.6053495587550075,3.6357610120333197,-0.5019784784940771,4.389096224565394,1.1321461393737624,1.3710410418399035,0.11379392096852076,0.0,-3.597205727807814e-28,4.222318582315983,2.5568475036744465,1.1537414965987185,-0.8051948051947894,-1.9248206087392688e-28,-9.97120184199359e-28,1.8617192331478822,-0.6233766233766357,3.35
68,44.57251163514856,47.172826903664244,38.089888314667675,42.76641713753045,44.73791900365095,43.732242836040605,46.562226845525785,6.129251700680264,15.618775510204086,3.9659863945578255,21.13051329622759,-9.327918659454147,-4.776054986322995,-9.005510295360326,0.7687863704656698,0.42064171081376,11.247822378350726,-22.173884569945354,-8.857142857142854,10.21818181818182,2.285714285714297,20.496103896103904,4.595365722875428,-2.6075182005286464,3.6068873684969347,-1.5601860509934944,3.5353986105795947,-0.5380217291714522,4.254347555928115,1.10266407078418,1.3583008087224506,0.1132012301605048,0.0,4.0602442043434076e-14,4.126895644555129,2.53643227273563,1.1537414965986308,-0.8051948051947884,2.1570047335574352e-14,-5.5828357809722855e-14,1.8617192331478396,-0.6233766233766449,3.4000000000000004
69,44.56255343131426,47.3456689234239,38.15771047710005,42.968365967079535,44.961848994822034,43.907998622564016,46.76810489820503,6.129251700680264,15.676462585034004,3.965986394557818,21.223599257884977,-7.93359120361016,-4.804179893428306,-9.000257118386694,0.895054906063471,0.2877152230985942,11.172439572483915,-22.120443939710192,-8.857142857142868,10.177922077922076,2.2857142857142776,20.46493506493507,4.443990297126864,-2.634737306963571,3.479091907643244,-1.5223889691279875,3.4132320230586233,-0.58563181759138,4.121636720996701,1.0775513996854407,1.3346779025620485,0.12015353923272543,0.0,4.0602442043434076e-14,4.0239688226067045,2.506663371637664,1.153741496598641,-0.8051948051947629,-1.9248206087392688e-28,5.582835780972186e-14,1.8617192331477883,-0.6233766233765738,3.45
70,44.55302819286406,47.51131240450413,38.22380736057229,43.16479326132184,45.17734497654831,44.07646404047412,46.967449300823034,6.12925170068028,15.734149659863968,3.9659863945578255,21.316685219542393,-6.5998866806289325,-4.835263646841741,-8.99427907596547,1.0193673130984031,0.1540225912451899,11.09857829941562,-22.068040473155392,-8.857142857142854,10.137662337662341,2.285714285714297,20.433766233766235,4.275310108230699,-2.650060189728796,3.3332845353772145,-1.4919583131585257,3.269261249470239,-0.6448087437538846,3.9909637197712495,1.0568081260776752,1.3001723233587774,0.1346508481851011,0.0,4.0602442043434076e-14,3.913538116470788,2.4675408003806396,1.153741496598636,-0.8051948051947931,-1.9248206087392688e-28,-5.582835780972186e-14,1.8617192331477885,-0.6233766233766348,3.5
71,44.54393591979795,47.66866713760161,38.2876348314322,43.35532382604794,45.38354171067243,44.23673849420032,47.16036194506502,6.12925170068028,15.791836734693872,3.9659863945578255,21.409771181199766,-5.3268050905105095,-4.869884588450437,-8.987198918102612,1.1412559080625444,0.02015862643699762,11.025870237850956,-22.016455700406443,-8.857142857142854,10.097402597402604,2.2857142857142776,20.402597402597397,4.089325156186811,-2.653486848824197,3.169465251698539,-1.4688940830851491,3.1034862898144606,-0.715552507658962,3.8623285522517987,1.0404342499606396,1.2547840711125549,0.15669315701767772,0.0,4.0602442043434076e-14,3.7956035261471532,2.419064558964531,1.1537414965986765,-0.8051948051947883,-1.9248206087392688e-28,4.985600920996795e-28,1.8617192331478394,-0.6233766233766044,3.5500000000000003
72,44.53527661211596,47.81664291341289,38.34864875602767,43.539582467048504,45.579573959036956,44.387921388171904,47.34694472261629,6.12925170068028,15.849523809523808,3.9659863945578255,21.50285714285715,-4.114346433254837,-4.908621060141505,-8.978639394804087,1.2602530074479104,-0.11328186014246455,10.953947066495175,-21.965471151588805,-8.857142857142854,10.057142857142871,2.285714285714297,20.371428571428574,3.8860354409952675,-2.6450172842500264,2.987634056607101,-1.4531962789077988,2.915907144091374,-0.7978631093065562,3.7357312184380715,1.0284297713346198,1.198513145823444,0.18628046573049084,0.0,0.0,3.670165051636051,2.3612346473892587,1.1537414965986375,-0.8051948051948198,-2.1570047335574545e-14,-5.582835780972136e-14,1.8617192331478012,-0.6233766233766154,3.6
73,44.527050269818055,47.9541495226347,38.40630500070654,43.71719399011414,45.76457648348455,44.52911212681835,47.527299525162235,6.12925170068028,15.90721088435374,3.9659863945578255,21.595943104514532,-2.962510708861976,-4.952051403802088,-8.968223256075945,1.375890927746569,-0.24570405730975098,10.882440464053452,-21.914868356827913,-8.857142857142854,10.016883116883115,2.2857142857142776,20.34025974025974,3.6654409626562354,-2.624651496005955,2.7877909501032754,-1.44486490062649,2.706523812300888,-0.8917405486967307,3.6111717183303162,1.0207946901995713,1.1313595474915616,0.22341277432346868,4.567774729886333e-14,4.0602442043434436e-14,3.5372226929374446,2.294051065654855,1.1537414965986765,-0.8051948051947883,2.1570047335574352e-14,9.97120184199359e-28,1.8617192331477985,-0.6233766233766449,3.6500000000000004
74,44.51925689290425,48.08009675596358,38.46005943181665,43.88778320103542,45.93768404585778,44.65941011456894,47.701528244388086,6.129251700680264,15.964897959183673,3.965986394557818,21.68902906617192,-1.8712979173318807,-5.000753961319322,-8.955573251924143,1.4877019854505509,-0.37651315388131934,10.810982109230988,-21.864428846249254,-8.857142857142854,9.97662337662337,2.2857142857142776,20.309090909090905,3.4275417211695656,-2.5923894840922572,2.5699359321867465,-1.4438999482413497,2.4753362944431125,-0.9971848258294713,3.4886500519283037,1.0175290065554468,1.0533232761167501,0.26809008279669355,-4.165185579566942e-28,0.0,3.3967764500511866,2.21751381376141,1.153741496598585,-0.8051948051948187,-1.9248206087392688e-28,9.97120184199359e-28,1.8617192331477175,-0.6233766233766145,3.7
75,44.51189648137454,48.193394404096225,38.50936791570588,44.05097490560307,46.098031407999294,44.77791475585309,47.86973277197911,6.129251700680264,16.02258503401361,3.965986394557818,21.78211502782932,-0.8407080586645832,-5.0553070745802895,-8.940312132354654,1.5952184970519097,-0.5051143386737482,10.739203680732997,-21.813934149978238,-8.857142857142854,9.936363636363634,2.2857142857142776,20.27792207792209,3.172337716535135,-2.5482312485087633,2.334069002857636,-1.4503014217521475,2.2223445905179466,-1.1141959407046969,3.3681662192324566,1.0186327204021235,0.9644043316989277,0.320312391150134,-4.567774729886375e-14,0.0,3.2488263229774357,2.1316228917088136,1.153741496598636,-0.805194805194844,-1.9248206087392688e-28,5.5828357809722855e-14,1.861719233147748,-0.6233766233766348,3.75
76,44.50496903522893,48.29295225772921,38.5536863187221,44.20639390960764,46.24475333175172,44.88372545510016,48.03201499962064,6.12925170068028,16.08027210884354,3.9659863945578255,21.875200989486707,0.12925886713993492,-5.116289085472162,-8.92206264737348,1.6979727790426704,-0.6309128005034904,10.666736857264643,-21.763165798140342,-8.857142857142854,9.8961038961039,2.2857142857142776,20.246753246753244,2.9007153553923652,-2.492379050886906,2.0811544844388905,-1.4637907591034498,1.9485316335232628,-1.2421227460758972,3.2497202202425095,1.024105831739764,0.8649913863872677,0.37977995690106064,-4.567774729886375e-14,0.0,3.0936750850180763,2.036797125535369,1.1537414965986361,-0.8051948051948795,-1.9248206087392688e-28,-5.582835780972186e-14,1.8617192331478394,-0.6233766233766348,3.8000000000000003
77,44.49847455446745,48.37768010755922,38.59247050721315,44.353665018839756,46.37698457895766,44.97594161673948,48.18847681899794,6.12925170068028,16.137959183673473,3.9659863945578255,21.968286951144094,1.0386028600816692,-5.184278335882056,-8.900447546986626,1.7954971479148971,-0.7533137281871004,10.593213317531147,-21.711905320860986,-8.857142857142854,9.855844155844155,2.285714285714297,20.21558441558442,2.617106670936545,-2.4258441993833255,1.816013988543933,-1.4829751500172113,1.6588120884477435,-1.3777095057095947,3.1333120549582643,1.0339483405683183,0.7570278009266125,0.44499406763632915,-4.567774729886375e-14,0.0,2.9328366026827095,1.9351306454318293,1.1537414965986375,-0.8051948051947893,-1.9248206087392688e-28,5.5828357809722357e-14,1.8617192331478924,-0.6233766233766052,3.85
78,44.492413039090046,48.44648774428289,38.625176347526825,44.492413039090046,46.49385991145973,45.05366264520049,48.33922012179638,6.129251700680264,16.195646258503395,3.9659863945578255,22.061372912801477,1.8873239201606293,-5.259853167697081,-8.875089581200065,1.8873239201606293,-0.8717223105410696,10.518264740237704,-21.6599342482657,-8.857142857142854,9.815584415584409,2.285714285714297,20.184415584415575,2.326830103002393,-2.349840263786206,1.5444334491097127,-1.5061832221597946,1.359083553278018,-1.5170493361258044,3.018941723379976,1.0481602468878148,0.6428456082107714,0.5141562684601306,4.567774729886375e-14,0.0,2.7681275157835596,1.8291364076274927,1.1537414965986321,-0.8051948051947944,2.1570047335574352e-14,5.5828357809722357e-14,1.8617192331478418,-0.6233766233766052,3.9000000000000004
79,44.62236874680483,48.498628985146034,38.651395741263215,44.62236874680483,46.594824333424285,45.116325457725516,48.48434679970117,6.129251700680264,16.25333333333333,3.9659863945578255,22.154458874458893,1.9731320013852898,-5.343364021268069,-8.845716409888716,1.9731320013852898,-0.985614527952882,10.441620300808967,-21.607034110479887,-8.857142857142854,9.775324675324663,2.2857142857142776,20.15324675324675,2.0352040914245784,-2.2655808138834774,1.2721988000725393,-1.5317436031977776,1.0552436260007871,-1.6562353538446721,2.9066092255078053,1.0667415506981908,0.524776841133761,0.5854681044763704,4.567774729886375e-14,0.0,2.6013644641316613,1.7213273683513042,1.1537414965986295,-0.8051948051947873,2.1570047335574352e-14,9.97120184199359e-28,1.8617192331477965,-0.623376623376634,3.95
80,44.74368680105309,48.53473375359141,38.67126473103085,44.74368680105309,46.680563818312336,45.16471702280872,48.623958744397626,6.129251700680264,16.311020408163262,3.9659863945578255,22.247544836116294,2.0531866536477086,-5.434249730800445,-8.81247533240323,2.0531866536477086,-1.094749527093914,10.363399161547429,-21.552986437629002,-8.857142857142854,9.735064935064939,2.285714285714297,20.122077922077928,1.7475470760377376,-2.1742794194633044,1.0050959753691713,-1.557984920797359,0.7531899046027902,-1.7913606753860851,2.796314561341201,1.0896922519994838,0.40515353258929376,0.6571311207891888,-4.567774729886333e-14,0.0,2.434364087539263,1.6142164838325457,1.153741496598641,-0.8051948051948492,0.0,5.5828357809723354e-14,1.861719233147799,-0.6233766233766044,4.0
81,44.85662783155966,48.55577599961089,38.68505539469042,44.85662783155966,46.752074581908616,45.19996182175734,48.75815784757108,6.12925170068028,16.368707482993194,3.9659863945578255,22.340630797773663,2.127899728120173,-5.531721228963353,-8.775618557963098,2.127899728120173,-1.1989572462064908,10.28381798147506,-21.49757275983852,-8.857142857142854,9.694805194805193,2.285714285714297,20.090909090909093,1.4691774966765885,-2.077149650313647,0.7489109089363153,-1.583235802625111,0.4588199870702725,-1.918518417270025,2.688057730880817,1.117012350791516,0.2863077154713013,0.7273468625028555,4.165185579566942e-28,0.0,2.2689430258179746,1.5103167103001576,1.153741496598641,-0.8051948051947628,0.0,9.97120184199359e-28,1.8617192331478394,-0.6233766233766348,4.05
82,44.96145246804915,48.5627296731965,38.6930398101027,44.96145246804915,46.8103528399979,45.22318433587848,48.88704600090684,6.12925170068028,16.42639455782313,3.9659863945578255,22.43371675943105,2.197683075974867,-5.634989448425926,-8.735398295787924,2.197683075974867,-1.2980676235329665,10.203093419613774,-21.44057460723387,-8.857142857142854,9.654545454545458,2.2857142857142776,20.059740259740266,1.2054137931756426,-1.975405076222718,0.509429534710405,-1.605824876347333,0.17803147139011782,-2.0338016960166776,2.5818387341260944,1.1487018470746853,0.1705714226738818,0.7943168747213247,4.567774729886375e-14,0.0,2.10691791877951,1.4121410039833369,1.153741496598673,-0.8051948051947893,0.0,9.97120184199359e-28,1.8617192331478822,-0.6233766233766052,4.1000000000000005
83,45.05842134024638,48.55656872434019,38.69549005512835,45.05842134024638,46.856394808364925,45.23550904647937,49.01072509609006,6.129251700680264,16.484081632653066,3.9659863945578255,22.526802721088437,2.2629485483840615,-5.743265321857292,-8.692066755097263,2.2629485483840615,-1.3919105973156471,10.121442134985568,-21.381773509940523,-8.857142857142854,9.614285714285703,2.285714285714297,20.028571428571432,0.9606879987304194,-1.870057005347202,0.2914734643051984,-1.6243593316861158,-0.08426097744904089,-2.1339547753924717,2.47765757107735,1.1847607408486345,0.05988801494160998,0.8565424450313697,0.0,-4.0602442043434436e-14,1.9498026329335578,1.3217834950728675,1.153741496598673,-0.805194805194774,-2.1570047335574545e-14,9.97120184199359e-28,1.8617192331477097,-0.6233766233766356,4.15
84,45.14779507787605,48.53826710303382,38.692678207628106,45.14779507787605,46.89119670279447,45.238060434867194,49.12929702480623,6.12925170068028,16.541768707482998,3.9659863945578255,22.619888682745838,2.3241079965199525,-5.855759781926565,-8.645876145110627,2.3241079965199525,-1.480316105796877,10.039080786612358,-21.320950998083955,-8.857142857142854,9.574025974025988,2.285714285714297,19.997402597402598,0.7358865199800839,-1.761307699318256,0.09600702004356845,-1.6385606065857947,-0.32707442644936235,-2.218326508150877,2.375514241734684,1.2251890321135435,-0.04535383557639829,0.9137238309505322,0.0,-7.194411455615628e-28,1.797899941582311,1.239663009607265,1.15374149659868,-0.8051948051948025,-3.818086781269697e-28,0.0,1.8617192331477455,-0.6233766233766441,4.2
85,45.22983431066287,48.50879875926943,38.68487634546268,45.22983431066287,46.915754739071204,45.23196298234913,49.24286367874051,6.12925170068028,16.59945578231293,3.9659863945578255,22.712974644403236,2.381573271554797,-5.971683761302917,-8.597078675047602,2.381573271554797,-1.5631140872190203,9.956226033516138,-21.25788860178956,-8.857142857142854,9.533766233766233,2.285714285714297,19.966233766233763,0.53100935692488,-1.649157158136135,-0.07696979807452758,-1.64842870104645,-0.5504088756105064,-2.28691689429188,2.2754087460976598,1.2699867208693487,-0.14515412888002294,0.9658610324784928,-4.567774729886375e-14,-7.194411455615628e-28,1.6512098447253285,1.1657795475861175,1.15374149659868,-0.8051948051948025,-3.818086781269697e-28,0.0,1.8617192331477963,-0.6233766233766441,4.25
86,45.304799668331576,48.46913764303887,38.67235654649278,45.304799668331576,46.93106513297993,45.218341170232335,49.35152694957824,6.129251700680264,16.657142857142865,3.965986394557818,22.80606060606059,2.435756224660793,-6.090248192655434,-8.545926554127737,2.435756224660793,-1.6401344798244022,9.873094534718827,-21.192367851182865,-8.857142857142868,9.493506493506493,2.2857142857142776,19.93506493506493,0.3460565095645264,-1.5336053818006752,-0.22745699004894526,-1.6539636150679844,-0.7542643249329981,-2.3397259338155427,2.177341084166482,1.3191538071160593,-0.23951286496944538,1.0129540496154994,-4.567774729886375e-14,-7.194411455615628e-28,1.5097323423632623,1.1001331090096909,1.1537414965985917,-0.8051948051948197,-3.818086781269697e-28,-9.97120184199359e-28,1.861719233147801,-0.6233766233766154,4.3
87,45.3729517806069,48.420257704334134,38.65539088857911,45.3729517806069,46.938124100305366,45.19831947982397,49.45538872900477,6.129251700680264,16.7148299319728,3.9659863945578255,22.899146567718006,2.487068707010252,-6.210664008653254,-8.492671991570543,2.487068707010252,-1.7112072218553045,9.7899029492424,-21.12417027638926,-8.857142857142854,9.453246753246757,2.285714285714297,19.903896103896102,0.1810279778991184,-1.4146523703119225,-0.35545455587976826,-1.6551653486504558,-0.9386407744166758,-2.3767536267216722,2.0813112559415226,1.37269029085367,-0.328430043844565,1.0550028823615532,4.567774729886375e-14,1.015061051085789e-14,1.3734674344955333,1.0427236938779236,1.1537414965986728,-0.8051948051947486,-3.818086781269697e-28,-9.97120184199359e-28,1.8617192331478418,-0.6233766233766052,4.3500000000000005
88,45.43455127721353,48.36313289314721,38.634251449582415,45.43455127721353,46.937927856832324,45.17302239243126,49.55455090870526,6.129251700680264,16.772517006802733,3.9659863945578255,22.992232529375393,2.5359225697753147,-6.332142141965512,-8.437567196595625,2.5359225697753147,-1.776162251554139,9.706867936108802,-21.053077407534246,-8.857142857142854,9.412987012987012,2.285714285714297,19.872727272727268,0.035923761928578005,-1.292298123669992,-0.46096249556703595,-1.6520339017938126,-1.1035382240611735,-2.397999973010497,1.9873192614222004,1.4305961720822644,-0.4119056655054625,1.0920075307164328,-4.567774729886375e-14,-7.194411455615628e-28,1.2424151211222685,0.9935513021908178,1.1537414965986423,-0.8051948051948503,-3.818086781269697e-28,-9.97120184199359e-28,1.8617192331477908,-0.6233766233765848,4.4
89,45.489858787876294,48.29873715946995,38.60921030736339,45.489858787876294,46.93147261834548,45.14357438936135,49.64911538036511,6.129251700680264,16.830204081632637,3.9659863945578255,23.08531849103278,2.582729664128258,-6.453893525261365,-8.3808643784225,2.582729664128258,-1.8348295071632021,9.62420615433998,-20.97887077474325,-8.857142857142854,9.372727272727271,2.2857142857142776,19.84155844155845,-0.08925613834707358,-1.166542641874688,-0.543980809110848,-1.6445692744981828,-1.248956673867137,-2.403464972681799,1.8953651006088559,1.4928714508016863,-0.4899397299521158,1.1239679946803078,-4.567774729886375e-14,-7.194411455615628e-28,1.1165754022436287,0.9526159339482729,1.1537414965985888,-0.8051948051947773,-2.1570047335574545e-14,-5.5828357809722357e-14,1.8617192331477455,-0.6233766233766036,4.45
90,45.53913494231982,48.22804445329435,38.580539539782755,45.53913494231982,46.91975460062962,45.11109995192145,49.739184035669595,6.12925170068028,16.8878911564626,3.9659863945578255,23.17840445269018,2.6279018412413344,-6.5751290912098765,-8.32281574627072,2.6279018412413344,-1.8870389269248196,9.542134262957909,-20.90133190814174,-8.85714285714285,9.332467532467541,2.285714285714297,19.81038961038962,-0.19451172292769625,-1.0373859249260147,-0.6045094965110254,-1.6327714667634068,-1.3748961238340265,-2.393148625735807,1.8054487735014564,1.5595161270120454,-0.5625322371845285,1.1508842742532956,0.0,4.0602442043433717e-14,0.9959482778594753,0.9199175891505436,1.1537414965986295,-0.8051948051947618,2.1570047335574545e-14,5.5828357809722357e-14,1.8617192331478776,-0.6233766233765833,4.5
91,45.58264037026884,48.15202872461241,38.548511224701194,45.58264037026884,46.90377001946947,45.07672356141873,49.824858766304,6.129251700680264,16.945578231292522,3.9659863945578255,23.271490414347564,2.6718509522867384,-6.6950597724802385,-8.263673509359876,2.6718509522867384,-1.9326204490813739,9.460868920984524,-20.820242337855163,-8.857142857142854,9.29220779220779,2.285714285714297,19.779220779220793,-0.27984299181341044,-0.904827972824278,-0.6425485577676686,-1.6166404785896014,-1.481356573962104,-2.3670509321723943,1.7175702800998411,1.6305302007132907,-0.6296831872024764,1.172756369435107,0.0,-7.105427357601027e-14,0.8805337479699724,0.8954562677972874,1.1537414965985917,-0.8051948051948198,-2.1570047335574163e-14,-5.582835780972136e-14,1.861719233147801,-0.6233766233766356,4.55
92,45.620635701448144,48.07166392341593,38.51339743997944,45.620635701448144,46.88451509064973,45.041569699160334,49.90624146395361,6.129251700680264,17.003265306122437,3.965986394557818,23.364576376004948,2.714988848436693,-6.812896501741548,-8.203689876909493,2.714988848436693,-1.9714040118751617,9.380626787441773,-20.73538359400897,-8.857142857142854,9.25194805194806,2.2857142857142776,19.748051948051952,-0.3452499450042575,-0.7688687855690831,-0.6580979928806947,-1.5961763099767232,-1.5683380242513236,-2.325171891991471,1.6317296204042633,1.7059136719054855,-0.6913925800062419,1.1895842802259702,0.0,0.0,0.7703318125750522,0.879231969888786,1.1537414965986426,-0.8051948051947639,3.818086781269697e-28,9.97120184199359e-28,1.861719233147801,-0.6233766233766356,4.6000000000000005
93,45.65338156558239,47.98792399969696,38.47547026347819,45.65338156558239,46.86298602995524,45.006762846453476,49.983434020303754,6.129251700680264,17.060952380952386,3.9659863945578255,23.45766233766235,2.757727380863484,-6.927850211662967,-8.143117058139083,2.757727380863484,-2.003219553548508,9.301624521351634,-20.64653720672865,-8.857142857142854,9.211688311688325,2.285714285714297,19.716883116883125,-0.3907325825002561,-0.629508363160627,-0.6511578018501438,-1.571378960924696,-1.6358404747016637,-2.2675115051930934,1.5479267944145223,1.785666540588507,-0.7476604155958441,1.2013680066257548,0.0,0.0,0.6653424716744533,0.8712446954249143,1.15374149659867,-0.8051948051948026,3.818086781269697e-28,5.5828357809723354e-14,1.8617192331477455,-0.6233766233766544,4.65
94,45.68113859239639,47.9017829034474,38.43500177305825,45.68113859239639,46.84017905317067,44.97342748460529,50.05653832703971,6.129251700680264,17.118639455782308,3.965986394557818,23.550748299319736,2.800478400739302,-7.039131834913591,-8.082207262268255,2.800478400739302,-2.0278970123438014,9.22407878173604,-20.55348470613961,-8.857142857142879,9.17142857142857,2.2857142857142776,19.68571428571428,-0.4162909043011854,-0.4867467055989932,-0.6217279846759983,-1.5422484314336948,-1.6838639253130718,-2.1940697717774875,1.466161802130766,1.8697888067625175,-0.7984866939711655,1.2081075486344472,-4.567774729886375e-14,-1.0150610510858614e-14,0.5655657252684615,0.8714944444056536,1.1537414965986295,-0.8051948051948077,3.818086781269697e-28,9.97120184199359e-28,1.8617192331477352,-0.623376623376634,4.7
95,45.7041674116148,47.81421458465925,38.39226404658023,45.7041674116148,46.817090376080834,44.942688094923014,50.12565627584675,6.129251700680264,17.176326530612258,3.9659863945578255,23.643834260977123,2.8436537592363895,-7.145952304162527,-8.021212698516536,2.8436537592363895,-2.045266326503318,9.14820622761695,-20.456007622367327,-8.857142857142854,9.131168831168845,2.285714285714297,19.654545454545445,-0.42192491040736907,-0.34058381288393413,-0.5698085413583991,-1.508784721503569,-1.7124083760857267,-2.1048466917443918,1.3864346435528494,1.9582804704274206,-0.8438714151321024,1.2098029062521658,0.0,-4.0602442043434436e-14,0.47100157335719806,0.8799812168310935,1.1537414965986292,-0.8051948051947873,-2.1570047335574163e-14,9.97120184199359e-28,1.8617192331477048,-0.6233766233766644,4.75
96,45.72272865296235,47.72619299332437,38.347529161904845,45.72272865296235,46.79471621447039,44.9156691587138,50.190889758410194,6.129251700680264,17.234013605442172,3.9659863945578255,23.73692022263449,2.8876653075269787,-7.247522552078949,-7.9603855761034845,2.8876653075269787,-2.0551574342694217,9.074223518016336,-20.35388748553727,-8.857142857142854,9.09090909090909,2.285714285714297,19.623376623376622,-0.40763460081840186,-0.19101968501565664,-0.4953994718971651,-1.4709878311343427,-1.7214738270194492,-1.9998422650938805,1.30874531868098,2.0511415315831902,-0.883814579078819,1.2064540794789238,0.0,-4.0602442043434436e-14,0.3816500159404212,0.8967050127012662,1.1537414965986426,-0.8051948051948198,2.1570047335574545e-14,0.0,1.861719233147801,-0.6233766233766457,4.800000000000001
97,46.66539248446088,47.638692079434776,38.30106919689285,45.73708294616378,46.7740527841242,44.89349515728485,50.252340666415364,6.129251700680264,17.291700680272122,3.9659863945578255,23.83000618429189,2.143251692201089,-7.343053511331998,-7.899978104248663,2.9329248967833137,-2.0574002738844674,9.002347311956115,-20.246905825774856,-8.857142857142854,9.050649350649358,2.285714285714297,19.592207792207798,-0.3734199755347489,-0.03805432199417133,-0.39850077629237396,-1.4288577603260944,-1.7110602781141706,-1.8790564918258938,1.233093827514682,2.1483719902299185,-0.9183161858112101,1.1980610683145252,0.0,-4.0602442043434436e-14,0.2975110530180661,0.9216658320159213,1.1537414965986423,-0.8051948051948501,-2.1570047335574545e-14,-5.5828357809722357e-14,1.861719233147801,-0.6233766233766864,4.8500000000000005
98,47.55092517465648,47.5526857929824,38.25315622940496,45.74749092094386,46.75609630082689,44.87729057194329,50.310110891547495,6.129251700680264,17.349387755102043,3.965986394557818,23.923092145949262,1.4439540535616369,-7.431756114590777,-7.840242492171617,2.9798443781776216,-2.0518247835907513,8.932794268458274,-20.134844173205565,-8.857142857142868,9.010389610389614,2.285714285714297,19.56103896103896,-0.31928103455604556,0.11831227618078154,-0.2791124545438656,-1.382394509078723,-1.6811677293700735,-1.7424893719405232,1.159480170054526,2.249971846367534,-0.9473762353294781,1.1846238727591776,0.0,3.0451831532575835e-14,0.21858468459027675,0.9548636747752994,1.1537414965986295,-0.8051948051947871,2.1570047335574163e-14,0.0,1.8617192331477963,-0.6233766233766036,4.9
99,48.379326723549106,47.469148083959126,38.204062337301856,45.75421320702729,46.74184298036329,44.868179883996326,50.364302325491956,6.129251700680264,17.40707482993196,3.9659863945578255,24.016178107606677,0.7897723916085826,-7.512841294524406,-7.78143094909187,3.0288356028821357,-2.0382609016306414,8.865781046544754,-20.017484057954853,-8.857142857142868,8.970129870129874,2.2857142857142776,19.529870129870126,-0.2452177778823937,0.278080109508898,-0.1372345066519232,-1.3315980773923062,-1.6317961807872068,-1.590140905437831,1.0879043463002531,2.3559410999960777,-0.9709947276334456,1.166142492812745,0.0,0.0,0.14487091065707355,0.9962985409793716,1.1537414965986295,-0.8051948051948177,-3.818086781269697e-28,0.0,1.8617192331477965,-0.6233766233765732,4.95
100,49.15059713113884,47.389052902357,38.15405959844427,45.757510434138716,46.732289038518076,44.867287574751145,50.41501685993389,6.129251700680264,17.46476190476191,3.965986394557818,24.10926406926408,0.18070670634195096,-7.58551998380203,-7.723795684229,3.080310422069056,-2.016538566246468,8.801524305237502,-19.894607010148178,-8.857142857142868,8.929870129870128,2.2857142857142776,19.498701298701285,-0.1512302055136318,0.4412491779903429,0.02713306738357315,-1.2764684652668492,-1.5629456323652862,-1.4220110923176643,1.0183663562518839,2.4662797511155703,-0.9891716627230509,1.142616928475314,0.0,0.0,0.07636973121843711,1.045970430628068,1.1537414965986525,-0.8051948051947742,-3.818086781269697e-28,0.0,1.8617192331478822,-0.6233766233766052,5.0
101,49.864736397425595,47.31337419816787,38.10342009069293,45.757643232002984,46.728430691076056,44.875738125514935,50.462356386558795,6.129251700680264,17.52244897959183,3.9659863945578255,24.202350030921465,-0.3832430022382727,-7.649003115092775,-7.667588906802543,3.1346806869106576,-1.9864877156805276,8.740240703558486,-19.765994559910972,-8.857142857142868,8.889610389610395,2.2857142857142776,19.467532467532468,-0.03731831745034641,0.607819481625079,0.21399026756258555,-1.2170056727022436,-1.4746160841046483,-1.2380999325800814,0.9508661999092697,2.5809877997258392,-1.0019070405984323,1.1140471797468936,0.0,0.0,0.013081146274426445,1.103879343721367,1.153741496598551,-0.8051948051947894,-3.818086781269697e-28,0.0,1.8617192331478416,-0.6233766233766153,5.050000000000001
102,50.52174452240941,47.243085921383724,38.052415891908524,45.75487223034477,46.731264153821996,44.89465601759484,50.50642279705184,6.129251700680264,17.58013605442178,3.9659863945578255,24.295435992578852,-0.9020767341320641,-7.702501621065768,-7.613062826032074,3.19235824857917,-1.9479382881752036,8.682146900529641,-19.6314282373687,-8.857142857142854,8.849350649350658,2.285714285714297,19.436363636363645,0.09651788630809072,0.7777910204130344,0.42333709388525476,-1.1532096996986403,-1.3668075360051148,-1.038407426225077,0.8854038772726579,2.7000652458271115,-1.0092008612595706,1.0804332466274231,0.0,4.0602442043434436e-14,-0.044994844175262026,1.1700252802593258,1.1537414965986323,-0.8051948051947944,2.1570047335574163e-14,0.0,1.8617192331479229,-0.6233766233766052,5.1000000000000005
103,51.121621506090264,47.17916202199652,38.00131907995178,45.749458058888806,46.74178564254062,44.92516573229805,50.54731798309835,6.129251700680264,17.6378231292517,3.9659863945578255,24.38852195423625,-1.3757944893394474,-7.745226434390131,-7.560469651137125,3.253754958246802,-1.9007202219728017,8.627459555172939,-19.490689572646822,-8.857142857142854,8.80909090909092,2.285714285714297,19.40519480519481,0.25027840576137306,0.9511637943543563,0.6551735463514554,-1.0850805462559,-1.2395199880666434,-0.8229335732526589,0.8219793883418435,2.8235120894192383,-1.0110531247063834,1.0417751291168271,0.0,4.0602442043434436e-14,-0.09785824013034349,1.2444082402419445,1.15374149659868,-0.805194805194777,-3.818086781269697e-28,5.5828357809722357e-14,1.8617192331477557,-0.6233766233765732,5.15
104,51.66436734846823,47.12257644999815,37.950401732683396,45.74166134735983,46.76099137301658,44.96839175093176,50.58514383638361,6.129251700680264,17.695510204081614,3.9659863945578255,24.481607915893633,-1.8043962678603938,-7.7763884877350264,-7.510061591337251,3.319282667085792,-1.84466345531569,8.57639532651033,-19.343560095870814,-8.857142857142854,8.768831168831182,2.285714285714297,19.374025974025983,0.4239632409097076,1.127937803448983,0.909499624961235,-1.012618212374067,-1.0927534402894605,-0.5916783736628478,0.7605927331173171,2.9513283305023874,-1.0074638309389563,0.9980728272152928,0.0,4.0602442043434436e-14,-0.14550904159069733,1.3270282236692963,1.1537414965986397,-0.8051948051947873,2.1570047335574163e-14,5.5828357809722357e-14,1.861719233147837,-0.6233766233765833,5.2
105,52.14998204954323,47.07430315538061,37.89993592796411,45.73174272548252,46.78987756103472,45.02545855480313,50.620002248592925,6.129251700680264,17.753197278911564,3.9659863945578255,24.574693877551034,-2.187882069694961,-7.795198713769554,-7.462090855852019,3.389353226268385,-1.7795979264461896,8.52917087356375,-19.189821337166077,-8.857142857142854,8.728571428571437,2.285714285714297,19.34285714285715,0.6175723917530516,1.3081130476967906,1.1863153297145097,-0.9358226980532295,-0.9265078926732034,-0.34464182745560573,0.7012439115983283,3.0835139690763342,-0.9984329799571876,0.9493263409226962,0.0,4.0602442043434436e-14,-0.18794724855666806,1.4178852305412322,1.1537414965987236,-0.8051948051947995,0.0,5.5828357809722357e-14,1.861719233147801,-0.6233766233765848,5.25
106,52.5784656093153,47.0353160881358,37.85019374365462,45.71996282298167,46.82944042237977,45.097490625219336,50.6519951114116,6.129251700680264,17.8108843537415,3.9659863945578255,24.667779839208393,-2.5262518948430817,-7.8008680451628365,-7.41680965390098,3.464378486966817,-1.705353573606616,8.486002855355189,-19.029254826658118,-8.857142857142854,8.688311688311702,2.285714285714297,19.311688311688325,0.8311058582909994,1.491689527097913,1.4856206606115019,-0.8546940032933198,-0.7407833452180874,-0.08182393463101535,0.6439329237852988,3.220069005141167,-0.9839605717612755,0.8955356702390568,0.0,-4.0602442043434436e-14,-0.225172861028073,1.5169792608577817,1.1537414965985917,-0.8051948051948147,0.0,0.0,1.8617192331477403,-0.6233766233766762,5.300000000000001
107,52.949818027784424,47.00658919825569,37.801447257615635,45.70658226958197,46.88067617283647,45.18561244348758,50.681224316524954,6.129251700680264,17.868571428571435,3.9659863945578255,24.760865800865822,-2.8195057433047945,-7.792607414584027,-7.374470194703647,3.5447703003533104,-1.6217603350393235,8.447107930906578,-18.86164209447234,-8.857142857142854,8.648051948051952,2.285714285714297,19.28051948051948,1.064563640523916,1.6786672416523245,1.8074156176520288,-0.7692321280942649,-0.5355797979242789,0.19677530481103944,0.5886597696781901,3.3609934386969833,-0.9640466063509994,0.8367008151643958,0.0,0.0,-0.25718587900495266,1.6243103146190503,1.1537414965986323,-0.8051948051948501,0.0,0.0,1.8617192331477503,-0.6233766233766661,5.3500000000000005
108,53.264039304950636,46.98909643573225,37.75396854770791,45.69186169500815,46.944581028189624,45.290948490915014,50.70779175561821,6.129251700680264,17.92625850340138,3.9659863945578255,24.853951762523195,-3.0676436150800943,-7.7696277547022365,-7.335324687479599,3.6309405176000884,-1.5286481489866512,8.412702759239856,-18.686764670734256,-8.857142857142854,8.607792207792215,2.285714285714297,19.249350649350664,1.3179457384519182,1.869046191360058,2.1517002008361232,-0.6794370724561857,-0.3108972507914337,0.49115589087049916,0.5354244492771233,3.5062872697437637,-0.9386910837263771,0.7728217756987188,1.0658141036401351e-13,0.0,-0.2839863024873064,1.739878391824985,1.153741496598731,-0.8051948051947873,4.187126835729102e-14,0.0,1.8617192331477965,-0.623376623376634,5.4
109,53.52112944081385,46.98381175055739,37.70802969179208,45.67606172898495,47.022151204223846,45.414623248808866,50.731799320376695,6.129251700680264,17.983945578231285,3.9659863945578255,24.94703772418056,-3.2706655101689663,-7.731139998186624,-7.2996253414484045,3.723300989879393,-1.4258469536909346,8.38300399937698,-18.50440408556929,-8.857142857142868,8.567532467532473,2.285714285714297,19.218181818181808,1.5912521520748746,2.0628263762211,2.5184744101636793,-0.585308836379049,-0.06673570381965116,0.801317823547361,0.4842269625817752,3.655950498281274,-0.9078940038877176,0.7038985518420622,-1.880644398046892e-27,0.0,-0.30557413147499357,1.863683492475468,1.1537414965986292,-0.8051948051948126,-7.446846945286351e-28,0.0,1.8617192331477965,-0.6233766233766543,5.45
110,53.72108843537416,46.99170909272302,37.66390276772893,45.65944300123707,47.11438291672399,45.55776119847626,50.75334890248572,6.129251700680264,18.04163265306122,3.9659863945578255,25.040123685837962,-3.4285714285714213,-7.676355077706267,-7.267624365829587,3.822263568363469,-1.3131866873944888,8.358228310339946,-18.31434186910288,-8.857142857142854,8.527272727272722,2.285714285714297,19.187012987012977,1.884482881392599,2.2600077962352962,2.9077382456348966,-0.486847419862825,0.19690484299082212,1.1272611028416437,0.43506730959232953,3.809983124309867,-0.871655366834595,0.6299311435942716,-1.880644398046892e-27,-4.0602442043434436e-14,-0.3219493659682373,1.9957256165706676,1.1537414965986323,-0.8051948051948451,-7.446846945286351e-28,0.0,1.861719233147923,-0.6233766233766964,5.5
111,53.72108843537416,47.01376241222115,37.62185985337916,45.64226614148927,47.22227238147475,45.7214868212244,50.7725423936306,6.129251700680301,18.09931972789117,3.96598639455784,25.133209647495363,-3.4285714285714213,-7.604483925930351,-7.239573969842699,3.9282401042245376,-1.1904972883396685,8.338592351150664,-18.116359551460494,-8.857142857142854,8.487012987013006,2.285714285714297,19.15584415584416,2.197637926405372,2.460590451402903,3.3194917072496852,-0.3840528229075147,0.480024389640335,1.4689857287533634,0.38794549030886405,3.968385147829203,-0.8299751725672883,0.5509195509555356,-1.880644398046892e-27,1.0150610510858614e-14,-0.3331120059669756,2.136004764110484,1.1537414965986323,-0.8051948051948045,-7.446846945286351e-28,0.0,1.8617192331477606,-0.6233766233766052,5.550000000000001
112,53.72108843537416,47.050945659043734,37.58217302660341,45.62479177946627,47.34681581426093,45.90692459836042,50.78948168549655,6.129251700680264,18.157006802721085,3.9659863945578255,25.226295609152764,-3.4285714285714213,-7.514737475527977,-7.215726362707297,4.0416424486348,-1.0576086947688037,8.324312780831082,-17.91023866276763,-8.857142857142854,8.446753246753252,2.285714285714297,19.12467532467532,2.5307172871128696,2.664574341723741,3.7537347950080298,-0.2769250455131506,0.7826229361286421,1.8264917012824256,0.3428615047311368,4.131156568839595,-0.78285342108578,0.46686377392566586,-1.880644398046892e-27,4.733165431326071e-30,-0.33906205147110746,2.284520935095043,1.153741496598551,-0.8051948051947841,-7.446846945286351e-28,0.0,1.8617192331477403,-0.623376623376666,5.6000000000000005
113,53.72108843537416,47.10423278318259,37.54511436526251,45.60728054489279,47.48900943086718,46.11519901119155,50.804268669768916,6.129251700680264,18.21469387755102,3.9659863945578255,25.319381570810165,-3.4285714285714213,-7.406326659168261,-7.196333753642985,4.16288245276655,-0.9143508449242629,8.3156062584032,-17.695760733149665,-8.857142857142868,8.406493506493506,2.285714285714297,19.09350649350648,2.8837209635154486,2.8719594671978728,4.210467508909935,-0.16546408767963178,1.104700482455819,2.1997790204289283,0.2998153528594722,4.298297387340824,-0.7302901123898452,0.37776381250485785,-1.880644398046892e-27,4.060244204343444e-14,-0.3397995024806525,2.4412741295241367,1.1537414965986699,-0.8051948051948228,-7.446846945286351e-28,0.0,1.8617192331477965,-0.6233766233766035,5.65
114,53.72108843537416,47.174597734629806,37.510955947217084,45.58999306749353,47.64984944707835,46.34743454102497,50.817005238133056,6.129251700680264,18.272380952380956,3.9659863945578255,25.412467532467538,-3.4285714285714213,-7.27846240952035,-7.181648351869209,4.292371967791979,-0.7605536770483083,8.312689442888948,-17.47270729273212,-8.85714285714285,8.366233766233771,2.285714285714297,19.06233766233767,2.620201784943607,2.5500729920651692,3.801501938431673,-0.09467640471667826,1.0821366476968841,2.043250676199338,0.2382451182622595,3.7552624831510744,-0.6042131864951307,0.28633245359394965,-1.880644398046892e-27,4.733165431326071e-30,-0.2923174232010079,2.1585239052839187,0.9889212827988533,-0.6901669758812478,-7.446846945286351e-28,0.0,1.595759342698078,-0.5343228200370869,5.7
115,53.72108843537416,47.263014463377274,37.47996985032789,45.57318997699326,47.83033207867913,46.60475566916782,50.82779328227411,6.129251700680264,18.330068027210874,3.9659863945578255,25.505553494124904,-3.4285714285714213,-7.1303556592533885,-7.171922366605616,4.4305228448833525,-0.596047129383343,8.315778993310253,-17.2408598716404,-8.857142857142854,8.325974025974041,2.285714285714297,19.03116883116883,2.3119461713700042,2.199531851908545,3.3337144448655485,-0.038573664175873795,1.0191271634165215,1.8379045282681519,0.18340657213402442,3.189598718458554,-0.48409057406723455,0.2061884650599848,-1.065814103640154e-13,4.733165431326071e-30,-0.24324068106443927,1.8557338028237274,0.8241010689989989,-0.5751391465677764,-4.1871268357291766e-14,0.0,1.3297994522483643,-0.4452690166976124,5.75
116,53.72108843537416,47.37045691941693,37.45242815245563,45.55713190311672,48.031453541454255,46.888286876927346,50.83673469387751,6.129251700680264,18.38775510204082,3.9659863945578255,25.59863945578229,-3.4285714285714213,-6.961217341036497,-7.167408007071704,4.577746935212843,-0.42066114017167733,8.325091568689109,-17.0,-8.857142857142854,8.285714285714285,2.285714285714297,18.999999999999996,1.956107791980929,1.8198501559917872,2.803892224476929,0.002225108165789025,0.9128893153519895,1.5814860985470827,0.13500859537418008,2.6006818936217937,-0.37069964042221454,0.13805244467312328,0.0,4.733165431326071e-30,-0.19331393242729114,1.531727104508691,0.6592808551992433,-0.4601113172541913,0.0,0.0,1.0638395617986458,-0.3562152133580652,5.800000000000001
117,53.72108843537416,47.37045691941693,37.45242815245563,45.55713190311672,48.031453541454255,46.888286876927346,50.83673469387751,6.129251700680264,18.38775510204082,3.9659863945578255,25.59863945578229,-3.4285714285714213,-6.961217341036497,-7.167408007071704,4.577746935212843,-0.42066114017167733,8.325091568689109,-17.0,-8.857142857142854,8.285714285714285,2.285714285714297,18.999999999999996,1.5498403159630723,1.4105420135788118,2.20882247353084,0.027100886531167368,0.7606403892409752,1.271740908947893,0.09276006888169606,1.9878878089990386,-0.26481775087680504,0.082644990203661,0.0,4.060244204343444e-14,-0.14328183364591057,1.1853270927036892,0.4944606413994267,-0.3450834879406315,0.0,0.0,0.7978796713489273,-0.2671614100185282,5.8500000000000005
118,53.72108843537416,47.37045691941693,37.45242815245563,45.55713190311672,48.031453541454255,46.888286876927346,50.83673469387751,6.129251700680264,18.38775510204082,3.9659863945578255,25.59863945578229,-3.4285714285714213,-6.961217341036497,-7.167408007071704,4.577746935212843,-0.42066114017167733,8.325091568689109,-17.0,-8.857142857142854,8.285714285714285,2.285714285714297,18.999999999999996,1.0902974125025708,0.971121533933226,1.5452923882925023,0.03543464514331737,0.5595976708203528,0.9064144813824319,0.056369873555581505,1.3505922649489097,-0.16722227074700735,0.04068669942144347,0.0,-1.0150610510858609e-14,-0.09388904107660323,0.8153570497738909,0.32964042759961004,-0.23005565862710223,0.0,0.0,0.53191978089929,-0.17810760667906228,5.9
119,53.72108843537416,47.37045691941693,37.45242815245563,45.55713190311672,48.031453541454255,46.888286876927346,50.83673469387751,6.129251700680264,18.38775510204082,3.9659863945578255,25.59863945578229,-3.4285714285714213,-6.961217341036497,-7.167408007071704,4.577746935212843,-0.42066114017167733,8.325091568689109,-17.0,-8.857142857142854,8.285714285714285,2.285714285714297,18.999999999999996,0.5746327507860696,0.5011028263190377,0.810089165027198,0.026607358225300234,0.30697844582758566,0.4832523377625397,0.025546890295434253,0.6881710618297027,-0.07869056534931003,0.012898170096892179,0.0,0.0,-0.04588021107583715,0.42064025808425154,0.16482021379984416,-0.11502782931358815,0.0,0.0,0.2659598904496731,-0.08905380333952527,5.95
120,53.72108843537416,47.37045691941693,37.45242815245563,45.55713190311672,48.031453541454255,46.888286876927346,50.83673469387751,6.129251700680264,18.38775510204082,3.9659863945578255,25.59863945578229,-3.4285714285714213,-6.961217341036497,-7.167408007071704,4.577746935212843,-0.42066114017167733,8.325091568689109,-17.0,-8.857142857142854,8.285714285714285,2.285714285714297,18.999999999999996,0.0,0.0,0.0,0.0,0.0,0.0,0.0,0.0,0.0,0.0,0.0,0.0,0.0,0.0,0.0,0.0,0.0,0.0,0.0,0.0,6.0
121,53.72108843537416,47.37045691941693,37.45242815245563,45.55713190311672,48.031453541454255,46.888286876927346,50.83673469387751,6.129251700680264,18.38775510204082,3.9659863945578255,25.59863945578229,-3.4285714285714213,-6.961217341036497,-7.167408007071704,4.577746935212843,-0.42066114017167733,8.325091568689109,-17.0,-8.857142857142854,8.285714285714285,2.285714285714297,18.999999999999996,0.0,0.0,0.0,0.0,0.0,0.0,0.0,0.0,0.0,0.0,0.0,0.0,0.0,0.0,0.0,0.0,0.0,0.0,0.0,0.0,6.050000000000001
122,53.72108843537416,47.37045691941693,37.45242815245563,45.55713190311672,48.031453541454255,46.888286876927346,50.83673469387751,6.129251700680264,18.38775510204082,3.9659863945578255,25.59863945578229,-3.4285714285714213,-6.961217341036497,-7.167408007071704,4.577746935212843,-0.42066114017167733,8.325091568689109,-17.0,-8.857142857142854,8.285714285714285,2.285714285714297,18.999999999999996,0.0,0.0,0.0,0.0,0.0,0.0,0.0,0.0,0.0,0.0,0.0,0.0,0.0,0.0,0.0,0.0,0.0,0.0,0.0,0.0,6.1000000000000005
123,53.72108843537416,47.37045691941693,37.45242815245563,45.55713190311672,48.031453541454255,46.888286876927346,50.83673469387751,6.129251700680264,18.38775510204082,3.9659863945578255,25.59863945578229,-3.4285714285714213,-6.961217341036497,-7.167408007071704,4.577746935212843,-0.42066114017167733,8.325091568689109,-17.0,-8.857142857142854,8.285714285714285,2.285714285714297,18.999999999999996,0.0,0.0,0.0,0.0,0.0,0.0,0.0,0.0,0.0,0.0,0.0,0.0,0.0,0.0,0.0,0.0,0.0,0.0,0.0,0.0,6.15
124,53.72108843537416,47.37045691941693,37.45242815245563,45.55713190311672,48.031453541454255,46.888286876927346,50.83673469387751,6.129251700680264,18.38775510204082,3.9659863945578255,25.59863945578229,-3.4285714285714213,-6.961217341036497,-7.167408007071704,4.577746935212843,-0.42066114017167733,8.325091568689109,-17.0,-8.857142857142854,8.285714285714285,2.285714285714297,18.999999999999996,0.0,0.0,0.0,0.0,0.0,0.0,0.0,0.0,0.0,0.0,0.0,0.0,0.0,0.0,0.0,0.0,0.0,0.0,0.0,0.0,6.2
